timestamp_utc,temperature_c,humidity_pct,solar_irradiance_wpm2
2025-05-24T00:00Z,16.6,73.0,0.0
2025-05-24T01:00Z,16.8,71.0,0.0
2025-05-24T02:00Z,16.8,71.0,0.0
2025-05-24T03:00Z,16.9,71.0,0.0
2025-05-24T04:00Z,16.5,73.0,0.0
2025-05-24T05:00Z,16.7,73.0,18.0
2025-05-24T06:00Z,17.7,67.0,94.0
2025-05-24T07:00Z,18.6,63.0,161.0
2025-05-24T08:00Z,20.8,53.0,393.0
2025-05-24T09:00Z,22.2,45.0,531.0
2025-05-24T10:00Z,22.5,44.0,499.0
2025-05-24T11:00Z,23.0,43.0,439.0
2025-05-24T12:00Z,23.4,40.0,441.0
2025-05-24T13:00Z,22.5,48.0,491.0
2025-05-24T14:00Z,21.4,53.0,429.0
2025-05-24T15:00Z,20.2,59.0,315.0
2025-05-24T16:00Z,19.8,65.0,147.0
2025-05-24T17:00Z,19.7,64.0,105.0
2025-05-24T18:00Z,17.8,78.0,59.0
2025-05-24T19:00Z,17.9,76.0,4.0
2025-05-24T20:00Z,18.0,72.0,0.0
2025-05-24T21:00Z,17.4,72.0,0.0
2025-05-24T22:00Z,17.0,75.0,0.0
2025-05-24T23:00Z,16.7,76.0,0.0
2025-05-25T00:00Z,16.5,76.0,0.0
2025-05-25T01:00Z,16.6,76.0,0.0
2025-05-25T02:00Z,16.5,82.0,0.0
2025-05-25T03:00Z,16.5,85.0,0.0
2025-05-25T04:00Z,16.5,85.0,0.0
2025-05-25T05:00Z,16.8,84.0,26.0
2025-05-25T06:00Z,18.0,78.0,135.0
2025-05-25T07:00Z,19.6,68.0,315.0
2025-05-25T08:00Z,20.8,62.0,459.0
2025-05-25T09:00Z,21.9,57.0,637.0
2025-05-25T10:00Z,22.6,51.0,736.0
2025-05-25T11:00Z,23.8,41.0,818.0
2025-05-25T12:00Z,24.5,38.0,874.0
2025-05-25T13:00Z,24.9,38.0,879.0
2025-05-25T14:00Z,24.7,38.0,774.0
2025-05-25T15:00Z,24.0,41.0,647.0
2025-05-25T16:00Z,23.1,45.0,460.0
2025-05-25T17:00Z,22.0,51.0,237.0
2025-05-25T18:00Z,20.6,59.0,94.0
2025-05-25T19:00Z,19.6,64.0,5.0
2025-05-25T20:00Z,18.7,72.0,0.0
2025-05-25T21:00Z,18.0,77.0,0.0
2025-05-25T22:00Z,17.5,80.0,0.0
2025-05-25T23:00Z,17.0,84.0,0.0
2025-05-26T00:00Z,16.4,88.0,0.0
2025-05-26T01:00Z,15.9,89.0,0.0
2025-05-26T02:00Z,15.4,90.0,0.0
2025-05-26T03:00Z,15.0,90.0,0.0
2025-05-26T04:00Z,14.5,90.0,0.0
2025-05-26T05:00Z,14.8,87.0,31.0
2025-05-26T06:00Z,16.4,78.0,169.0
2025-05-26T07:00Z,19.2,63.0,356.0
2025-05-26T08:00Z,21.9,47.0,547.0
2025-05-26T09:00Z,24.0,38.0,716.0
2025-05-26T10:00Z,25.8,32.0,844.0
2025-05-26T11:00Z,27.4,26.0,918.0
2025-05-26T12:00Z,28.1,24.0,935.0
2025-05-26T13:00Z,28.2,24.0,892.0
2025-05-26T14:00Z,28.4,23.0,792.0
2025-05-26T15:00Z,28.1,24.0,645.0
2025-05-26T16:00Z,26.7,31.0,464.0
2025-05-26T17:00Z,25.0,39.0,269.0
2025-05-26T18:00Z,23.7,46.0,97.0
2025-05-26T19:00Z,22.1,54.0,6.0
2025-05-26T20:00Z,21.0,61.0,0.0
2025-05-26T21:00Z,20.1,67.0,0.0
2025-05-26T22:00Z,19.5,75.0,0.0
2025-05-26T23:00Z,19.1,65.0,0.0
2025-05-27T00:00Z,18.9,53.0,0.0
2025-05-27T01:00Z,17.9,53.0,0.0
2025-05-27T02:00Z,17.0,56.0,0.0
2025-05-27T03:00Z,16.1,61.0,0.0
2025-05-27T04:00Z,15.4,66.0,0.0
2025-05-27T05:00Z,15.8,66.0,32.0
2025-05-27T06:00Z,17.8,59.0,170.0
2025-05-27T07:00Z,20.9,49.0,358.0
2025-05-27T08:00Z,23.6,43.0,548.0
2025-05-27T09:00Z,26.0,36.0,715.0
2025-05-27T10:00Z,27.4,33.0,839.0
2025-05-27T11:00Z,28.5,31.0,900.0
2025-05-27T12:00Z,29.0,29.0,866.0
2025-05-27T13:00Z,29.6,29.0,874.0
2025-05-27T14:00Z,29.9,28.0,789.0
2025-05-27T15:00Z,29.1,29.0,643.0
2025-05-27T16:00Z,28.0,31.0,464.0
2025-05-27T17:00Z,26.0,35.0,271.0
2025-05-27T18:00Z,23.9,42.0,99.0
2025-05-27T19:00Z,22.0,49.0,6.0
2025-05-27T20:00Z,21.0,55.0,0.0
2025-05-27T21:00Z,20.2,59.0,0.0
2025-05-27T22:00Z,19.8,62.0,0.0
2025-05-27T23:00Z,19.2,63.0,0.0
2025-05-28T00:00Z,18.7,64.0,0.0
2025-05-28T01:00Z,18.3,64.0,0.0
2025-05-28T02:00Z,17.9,66.0,0.0
2025-05-28T03:00Z,17.5,70.0,0.0
2025-05-28T04:00Z,17.0,78.0,0.0
2025-05-28T05:00Z,17.4,82.0,33.0
2025-05-28T06:00Z,18.9,77.0,173.0
2025-05-28T07:00Z,20.9,65.0,360.0
2025-05-28T08:00Z,23.0,48.0,554.0
2025-05-28T09:00Z,24.6,42.0,720.0
2025-05-28T10:00Z,25.6,41.0,841.0
2025-05-28T11:00Z,26.4,41.0,905.0
2025-05-28T12:00Z,27.0,40.0,924.0
2025-05-28T13:00Z,27.1,41.0,866.0
2025-05-28T14:00Z,26.9,41.0,768.0
2025-05-28T15:00Z,26.2,43.0,636.0
2025-05-28T16:00Z,25.3,45.0,462.0
2025-05-28T17:00Z,24.1,48.0,271.0
2025-05-28T18:00Z,22.8,54.0,100.0
2025-05-28T19:00Z,21.5,62.0,7.0
2025-05-28T20:00Z,20.5,67.0,0.0
2025-05-28T21:00Z,19.8,70.0,0.0
2025-05-28T22:00Z,19.3,71.0,0.0
2025-05-28T23:00Z,18.9,72.0,0.0
2025-05-29T00:00Z,18.5,73.0,0.0
2025-05-29T01:00Z,18.1,72.0,0.0
2025-05-29T02:00Z,18.0,71.0,0.0
2025-05-29T03:00Z,18.0,70.0,0.0
2025-05-29T04:00Z,18.1,67.0,0.0
2025-05-29T05:00Z,18.7,64.0,34.0
2025-05-29T06:00Z,20.1,57.0,174.0
2025-05-29T07:00Z,22.3,48.0,364.0
2025-05-29T08:00Z,24.5,42.0,554.0
2025-05-29T09:00Z,26.5,36.0,718.0
2025-05-29T10:00Z,27.9,34.0,838.0
2025-05-29T11:00Z,28.5,36.0,913.0
2025-05-29T12:00Z,28.8,37.0,928.0
2025-05-29T13:00Z,29.2,38.0,882.0
2025-05-29T14:00Z,29.0,38.0,784.0
2025-05-29T15:00Z,28.0,41.0,640.0
2025-05-29T16:00Z,26.2,49.0,463.0
2025-05-29T17:00Z,24.5,55.0,272.0
2025-05-29T18:00Z,22.9,63.0,101.0
2025-05-29T19:00Z,21.7,68.0,7.0
2025-05-29T20:00Z,21.0,72.0,0.0
2025-05-29T21:00Z,20.5,75.0,0.0
2025-05-29T22:00Z,20.1,77.0,0.0
2025-05-29T23:00Z,19.7,79.0,0.0
2025-05-30T00:00Z,19.3,81.0,0.0
2025-05-30T01:00Z,19.1,81.0,0.0
2025-05-30T02:00Z,18.9,83.0,0.0
2025-05-30T03:00Z,18.5,85.0,0.0
2025-05-30T04:00Z,18.1,87.0,0.0
2025-05-30T05:00Z,18.5,86.0,34.0
2025-05-30T06:00Z,19.9,79.0,172.0
2025-05-30T07:00Z,21.9,69.0,358.0
2025-05-30T08:00Z,24.0,58.0,544.0
2025-05-30T09:00Z,25.8,50.0,706.0
2025-05-30T10:00Z,27.0,46.0,833.0
2025-05-30T11:00Z,27.1,48.0,910.0
2025-05-30T12:00Z,26.9,46.0,928.0
2025-05-30T13:00Z,26.9,49.0,884.0
2025-05-30T14:00Z,26.9,48.0,788.0
2025-05-30T15:00Z,26.5,48.0,644.0
2025-05-30T16:00Z,25.4,52.0,467.0
2025-05-30T17:00Z,24.1,56.0,275.0
2025-05-30T18:00Z,22.9,62.0,102.0
2025-05-30T19:00Z,21.8,71.0,7.0
2025-05-30T20:00Z,21.1,76.0,0.0
2025-05-30T21:00Z,20.5,81.0,0.0
2025-05-30T22:00Z,19.9,86.0,0.0
2025-05-30T23:00Z,19.4,89.0,0.0
2025-05-31T00:00Z,18.9,92.0,0.0
2025-05-31T01:00Z,17.7,95.0,0.0
2025-05-31T02:00Z,17.2,97.0,0.0
2025-05-31T03:00Z,16.9,97.0,0.0
2025-05-31T04:00Z,16.5,98.0,0.0
2025-05-31T05:00Z,16.9,94.0,33.0
2025-05-31T06:00Z,18.9,82.0,169.0
2025-05-31T07:00Z,21.9,65.0,358.0
2025-05-31T08:00Z,24.9,46.0,551.0
2025-05-31T09:00Z,27.4,34.0,719.0
2025-05-31T10:00Z,29.2,30.0,846.0
2025-05-31T11:00Z,30.3,28.0,920.0
2025-05-31T12:00Z,30.3,30.0,937.0
2025-05-31T13:00Z,30.0,33.0,894.0
2025-05-31T14:00Z,29.3,36.0,796.0
2025-05-31T15:00Z,28.0,38.0,650.0
2025-05-31T16:00Z,26.8,40.0,471.0
2025-05-31T17:00Z,25.1,47.0,279.0
2025-05-31T18:00Z,23.7,53.0,105.0
2025-05-31T19:00Z,22.5,58.0,8.0
2025-05-31T20:00Z,21.8,64.0,0.0
2025-05-31T21:00Z,21.0,71.0,0.0
2025-05-31T22:00Z,20.5,76.0,0.0
2025-05-31T23:00Z,19.9,80.0,0.0
2025-06-01T00:00Z,19.2,85.0,0.0
2025-06-01T01:00Z,18.0,91.0,0.0
2025-06-01T02:00Z,17.1,96.0,0.0
2025-06-01T03:00Z,16.6,96.0,0.0
2025-06-01T04:00Z,16.0,97.0,0.0
2025-06-01T05:00Z,16.5,92.0,35.0
2025-06-01T06:00Z,19.1,75.0,175.0
2025-06-01T07:00Z,22.1,58.0,364.0
2025-06-01T08:00Z,24.6,44.0,555.0
2025-06-01T09:00Z,26.8,34.0,724.0
2025-06-01T10:00Z,28.4,29.0,852.0
2025-06-01T11:00Z,29.3,29.0,928.0
2025-06-01T12:00Z,30.0,29.0,945.0
2025-06-01T13:00Z,30.2,31.0,890.0
2025-06-01T14:00Z,30.1,31.0,794.0
2025-06-01T15:00Z,29.9,31.0,652.0
2025-06-01T16:00Z,29.2,34.0,475.0
2025-06-01T17:00Z,28.4,37.0,282.0
2025-06-01T18:00Z,27.1,40.0,107.0
2025-06-01T19:00Z,25.4,48.0,8.0
2025-06-01T20:00Z,23.5,57.0,0.0
2025-06-01T21:00Z,21.9,66.0,0.0
2025-06-01T22:00Z,20.9,71.0,0.0
2025-06-01T23:00Z,20.2,73.0,0.0
2025-06-02T00:00Z,19.8,76.0,0.0
2025-06-02T01:00Z,19.5,76.0,0.0
2025-06-02T02:00Z,19.2,75.0,0.0
2025-06-02T03:00Z,18.9,71.0,0.0
2025-06-02T04:00Z,18.4,65.0,0.0
2025-06-02T05:00Z,19.1,56.0,37.0
2025-06-02T06:00Z,21.0,47.0,181.0
2025-06-02T07:00Z,23.9,35.0,374.0
2025-06-02T08:00Z,26.4,28.0,569.0
2025-06-02T09:00Z,28.1,25.0,740.0
2025-06-02T10:00Z,29.6,23.0,870.0
2025-06-02T11:00Z,30.6,23.0,945.0
2025-06-02T12:00Z,31.0,24.0,960.0
2025-06-02T13:00Z,31.2,26.0,915.0
2025-06-02T14:00Z,30.5,29.0,813.0
2025-06-02T15:00Z,29.5,31.0,663.0
2025-06-02T16:00Z,28.1,30.0,484.0
2025-06-02T17:00Z,26.2,32.0,289.0
2025-06-02T18:00Z,24.2,38.0,111.0
2025-06-02T19:00Z,22.4,50.0,9.0
2025-06-02T20:00Z,21.2,61.0,0.0
2025-06-02T21:00Z,20.5,70.0,0.0
2025-06-02T22:00Z,20.0,78.0,0.0
2025-06-02T23:00Z,19.6,79.0,0.0
2025-06-03T00:00Z,19.4,78.0,0.0
2025-06-03T01:00Z,18.6,77.0,0.0
2025-06-03T02:00Z,18.2,77.0,0.0
2025-06-03T03:00Z,17.9,79.0,0.0
2025-06-03T04:00Z,17.6,79.0,0.0
2025-06-03T05:00Z,18.4,76.0,37.0
2025-06-03T06:00Z,19.9,72.0,178.0
2025-06-03T07:00Z,22.0,63.0,366.0
2025-06-03T08:00Z,25.0,49.0,558.0
2025-06-03T09:00Z,28.0,39.0,728.0
2025-06-03T10:00Z,30.1,34.0,854.0
2025-06-03T11:00Z,31.6,32.0,928.0
2025-06-03T12:00Z,31.9,35.0,941.0
2025-06-03T13:00Z,31.1,40.0,892.0
2025-06-03T14:00Z,30.6,42.0,791.0
2025-06-03T15:00Z,30.4,42.0,646.0
2025-06-03T16:00Z,29.6,43.0,470.0
2025-06-03T17:00Z,27.5,49.0,279.0
2025-06-03T18:00Z,25.1,57.0,107.0
2025-06-03T19:00Z,23.6,64.0,9.0
2025-06-03T20:00Z,22.9,67.0,0.0
2025-06-03T21:00Z,22.5,68.0,0.0
2025-06-03T22:00Z,22.2,69.0,0.0
2025-06-03T23:00Z,22.0,72.0,0.0
2025-06-04T00:00Z,21.5,74.0,0.0
2025-06-04T01:00Z,20.6,81.0,0.0
2025-06-04T02:00Z,20.3,83.0,0.0
2025-06-04T03:00Z,19.9,86.0,0.0
2025-06-04T04:00Z,19.4,90.0,0.0
2025-06-04T05:00Z,19.9,89.0,36.0
2025-06-04T06:00Z,21.3,81.0,177.0
2025-06-04T07:00Z,23.6,70.0,363.0
2025-06-04T08:00Z,26.5,59.0,552.0
2025-06-04T09:00Z,29.4,47.0,717.0
2025-06-04T10:00Z,31.9,37.0,844.0
2025-06-04T11:00Z,33.7,31.0,919.0
2025-06-04T12:00Z,34.9,26.0,936.0
2025-06-04T13:00Z,35.4,27.0,882.0
2025-06-04T14:00Z,34.8,28.0,755.0
2025-06-04T15:00Z,33.8,30.0,593.0
2025-06-04T16:00Z,32.5,32.0,430.0
2025-06-04T17:00Z,31.0,37.0,263.0
2025-06-04T18:00Z,29.0,46.0,100.0
2025-06-04T19:00Z,27.2,54.0,9.0
2025-06-04T20:00Z,25.5,61.0,0.0
2025-06-04T21:00Z,24.5,65.0,0.0
2025-06-04T22:00Z,24.0,68.0,0.0
2025-06-04T23:00Z,23.2,71.0,0.0
2025-06-05T00:00Z,22.4,75.0,0.0
2025-06-05T01:00Z,22.2,79.0,0.0
2025-06-05T02:00Z,21.4,82.0,0.0
2025-06-05T03:00Z,20.8,85.0,0.0
2025-06-05T04:00Z,20.3,89.0,0.0
2025-06-05T05:00Z,20.6,87.0,36.0
2025-06-05T06:00Z,22.6,74.0,176.0
2025-06-05T07:00Z,25.5,59.0,362.0
2025-06-05T08:00Z,28.5,46.0,549.0
2025-06-05T09:00Z,31.1,36.0,714.0
2025-06-05T10:00Z,32.8,32.0,839.0
2025-06-05T11:00Z,32.9,33.0,913.0
2025-06-05T12:00Z,31.6,36.0,929.0
2025-06-05T13:00Z,33.3,30.0,881.0
2025-06-05T14:00Z,32.5,34.0,752.0
2025-06-05T15:00Z,30.8,44.0,478.0
2025-06-05T16:00Z,30.2,47.0,460.0
2025-06-05T17:00Z,29.6,50.0,240.0
2025-06-05T18:00Z,29.4,51.0,92.0
2025-06-05T19:00Z,28.3,49.0,9.0
2025-06-05T20:00Z,27.4,50.0,0.0
2025-06-05T21:00Z,26.1,60.0,0.0
2025-06-05T22:00Z,25.2,66.0,0.0
2025-06-05T23:00Z,24.2,63.0,0.0
2025-06-06T00:00Z,23.3,65.0,0.0
2025-06-06T01:00Z,21.4,73.0,0.0
2025-06-06T02:00Z,20.9,78.0,0.0
2025-06-06T03:00Z,20.5,81.0,0.0
2025-06-06T04:00Z,20.0,84.0,0.0
2025-06-06T05:00Z,20.5,81.0,37.0
2025-06-06T06:00Z,22.4,70.0,177.0
2025-06-06T07:00Z,25.5,54.0,364.0
2025-06-06T08:00Z,28.9,39.0,554.0
2025-06-06T09:00Z,31.6,31.0,721.0
2025-06-06T10:00Z,33.8,29.0,848.0
2025-06-06T11:00Z,35.5,24.0,923.0
2025-06-06T12:00Z,36.6,21.0,940.0
2025-06-06T13:00Z,36.3,19.0,906.0
2025-06-06T14:00Z,36.0,19.0,806.0
2025-06-06T15:00Z,35.5,19.0,659.0
2025-06-06T16:00Z,34.1,21.0,476.0
2025-06-06T17:00Z,31.8,26.0,282.0
2025-06-06T18:00Z,29.8,30.0,110.0
2025-06-06T19:00Z,28.1,34.0,10.0
2025-06-06T20:00Z,27.2,37.0,0.0
2025-06-06T21:00Z,26.6,39.0,0.0
2025-06-06T22:00Z,26.1,42.0,0.0
2025-06-06T23:00Z,25.6,44.0,0.0
2025-06-07T00:00Z,25.3,43.0,0.0
2025-06-07T01:00Z,24.2,47.0,0.0
2025-06-07T02:00Z,24.0,45.0,0.0
2025-06-07T03:00Z,23.6,45.0,0.0
2025-06-07T04:00Z,23.4,45.0,0.0
2025-06-07T05:00Z,24.0,43.0,38.0
2025-06-07T06:00Z,26.1,39.0,180.0
2025-06-07T07:00Z,29.4,30.0,369.0
2025-06-07T08:00Z,32.8,24.0,559.0
2025-06-07T09:00Z,35.5,19.0,725.0
2025-06-07T10:00Z,37.3,16.0,851.0
2025-06-07T11:00Z,38.7,14.0,926.0
2025-06-07T12:00Z,39.9,12.0,944.0
2025-06-07T13:00Z,40.8,11.0,902.0
2025-06-07T14:00Z,40.8,11.0,796.0
2025-06-07T15:00Z,39.3,12.0,494.0
2025-06-07T16:00Z,36.0,21.0,305.0
2025-06-07T17:00Z,34.0,23.0,274.0
2025-06-07T18:00Z,31.8,26.0,111.0
2025-06-07T19:00Z,29.9,31.0,10.0
2025-06-07T20:00Z,29.0,34.0,0.0
2025-06-07T21:00Z,28.3,45.0,0.0
2025-06-07T22:00Z,27.8,40.0,0.0
2025-06-07T23:00Z,27.3,39.0,0.0
2025-06-08T00:00Z,26.4,43.0,0.0
2025-06-08T01:00Z,24.1,62.0,0.0
2025-06-08T02:00Z,23.2,68.0,0.0
2025-06-08T03:00Z,22.5,77.0,0.0
2025-06-08T04:00Z,22.0,86.0,0.0
2025-06-08T05:00Z,22.2,87.0,37.0
2025-06-08T06:00Z,23.8,80.0,176.0
2025-06-08T07:00Z,26.2,65.0,360.0
2025-06-08T08:00Z,28.5,54.0,547.0
2025-06-08T09:00Z,30.3,47.0,711.0
2025-06-08T10:00Z,32.0,42.0,837.0
2025-06-08T11:00Z,33.0,38.0,912.0
2025-06-08T12:00Z,32.8,37.0,929.0
2025-06-08T13:00Z,32.0,38.0,893.0
2025-06-08T14:00Z,31.9,38.0,785.0
2025-06-08T15:00Z,31.5,38.0,627.0
2025-06-08T16:00Z,30.4,41.0,475.0
2025-06-08T17:00Z,28.9,48.0,291.0
2025-06-08T18:00Z,27.5,54.0,116.0
2025-06-08T19:00Z,26.2,60.0,11.0
2025-06-08T20:00Z,25.4,65.0,0.0
2025-06-08T21:00Z,25.0,73.0,0.0
2025-06-08T22:00Z,24.4,73.0,0.0
2025-06-08T23:00Z,23.8,74.0,0.0
2025-06-09T00:00Z,23.1,76.0,0.0
2025-06-09T01:00Z,22.0,80.0,0.0
2025-06-09T02:00Z,21.4,82.0,0.0
2025-06-09T03:00Z,20.8,83.0,0.0
2025-06-09T04:00Z,20.2,82.0,0.0
2025-06-09T05:00Z,21.1,73.0,38.0
2025-06-09T06:00Z,23.3,61.0,180.0
2025-06-09T07:00Z,26.2,45.0,368.0
2025-06-09T08:00Z,28.9,37.0,557.0
2025-06-09T09:00Z,31.4,32.0,724.0
2025-06-09T10:00Z,33.4,28.0,850.0
2025-06-09T11:00Z,34.7,26.0,924.0
2025-06-09T12:00Z,35.0,27.0,940.0
2025-06-09T13:00Z,34.6,31.0,897.0
2025-06-09T14:00Z,34.2,30.0,798.0
2025-06-09T15:00Z,33.0,32.0,654.0
2025-06-09T16:00Z,31.7,34.0,478.0
2025-06-09T17:00Z,30.1,38.0,288.0
2025-06-09T18:00Z,28.3,43.0,115.0
2025-06-09T19:00Z,26.9,46.0,11.0
2025-06-09T20:00Z,25.8,46.0,0.0
2025-06-09T21:00Z,24.9,49.0,0.0
2025-06-09T22:00Z,24.0,54.0,0.0
2025-06-09T23:00Z,23.1,58.0,0.0
2025-06-10T00:00Z,22.7,58.0,0.0
2025-06-10T01:00Z,22.1,55.0,0.0
2025-06-10T02:00Z,21.6,55.0,0.0
2025-06-10T03:00Z,21.0,55.0,0.0
2025-06-10T04:00Z,20.4,57.0,0.0
2025-06-10T05:00Z,20.8,57.0,38.0
2025-06-10T06:00Z,22.3,52.0,182.0
2025-06-10T07:00Z,24.3,52.0,373.0
2025-06-10T08:00Z,26.9,44.0,567.0
2025-06-10T09:00Z,29.5,32.0,736.0
2025-06-10T10:00Z,31.8,23.0,865.0
2025-06-10T11:00Z,33.3,18.0,942.0
2025-06-10T12:00Z,33.5,18.0,961.0
2025-06-10T13:00Z,33.8,18.0,919.0
2025-06-10T14:00Z,33.2,22.0,821.0
2025-06-10T15:00Z,31.5,33.0,675.0
2025-06-10T16:00Z,30.1,35.0,492.0
2025-06-10T17:00Z,28.2,39.0,299.0
2025-06-10T18:00Z,26.0,51.0,120.0
2025-06-10T19:00Z,24.5,61.0,12.0
2025-06-10T20:00Z,23.5,65.0,0.0
2025-06-10T21:00Z,22.9,68.0,0.0
2025-06-10T22:00Z,22.2,71.0,0.0
2025-06-10T23:00Z,21.6,73.0,0.0
2025-06-11T00:00Z,21.1,76.0,0.0
2025-06-11T01:00Z,19.8,79.0,0.0
2025-06-11T02:00Z,19.5,78.0,0.0
2025-06-11T03:00Z,19.1,80.0,0.0
2025-06-11T04:00Z,18.5,84.0,0.0
2025-06-11T05:00Z,19.1,83.0,38.0
2025-06-11T06:00Z,20.6,78.0,178.0
2025-06-11T07:00Z,22.8,71.0,358.0
2025-06-11T08:00Z,25.0,62.0,536.0
2025-06-11T09:00Z,27.4,53.0,707.0
2025-06-11T10:00Z,29.4,45.0,845.0
2025-06-11T11:00Z,30.0,45.0,921.0
2025-06-11T12:00Z,29.6,50.0,940.0
2025-06-11T13:00Z,29.2,52.0,900.0
2025-06-11T14:00Z,28.6,53.0,805.0
2025-06-11T15:00Z,27.8,54.0,663.0
2025-06-11T16:00Z,26.5,54.0,487.0
2025-06-11T17:00Z,25.2,57.0,296.0
2025-06-11T18:00Z,23.8,68.0,120.0
2025-06-11T19:00Z,22.9,76.0,12.0
2025-06-11T20:00Z,22.4,82.0,0.0
2025-06-11T21:00Z,22.1,85.0,0.0
2025-06-11T22:00Z,21.9,87.0,0.0
2025-06-11T23:00Z,21.5,91.0,0.0
2025-06-12T00:00Z,21.0,92.0,0.0
2025-06-12T01:00Z,19.6,96.0,0.0
2025-06-12T02:00Z,19.0,100.0,0.0
2025-06-12T03:00Z,18.5,100.0,0.0
2025-06-12T04:00Z,18.4,100.0,0.0
2025-06-12T05:00Z,18.6,99.0,25.0
2025-06-12T06:00Z,19.2,96.0,110.0
2025-06-12T07:00Z,21.5,79.0,250.0
2025-06-12T08:00Z,23.8,66.0,532.0
2025-06-12T09:00Z,25.8,54.0,719.0
2025-06-12T10:00Z,27.4,47.0,859.0
2025-06-12T11:00Z,28.3,45.0,938.0
2025-06-12T12:00Z,29.4,39.0,957.0
2025-06-12T13:00Z,31.2,37.0,914.0
2025-06-12T14:00Z,30.5,43.0,815.0
2025-06-12T15:00Z,29.0,52.0,668.0
2025-06-12T16:00Z,27.9,56.0,488.0
2025-06-12T17:00Z,26.4,61.0,297.0
2025-06-12T18:00Z,25.0,68.0,121.0
2025-06-12T19:00Z,24.0,76.0,12.0
2025-06-12T20:00Z,24.0,76.0,0.0
2025-06-12T21:00Z,23.5,78.0,0.0
2025-06-12T22:00Z,22.6,81.0,0.0
2025-06-12T23:00Z,21.6,83.0,0.0
2025-06-13T00:00Z,20.7,87.0,0.0
2025-06-13T01:00Z,19.7,91.0,0.0
2025-06-13T02:00Z,19.4,94.0,0.0
2025-06-13T03:00Z,19.0,97.0,0.0
2025-06-13T04:00Z,18.6,99.0,0.0
2025-06-13T05:00Z,19.5,93.0,39.0
2025-06-13T06:00Z,21.5,81.0,181.0
2025-06-13T07:00Z,25.2,58.0,368.0
2025-06-13T08:00Z,28.6,39.0,558.0
2025-06-13T09:00Z,31.1,30.0,725.0
2025-06-13T10:00Z,32.8,28.0,851.0
2025-06-13T11:00Z,33.8,28.0,925.0
2025-06-13T12:00Z,34.0,28.0,940.0
2025-06-13T13:00Z,33.8,29.0,899.0
2025-06-13T14:00Z,33.2,31.0,804.0
2025-06-13T15:00Z,33.1,29.0,663.0
2025-06-13T16:00Z,32.4,31.0,489.0
2025-06-13T17:00Z,31.1,36.0,298.0
2025-06-13T18:00Z,29.7,44.0,121.0
2025-06-13T19:00Z,28.7,46.0,13.0
2025-06-13T20:00Z,27.9,45.0,0.0
2025-06-13T21:00Z,26.6,47.0,0.0
2025-06-13T22:00Z,25.4,55.0,0.0
2025-06-13T23:00Z,24.5,58.0,0.0
2025-06-14T00:00Z,23.5,62.0,0.0
2025-06-14T01:00Z,22.4,67.0,0.0
2025-06-14T02:00Z,21.5,67.0,0.0
2025-06-14T03:00Z,20.8,69.0,0.0
2025-06-14T04:00Z,20.1,72.0,0.0
2025-06-14T05:00Z,20.7,69.0,38.0
2025-06-14T06:00Z,23.3,59.0,181.0
2025-06-14T07:00Z,26.8,45.0,371.0
2025-06-14T08:00Z,30.0,32.0,562.0
2025-06-14T09:00Z,32.5,24.0,731.0
2025-06-14T10:00Z,33.8,21.0,859.0
2025-06-14T11:00Z,34.3,20.0,936.0
2025-06-14T12:00Z,34.5,19.0,954.0
2025-06-14T13:00Z,34.2,22.0,912.0
2025-06-14T14:00Z,33.8,24.0,816.0
2025-06-14T15:00Z,33.2,25.0,672.0
2025-06-14T16:00Z,32.1,27.0,494.0
2025-06-14T17:00Z,30.6,31.0,290.0
2025-06-14T18:00Z,28.9,36.0,109.0
2025-06-14T19:00Z,27.1,43.0,13.0
2025-06-14T20:00Z,26.1,49.0,0.0
2025-06-14T21:00Z,25.5,55.0,0.0
2025-06-14T22:00Z,25.1,58.0,0.0
2025-06-14T23:00Z,24.5,64.0,0.0
2025-06-15T00:00Z,23.9,69.0,0.0
2025-06-15T01:00Z,22.4,63.0,0.0
2025-06-15T02:00Z,21.7,63.0,0.0
2025-06-15T03:00Z,21.0,63.0,0.0
2025-06-15T04:00Z,20.4,62.0,0.0
2025-06-15T05:00Z,21.2,57.0,38.0
2025-06-15T06:00Z,23.5,50.0,180.0
2025-06-15T07:00Z,27.2,38.0,368.0
2025-06-15T08:00Z,31.0,28.0,557.0
2025-06-15T09:00Z,33.5,22.0,723.0
2025-06-15T10:00Z,35.4,19.0,852.0
2025-06-15T11:00Z,36.2,18.0,931.0
2025-06-15T12:00Z,36.3,18.0,951.0
2025-06-15T13:00Z,36.0,20.0,912.0
2025-06-15T14:00Z,35.5,21.0,817.0
2025-06-15T15:00Z,35.3,20.0,674.0
2025-06-15T16:00Z,34.6,22.0,495.0
2025-06-15T17:00Z,32.6,27.0,300.0
2025-06-15T18:00Z,30.1,33.0,122.0
2025-06-15T19:00Z,28.3,38.0,13.0
2025-06-15T20:00Z,27.6,39.0,0.0
2025-06-15T21:00Z,27.2,40.0,0.0
2025-06-15T22:00Z,26.5,46.0,0.0
2025-06-15T23:00Z,25.9,47.0,0.0
2025-06-16T00:00Z,25.1,51.0,0.0
2025-06-16T01:00Z,23.3,55.0,0.0
2025-06-16T02:00Z,22.5,58.0,0.0
2025-06-16T03:00Z,22.0,60.0,0.0
2025-06-16T04:00Z,21.8,62.0,0.0
2025-06-16T05:00Z,22.7,59.0,37.0
2025-06-16T06:00Z,25.0,50.0,178.0
2025-06-16T07:00Z,28.5,38.0,363.0
2025-06-16T08:00Z,32.1,29.0,551.0
2025-06-16T09:00Z,35.2,17.0,717.0
2025-06-16T10:00Z,36.7,16.0,844.0
2025-06-16T11:00Z,37.0,17.0,921.0
2025-06-16T12:00Z,37.4,17.0,941.0
2025-06-16T13:00Z,37.4,18.0,900.0
2025-06-16T14:00Z,36.8,18.0,805.0
2025-06-16T15:00Z,35.9,19.0,664.0
2025-06-16T16:00Z,34.5,22.0,485.0
2025-06-16T17:00Z,32.2,30.0,297.0
2025-06-16T18:00Z,29.8,43.0,122.0
2025-06-16T19:00Z,28.5,51.0,13.0
2025-06-16T20:00Z,27.9,54.0,0.0
2025-06-16T21:00Z,27.5,54.0,0.0
2025-06-16T22:00Z,27.0,53.0,0.0
2025-06-16T23:00Z,26.6,51.0,0.0
2025-06-17T00:00Z,26.2,47.0,0.0
2025-06-17T01:00Z,25.0,46.0,0.0
2025-06-17T02:00Z,24.5,46.0,0.0
2025-06-17T03:00Z,23.7,48.0,0.0
2025-06-17T04:00Z,23.2,51.0,0.0
2025-06-17T05:00Z,23.5,53.0,37.0
2025-06-17T06:00Z,25.4,49.0,176.0
2025-06-17T07:00Z,27.9,47.0,363.0
2025-06-17T08:00Z,30.4,41.0,551.0
2025-06-17T09:00Z,32.4,33.0,716.0
2025-06-17T10:00Z,34.0,26.0,845.0
2025-06-17T11:00Z,34.8,23.0,924.0
2025-06-17T12:00Z,35.2,22.0,946.0
2025-06-17T13:00Z,35.2,23.0,908.0
2025-06-17T14:00Z,34.5,25.0,810.0
2025-06-17T15:00Z,33.8,26.0,667.0
2025-06-17T16:00Z,32.7,28.0,492.0
2025-06-17T17:00Z,31.4,30.0,301.0
2025-06-17T18:00Z,29.8,33.0,124.0
2025-06-17T19:00Z,28.4,37.0,14.0
2025-06-17T20:00Z,27.0,42.0,0.0
2025-06-17T21:00Z,25.9,48.0,0.0
2025-06-17T22:00Z,25.0,53.0,0.0
2025-06-17T23:00Z,24.3,56.0,0.0
2025-06-18T00:00Z,23.6,59.0,0.0
2025-06-18T01:00Z,22.7,63.0,0.0
2025-06-18T02:00Z,22.0,73.0,0.0
2025-06-18T03:00Z,21.6,83.0,0.0
2025-06-18T04:00Z,21.2,88.0,0.0
2025-06-18T05:00Z,21.8,85.0,36.0
2025-06-18T06:00Z,23.0,77.0,171.0
2025-06-18T07:00Z,24.8,67.0,358.0
2025-06-18T08:00Z,26.7,58.0,543.0
2025-06-18T09:00Z,28.5,49.0,709.0
2025-06-18T10:00Z,30.1,44.0,837.0
2025-06-18T11:00Z,31.0,40.0,895.0
2025-06-18T12:00Z,31.8,38.0,860.0
2025-06-18T13:00Z,32.2,31.0,798.0
2025-06-18T14:00Z,31.3,33.0,619.0
2025-06-18T15:00Z,30.9,35.0,619.0
2025-06-18T16:00Z,29.5,41.0,452.0
2025-06-18T17:00Z,28.0,45.0,285.0
2025-06-18T18:00Z,26.4,54.0,121.0
2025-06-18T19:00Z,25.2,60.0,14.0
2025-06-18T20:00Z,24.5,66.0,0.0
2025-06-18T21:00Z,24.0,71.0,0.0
2025-06-18T22:00Z,23.5,75.0,0.0
2025-06-18T23:00Z,23.1,78.0,0.0
2025-06-19T00:00Z,22.8,80.0,0.0
2025-06-19T01:00Z,22.1,82.0,0.0
2025-06-19T02:00Z,22.1,81.0,0.0
2025-06-19T03:00Z,21.9,82.0,0.0
2025-06-19T04:00Z,21.7,83.0,0.0
2025-06-19T05:00Z,21.9,80.0,32.0
2025-06-19T06:00Z,22.5,74.0,156.0
2025-06-19T07:00Z,24.2,67.0,345.0
2025-06-19T08:00Z,26.0,59.0,478.0
2025-06-19T09:00Z,27.5,52.0,623.0
2025-06-19T10:00Z,28.9,45.0,741.0
2025-06-19T11:00Z,29.4,44.0,723.0
2025-06-19T12:00Z,30.2,41.0,783.0
2025-06-19T13:00Z,29.0,45.0,775.0
2025-06-19T14:00Z,29.2,43.0,671.0
2025-06-19T15:00Z,27.8,51.0,575.0
2025-06-19T16:00Z,26.9,56.0,428.0
2025-06-19T17:00Z,26.5,59.0,272.0
2025-06-19T18:00Z,25.1,68.0,113.0
2025-06-19T19:00Z,24.5,70.0,13.0
2025-06-19T20:00Z,23.5,77.0,0.0
2025-06-19T21:00Z,22.7,79.0,0.0
2025-06-19T22:00Z,22.4,82.0,0.0
2025-06-19T23:00Z,21.9,87.0,0.0
2025-06-20T00:00Z,22.0,88.0,0.0
2025-06-20T01:00Z,21.0,89.0,0.0
2025-06-20T02:00Z,21.0,89.0,0.0
2025-06-20T03:00Z,21.1,91.0,0.0
2025-06-20T04:00Z,21.3,93.0,0.0
2025-06-20T05:00Z,21.6,93.0,28.0
2025-06-20T06:00Z,22.6,89.0,114.0
2025-06-20T07:00Z,24.4,80.0,286.0
2025-06-20T08:00Z,26.4,67.0,474.0
2025-06-20T09:00Z,28.2,52.0,678.0
2025-06-20T10:00Z,29.6,43.0,818.0
2025-06-20T11:00Z,30.5,40.0,890.0
2025-06-20T12:00Z,31.1,38.0,907.0
2025-06-20T13:00Z,31.3,40.0,798.0
2025-06-20T14:00Z,31.5,38.0,749.0
2025-06-20T15:00Z,31.1,38.0,655.0
2025-06-20T16:00Z,30.2,43.0,480.0
2025-06-20T17:00Z,29.1,47.0,297.0
2025-06-20T18:00Z,27.3,57.0,123.0
2025-06-20T19:00Z,25.6,64.0,14.0
2025-06-20T20:00Z,24.7,67.0,0.0
2025-06-20T21:00Z,23.9,70.0,0.0
2025-06-20T22:00Z,23.5,69.0,0.0
2025-06-20T23:00Z,23.0,71.0,0.0
2025-06-21T00:00Z,22.6,72.0,0.0
2025-06-21T01:00Z,22.1,72.0,0.0
2025-06-21T02:00Z,21.8,74.0,0.0
2025-06-21T03:00Z,21.4,75.0,0.0
2025-06-21T04:00Z,21.0,76.0,0.0
2025-06-21T05:00Z,21.4,76.0,36.0
2025-06-21T06:00Z,23.0,69.0,174.0
2025-06-21T07:00Z,25.4,61.0,359.0
2025-06-21T08:00Z,27.8,53.0,547.0
2025-06-21T09:00Z,30.0,44.0,713.0
2025-06-21T10:00Z,31.9,39.0,840.0
2025-06-21T11:00Z,32.5,38.0,913.0
2025-06-21T12:00Z,32.2,41.0,844.0
2025-06-21T13:00Z,31.6,45.0,718.0
2025-06-21T14:00Z,31.5,46.0,711.0
2025-06-21T15:00Z,31.1,47.0,639.0
2025-06-21T16:00Z,30.2,48.0,480.0
2025-06-21T17:00Z,28.9,53.0,294.0
2025-06-21T18:00Z,27.1,61.0,125.0
2025-06-21T19:00Z,25.4,71.0,15.0
2025-06-21T20:00Z,24.5,77.0,0.0
2025-06-21T21:00Z,24.1,80.0,0.0
2025-06-21T22:00Z,23.6,83.0,0.0
2025-06-21T23:00Z,23.0,89.0,0.0
2025-06-22T00:00Z,22.4,91.0,0.0
2025-06-22T01:00Z,21.1,96.0,0.0
2025-06-22T02:00Z,20.5,99.0,0.0
2025-06-22T03:00Z,20.1,98.0,0.0
2025-06-22T04:00Z,19.5,98.0,0.0
2025-06-22T05:00Z,20.0,91.0,36.0
2025-06-22T06:00Z,22.4,76.0,176.0
2025-06-22T07:00Z,25.6,58.0,362.0
2025-06-22T08:00Z,28.9,45.0,550.0
2025-06-22T09:00Z,31.5,34.0,717.0
2025-06-22T10:00Z,33.2,29.0,846.0
2025-06-22T11:00Z,33.7,29.0,925.0
2025-06-22T12:00Z,34.1,27.0,948.0
2025-06-22T13:00Z,33.9,28.0,910.0
2025-06-22T14:00Z,33.5,29.0,815.0
2025-06-22T15:00Z,32.6,32.0,671.0
2025-06-22T16:00Z,31.5,34.0,495.0
2025-06-22T17:00Z,30.8,42.0,303.0
2025-06-22T18:00Z,29.7,50.0,126.0
2025-06-22T19:00Z,28.5,48.0,15.0
2025-06-22T20:00Z,26.9,56.0,0.0
2025-06-22T21:00Z,25.8,63.0,0.0
2025-06-22T22:00Z,25.1,64.0,0.0
2025-06-22T23:00Z,24.4,69.0,0.0
2025-06-23T00:00Z,23.7,75.0,0.0
2025-06-23T01:00Z,23.0,81.0,0.0
2025-06-23T02:00Z,22.2,90.0,0.0
2025-06-23T03:00Z,21.4,97.0,0.0
2025-06-23T04:00Z,21.2,99.0,0.0
2025-06-23T05:00Z,21.5,98.0,35.0
2025-06-23T06:00Z,23.3,86.0,173.0
2025-06-23T07:00Z,26.4,67.0,359.0
2025-06-23T08:00Z,29.2,49.0,547.0
2025-06-23T09:00Z,31.6,37.0,713.0
2025-06-23T10:00Z,33.5,29.0,842.0
2025-06-23T11:00Z,34.1,28.0,919.0
2025-06-23T12:00Z,34.8,26.0,951.0
2025-06-23T13:00Z,34.7,27.0,864.0
2025-06-23T14:00Z,34.2,29.0,795.0
2025-06-23T15:00Z,33.0,33.0,661.0
2025-06-23T16:00Z,31.9,36.0,493.0
2025-06-23T17:00Z,30.6,42.0,302.0
2025-06-23T18:00Z,29.4,49.0,126.0
2025-06-23T19:00Z,28.6,52.0,15.0
2025-06-23T20:00Z,28.0,52.0,0.0
2025-06-23T21:00Z,27.1,53.0,0.0
2025-06-23T22:00Z,26.3,60.0,0.0
2025-06-23T23:00Z,25.4,61.0,0.0
2025-06-24T00:00Z,24.5,64.0,0.0
2025-06-24T01:00Z,23.3,71.0,0.0
2025-06-24T02:00Z,22.7,77.0,0.0
2025-06-24T03:00Z,21.8,81.0,0.0
2025-06-24T04:00Z,21.3,81.0,0.0
2025-06-24T05:00Z,21.9,77.0,35.0
2025-06-24T06:00Z,24.1,67.0,174.0
2025-06-24T07:00Z,27.3,53.0,361.0
2025-06-24T08:00Z,30.5,39.0,550.0
2025-06-24T09:00Z,33.0,30.0,718.0
2025-06-24T10:00Z,34.6,26.0,846.0
2025-06-24T11:00Z,34.5,30.0,923.0
2025-06-24T12:00Z,33.6,35.0,944.0
2025-06-24T13:00Z,33.5,32.0,839.0
2025-06-24T14:00Z,33.9,28.0,802.0
2025-06-24T15:00Z,33.6,26.0,670.0
2025-06-24T16:00Z,32.5,27.0,497.0
2025-06-24T17:00Z,31.0,31.0,306.0
2025-06-24T18:00Z,29.4,40.0,128.0
2025-06-24T19:00Z,27.9,49.0,15.0
2025-06-24T20:00Z,26.9,57.0,0.0
2025-06-24T21:00Z,26.0,62.0,0.0
2025-06-24T22:00Z,25.5,66.0,0.0
2025-06-24T23:00Z,25.2,67.0,0.0
2025-06-25T00:00Z,24.8,66.0,0.0
2025-06-25T01:00Z,23.9,69.0,0.0
2025-06-25T02:00Z,23.3,68.0,0.0
2025-06-25T03:00Z,23.0,69.0,0.0
2025-06-25T04:00Z,23.0,69.0,0.0
2025-06-25T05:00Z,23.6,66.0,35.0
2025-06-25T06:00Z,25.9,54.0,174.0
2025-06-25T07:00Z,29.4,38.0,360.0
2025-06-25T08:00Z,32.5,27.0,550.0
2025-06-25T09:00Z,34.8,23.0,718.0
2025-06-25T10:00Z,36.7,21.0,846.0
2025-06-25T11:00Z,37.8,20.0,925.0
2025-06-25T12:00Z,38.7,19.0,946.0
2025-06-25T13:00Z,39.2,18.0,910.0
2025-06-25T14:00Z,38.5,20.0,816.0
2025-06-25T15:00Z,37.6,23.0,672.0
2025-06-25T16:00Z,37.2,24.0,498.0
2025-06-25T17:00Z,36.4,23.0,309.0
2025-06-25T18:00Z,33.4,32.0,131.0
2025-06-25T19:00Z,31.1,38.0,16.0
2025-06-25T20:00Z,29.9,43.0,0.0
2025-06-25T21:00Z,29.0,46.0,0.0
2025-06-25T22:00Z,28.6,47.0,0.0
2025-06-25T23:00Z,28.0,50.0,0.0
2025-06-26T00:00Z,27.1,55.0,0.0
2025-06-26T01:00Z,25.5,68.0,0.0
2025-06-26T02:00Z,24.9,71.0,0.0
2025-06-26T03:00Z,24.4,73.0,0.0
2025-06-26T04:00Z,23.9,75.0,0.0
2025-06-26T05:00Z,24.5,71.0,35.0
2025-06-26T06:00Z,26.2,63.0,174.0
2025-06-26T07:00Z,29.0,48.0,360.0
2025-06-26T08:00Z,31.9,35.0,549.0
2025-06-26T09:00Z,34.5,27.0,718.0
2025-06-26T10:00Z,36.4,24.0,847.0
2025-06-26T11:00Z,37.5,23.0,924.0
2025-06-26T12:00Z,38.0,22.0,945.0
2025-06-26T13:00Z,37.8,23.0,907.0
2025-06-26T14:00Z,37.3,23.0,814.0
2025-06-26T15:00Z,35.2,29.0,669.0
2025-06-26T16:00Z,34.1,30.0,500.0
2025-06-26T17:00Z,33.0,34.0,308.0
2025-06-26T18:00Z,31.3,42.0,130.0
2025-06-26T19:00Z,29.2,57.0,15.0
2025-06-26T20:00Z,28.0,67.0,0.0
2025-06-26T21:00Z,27.3,73.0,0.0
2025-06-26T22:00Z,26.9,76.0,0.0
2025-06-26T23:00Z,26.2,79.0,0.0
2025-06-27T00:00Z,25.6,80.0,0.0
2025-06-27T01:00Z,25.0,80.0,0.0
2025-06-27T02:00Z,24.3,84.0,0.0
2025-06-27T03:00Z,24.0,81.0,0.0
2025-06-27T04:00Z,23.6,80.0,0.0
2025-06-27T05:00Z,23.8,78.0,34.0
2025-06-27T06:00Z,25.3,69.0,173.0
2025-06-27T07:00Z,27.0,64.0,357.0
2025-06-27T08:00Z,29.0,59.0,544.0
2025-06-27T09:00Z,31.3,52.0,709.0
2025-06-27T10:00Z,33.5,42.0,834.0
2025-06-27T11:00Z,35.2,33.0,914.0
2025-06-27T12:00Z,36.0,30.0,937.0
2025-06-27T13:00Z,36.0,32.0,900.0
2025-06-27T14:00Z,34.9,39.0,805.0
2025-06-27T15:00Z,33.8,43.0,660.0
2025-06-27T16:00Z,32.4,48.0,485.0
2025-06-27T17:00Z,30.8,51.0,300.0
2025-06-27T18:00Z,29.2,57.0,126.0
2025-06-27T19:00Z,28.0,59.0,16.0
2025-06-27T20:00Z,27.0,66.0,0.0
2025-06-27T21:00Z,26.1,73.0,0.0
2025-06-27T22:00Z,25.8,74.0,0.0
2025-06-27T23:00Z,25.5,74.0,0.0
2025-06-28T00:00Z,25.2,75.0,0.0
2025-06-28T01:00Z,24.8,80.0,0.0
2025-06-28T02:00Z,24.5,81.0,0.0
2025-06-28T03:00Z,24.1,84.0,0.0
2025-06-28T04:00Z,23.9,85.0,0.0
2025-06-28T05:00Z,24.3,81.0,33.0
2025-06-28T06:00Z,25.5,75.0,164.0
2025-06-28T07:00Z,27.2,65.0,345.0
2025-06-28T08:00Z,29.0,57.0,526.0
2025-06-28T09:00Z,30.5,50.0,693.0
2025-06-28T10:00Z,32.0,44.0,825.0
2025-06-28T11:00Z,32.9,40.0,896.0
2025-06-28T12:00Z,33.3,39.0,924.0
2025-06-28T13:00Z,33.5,39.0,885.0
2025-06-28T14:00Z,33.3,39.0,795.0
2025-06-28T15:00Z,32.8,41.0,661.0
2025-06-28T16:00Z,31.6,45.0,491.0
2025-06-28T17:00Z,30.2,51.0,303.0
2025-06-28T18:00Z,28.9,56.0,127.0
2025-06-28T19:00Z,27.6,63.0,15.0
2025-06-28T20:00Z,26.6,70.0,0.0
2025-06-28T21:00Z,25.8,77.0,0.0
2025-06-28T22:00Z,25.2,81.0,0.0
2025-06-28T23:00Z,25.0,83.0,0.0
2025-06-29T00:00Z,24.6,86.0,0.0
2025-06-29T01:00Z,24.0,86.0,0.0
2025-06-29T02:00Z,23.8,86.0,0.0
2025-06-29T03:00Z,23.5,88.0,0.0
2025-06-29T04:00Z,23.2,89.0,0.0
2025-06-29T05:00Z,23.7,86.0,32.0
2025-06-29T06:00Z,25.0,79.0,165.0
2025-06-29T07:00Z,27.0,69.0,347.0
2025-06-29T08:00Z,29.5,55.0,534.0
2025-06-29T09:00Z,31.6,45.0,698.0
2025-06-29T10:00Z,33.3,38.0,824.0
2025-06-29T11:00Z,34.5,35.0,903.0
2025-06-29T12:00Z,35.0,34.0,925.0
2025-06-29T13:00Z,35.5,32.0,889.0
2025-06-29T14:00Z,35.1,33.0,802.0
2025-06-29T15:00Z,34.6,33.0,667.0
2025-06-29T16:00Z,33.9,34.0,493.0
2025-06-29T17:00Z,32.2,40.0,305.0
2025-06-29T18:00Z,30.0,48.0,128.0
2025-06-29T19:00Z,27.8,64.0,15.0
2025-06-29T20:00Z,26.6,73.0,0.0
2025-06-29T21:00Z,25.9,79.0,0.0
2025-06-29T22:00Z,25.5,82.0,0.0
2025-06-29T23:00Z,25.3,84.0,0.0
2025-06-30T00:00Z,24.9,88.0,0.0
2025-06-30T01:00Z,24.1,92.0,0.0
2025-06-30T02:00Z,23.8,93.0,0.0
2025-06-30T03:00Z,23.4,96.0,0.0
2025-06-30T04:00Z,23.0,97.0,0.0
2025-06-30T05:00Z,23.4,95.0,32.0
2025-06-30T06:00Z,24.9,86.0,168.0
2025-06-30T07:00Z,27.0,72.0,352.0
2025-06-30T08:00Z,29.0,57.0,538.0
2025-06-30T09:00Z,30.5,49.0,701.0
2025-06-30T10:00Z,31.5,44.0,830.0
2025-06-30T11:00Z,32.0,42.0,911.0
2025-06-30T12:00Z,32.2,40.0,935.0
2025-06-30T13:00Z,32.2,51.0,889.0
2025-06-30T14:00Z,32.3,52.0,796.0
2025-06-30T15:00Z,31.5,55.0,661.0
2025-06-30T16:00Z,30.5,58.0,491.0
2025-06-30T17:00Z,29.5,60.0,304.0
2025-06-30T18:00Z,28.2,64.0,128.0
2025-06-30T19:00Z,27.2,69.0,15.0
2025-06-30T20:00Z,26.7,73.0,0.0
2025-06-30T21:00Z,26.5,75.0,0.0
2025-06-30T22:00Z,26.2,76.0,0.0
2025-06-30T23:00Z,25.9,78.0,0.0
2025-07-01T00:00Z,25.1,84.0,0.0
2025-07-01T01:00Z,24.0,91.0,0.0
2025-07-01T02:00Z,23.4,94.0,0.0
2025-07-01T03:00Z,22.7,98.0,0.0
2025-07-01T04:00Z,22.1,100.0,0.0
2025-07-01T05:00Z,22.3,99.0,28.0
2025-07-01T06:00Z,23.9,91.0,139.0
2025-07-01T07:00Z,26.6,74.0,323.0
2025-07-01T08:00Z,29.6,54.0,540.0
2025-07-01T09:00Z,31.7,41.0,710.0
2025-07-01T10:00Z,33.5,34.0,843.0
2025-07-01T11:00Z,34.9,29.0,924.0
2025-07-01T12:00Z,35.7,26.0,948.0
2025-07-01T13:00Z,35.5,28.0,912.0
2025-07-01T14:00Z,34.3,31.0,819.0
2025-07-01T15:00Z,32.7,37.0,679.0
2025-07-01T16:00Z,31.7,35.0,503.0
2025-07-01T17:00Z,31.0,36.0,310.0
2025-07-01T18:00Z,29.5,42.0,130.0
2025-07-01T19:00Z,28.0,56.0,16.0
2025-07-01T20:00Z,27.8,65.0,0.0
2025-07-01T21:00Z,27.5,67.0,0.0
2025-07-01T22:00Z,27.0,63.0,0.0
2025-07-01T23:00Z,26.4,62.0,0.0
2025-07-02T00:00Z,25.8,64.0,0.0
2025-07-02T01:00Z,24.5,74.0,0.0
2025-07-02T02:00Z,23.9,82.0,0.0
2025-07-02T03:00Z,23.2,89.0,0.0
2025-07-02T04:00Z,22.8,93.0,0.0
2025-07-02T05:00Z,23.2,92.0,31.0
2025-07-02T06:00Z,25.3,80.0,167.0
2025-07-02T07:00Z,28.0,63.0,350.0
2025-07-02T08:00Z,31.0,46.0,538.0
2025-07-02T09:00Z,33.5,35.0,705.0
2025-07-02T10:00Z,35.3,31.0,834.0
2025-07-02T11:00Z,36.4,30.0,912.0
2025-07-02T12:00Z,36.7,31.0,937.0
2025-07-02T13:00Z,36.3,31.0,838.0
2025-07-02T14:00Z,35.8,33.0,727.0
2025-07-02T15:00Z,35.7,36.0,642.0
2025-07-02T16:00Z,35.2,37.0,459.0
2025-07-02T17:00Z,34.2,35.0,294.0
2025-07-02T18:00Z,32.5,40.0,124.0
2025-07-02T19:00Z,31.1,46.0,15.0
2025-07-02T20:00Z,29.5,54.0,0.0
2025-07-02T21:00Z,28.4,61.0,0.0
2025-07-02T22:00Z,27.8,65.0,0.0
2025-07-02T23:00Z,27.4,67.0,0.0
2025-07-03T00:00Z,26.8,71.0,0.0
2025-07-03T01:00Z,26.2,71.0,0.0
2025-07-03T02:00Z,25.8,75.0,0.0
2025-07-03T03:00Z,25.2,81.0,0.0
2025-07-03T04:00Z,24.6,83.0,0.0
2025-07-03T05:00Z,25.0,79.0,30.0
2025-07-03T06:00Z,26.2,72.0,161.0
2025-07-03T07:00Z,28.4,61.0,334.0
2025-07-03T08:00Z,30.6,52.0,522.0
2025-07-03T09:00Z,32.8,45.0,687.0
2025-07-03T10:00Z,34.3,41.0,807.0
2025-07-03T11:00Z,34.9,41.0,878.0
2025-07-03T12:00Z,35.0,40.0,801.0
2025-07-03T13:00Z,35.0,37.0,681.0
2025-07-03T14:00Z,34.0,41.0,637.0
2025-07-03T15:00Z,33.0,40.0,561.0
2025-07-03T16:00Z,32.4,43.0,449.0
2025-07-03T17:00Z,31.4,46.0,284.0
2025-07-03T18:00Z,29.9,54.0,116.0
2025-07-03T19:00Z,28.5,64.0,13.0
2025-07-03T20:00Z,27.7,71.0,0.0
2025-07-03T21:00Z,27.0,79.0,0.0
2025-07-03T22:00Z,26.6,82.0,0.0
2025-07-03T23:00Z,26.4,82.0,0.0
2025-07-04T00:00Z,26.0,83.0,0.0
2025-07-04T01:00Z,25.0,85.0,0.0
2025-07-04T02:00Z,24.5,89.0,0.0
2025-07-04T03:00Z,23.9,93.0,0.0
2025-07-04T04:00Z,23.6,95.0,0.0
2025-07-04T05:00Z,23.9,94.0,29.0
2025-07-04T06:00Z,25.2,85.0,157.0
2025-07-04T07:00Z,27.0,71.0,320.0
2025-07-04T08:00Z,29.2,56.0,513.0
2025-07-04T09:00Z,31.3,47.0,691.0
2025-07-04T10:00Z,32.8,43.0,822.0
2025-07-04T11:00Z,33.3,43.0,896.0
2025-07-04T12:00Z,33.2,45.0,881.0
2025-07-04T13:00Z,33.1,45.0,817.0
2025-07-04T14:00Z,32.6,46.0,668.0
2025-07-04T15:00Z,31.8,52.0,540.0
2025-07-04T16:00Z,31.8,55.0,419.0
2025-07-04T17:00Z,30.1,67.0,281.0
2025-07-04T18:00Z,28.8,74.0,119.0
2025-07-04T19:00Z,28.0,78.0,14.0
2025-07-04T20:00Z,27.5,80.0,0.0
2025-07-04T21:00Z,27.0,82.0,0.0
2025-07-04T22:00Z,26.6,84.0,0.0
2025-07-04T23:00Z,26.2,87.0,0.0
2025-07-05T00:00Z,25.8,89.0,0.0
2025-07-05T01:00Z,24.6,94.0,0.0
2025-07-05T02:00Z,24.1,96.0,0.0
2025-07-05T03:00Z,23.6,98.0,0.0
2025-07-05T04:00Z,23.2,99.0,0.0
2025-07-05T05:00Z,23.9,96.0,29.0
2025-07-05T06:00Z,25.3,87.0,151.0
2025-07-05T07:00Z,27.0,76.0,327.0
2025-07-05T08:00Z,28.8,65.0,511.0
2025-07-05T09:00Z,31.0,53.0,686.0
2025-07-05T10:00Z,32.9,45.0,823.0
2025-07-05T11:00Z,33.5,44.0,886.0
2025-07-05T12:00Z,32.8,45.0,846.0
2025-07-05T13:00Z,32.8,50.0,783.0
2025-07-05T14:00Z,31.9,52.0,614.0
2025-07-05T15:00Z,32.0,49.0,551.0
2025-07-05T16:00Z,31.2,50.0,427.0
2025-07-05T17:00Z,30.1,55.0,266.0
2025-07-05T18:00Z,28.6,65.0,121.0
2025-07-05T19:00Z,27.5,73.0,14.0
2025-07-05T20:00Z,27.0,79.0,0.0
2025-07-05T21:00Z,26.6,82.0,0.0
2025-07-05T22:00Z,26.3,84.0,0.0
2025-07-05T23:00Z,25.9,87.0,0.0
2025-07-06T00:00Z,25.4,90.0,0.0
2025-07-06T01:00Z,24.8,93.0,0.0
2025-07-06T02:00Z,24.5,94.0,0.0
2025-07-06T03:00Z,24.1,98.0,0.0
2025-07-06T04:00Z,24.0,99.0,0.0
2025-07-06T05:00Z,24.5,96.0,27.0
2025-07-06T06:00Z,25.9,87.0,142.0
2025-07-06T07:00Z,27.8,73.0,328.0
2025-07-06T08:00Z,30.1,59.0,521.0
2025-07-06T09:00Z,32.3,49.0,689.0
2025-07-06T10:00Z,34.0,43.0,819.0
2025-07-06T11:00Z,35.1,38.0,902.0
2025-07-06T12:00Z,36.3,33.0,879.0
2025-07-06T13:00Z,34.8,38.0,760.0
2025-07-06T14:00Z,33.8,38.0,615.0
2025-07-06T15:00Z,34.5,39.0,499.0
2025-07-06T16:00Z,34.5,38.0,390.0
2025-07-06T17:00Z,34.3,34.0,265.0
2025-07-06T18:00Z,32.6,38.0,126.0
2025-07-06T19:00Z,31.0,43.0,15.0
2025-07-06T20:00Z,30.0,47.0,0.0
2025-07-06T21:00Z,29.1,52.0,0.0
2025-07-06T22:00Z,28.3,57.0,0.0
2025-07-06T23:00Z,27.8,66.0,0.0
2025-07-07T00:00Z,26.9,66.0,0.0
2025-07-07T01:00Z,25.8,73.0,0.0
2025-07-07T02:00Z,24.9,81.0,0.0
2025-07-07T03:00Z,24.1,88.0,0.0
2025-07-07T04:00Z,23.7,94.0,0.0
2025-07-07T05:00Z,24.0,97.0,26.0
2025-07-07T06:00Z,25.6,91.0,151.0
2025-07-07T07:00Z,28.1,76.0,342.0
2025-07-07T08:00Z,30.8,59.0,530.0
2025-07-07T09:00Z,33.2,48.0,697.0
2025-07-07T10:00Z,35.0,43.0,824.0
2025-07-07T11:00Z,36.0,42.0,904.0
2025-07-07T12:00Z,36.4,40.0,902.0
2025-07-07T13:00Z,37.5,34.0,802.0
2025-07-07T14:00Z,35.0,39.0,630.0
2025-07-07T15:00Z,34.0,42.0,503.0
2025-07-07T16:00Z,34.5,37.0,450.0
2025-07-07T17:00Z,33.2,43.0,258.0
2025-07-07T18:00Z,31.9,53.0,115.0
2025-07-07T19:00Z,31.0,58.0,14.0
2025-07-07T20:00Z,30.4,64.0,0.0
2025-07-07T21:00Z,29.8,69.0,0.0
2025-07-07T22:00Z,29.2,72.0,0.0
2025-07-07T23:00Z,28.4,76.0,0.0
2025-07-08T00:00Z,27.6,79.0,0.0
2025-07-08T01:00Z,27.2,83.0,0.0
2025-07-08T02:00Z,26.6,85.0,0.0
2025-07-08T03:00Z,26.2,87.0,0.0
2025-07-08T04:00Z,25.8,89.0,0.0
2025-07-08T05:00Z,26.0,84.0,26.0
2025-07-08T06:00Z,27.5,76.0,156.0
2025-07-08T07:00Z,29.3,66.0,332.0
2025-07-08T08:00Z,31.0,50.0,517.0
2025-07-08T09:00Z,32.0,45.0,697.0
2025-07-08T10:00Z,32.5,45.0,818.0
2025-07-08T11:00Z,33.0,42.0,898.0
2025-07-08T12:00Z,33.5,40.0,923.0
2025-07-08T13:00Z,34.3,40.0,888.0
2025-07-08T14:00Z,34.0,41.0,795.0
2025-07-08T15:00Z,33.7,38.0,661.0
2025-07-08T16:00Z,33.3,37.0,485.0
2025-07-08T17:00Z,32.0,38.0,299.0
2025-07-08T18:00Z,30.0,45.0,123.0
2025-07-08T19:00Z,28.1,55.0,14.0
2025-07-08T20:00Z,27.2,60.0,0.0
2025-07-08T21:00Z,27.0,57.0,0.0
2025-07-08T22:00Z,26.5,58.0,0.0
2025-07-08T23:00Z,26.0,60.0,0.0
2025-07-09T00:00Z,25.6,63.0,0.0
2025-07-09T01:00Z,25.2,64.0,0.0
2025-07-09T02:00Z,25.0,65.0,0.0
2025-07-09T03:00Z,24.8,68.0,0.0
2025-07-09T04:00Z,24.6,68.0,0.0
2025-07-09T05:00Z,24.8,68.0,26.0
2025-07-09T06:00Z,26.0,60.0,156.0
2025-07-09T07:00Z,27.4,51.0,341.0
2025-07-09T08:00Z,28.9,43.0,531.0
2025-07-09T09:00Z,30.2,38.0,700.0
2025-07-09T10:00Z,31.1,37.0,829.0
2025-07-09T11:00Z,31.8,37.0,906.0
2025-07-09T12:00Z,32.3,33.0,936.0
2025-07-09T13:00Z,32.0,32.0,910.0
2025-07-09T14:00Z,31.8,33.0,821.0
2025-07-09T15:00Z,31.0,37.0,680.0
2025-07-09T16:00Z,30.0,41.0,504.0
2025-07-09T17:00Z,28.9,44.0,312.0
2025-07-09T18:00Z,27.4,50.0,128.0
2025-07-09T19:00Z,26.1,55.0,15.0
2025-07-09T20:00Z,25.5,59.0,0.0
2025-07-09T21:00Z,25.0,62.0,0.0
2025-07-09T22:00Z,24.5,64.0,0.0
2025-07-09T23:00Z,23.9,67.0,0.0
2025-07-10T00:00Z,23.4,70.0,0.0
2025-07-10T01:00Z,22.5,73.0,0.0
2025-07-10T02:00Z,22.1,75.0,0.0
2025-07-10T03:00Z,21.9,77.0,0.0
2025-07-10T04:00Z,21.6,78.0,0.0
2025-07-10T05:00Z,22.0,77.0,26.0
2025-07-10T06:00Z,23.6,69.0,159.0
2025-07-10T07:00Z,25.5,62.0,348.0
2025-07-10T08:00Z,27.4,52.0,528.0
2025-07-10T09:00Z,29.4,41.0,708.0
2025-07-10T10:00Z,31.0,33.0,837.0
2025-07-10T11:00Z,32.2,29.0,915.0
2025-07-10T12:00Z,33.0,28.0,939.0
2025-07-10T13:00Z,32.8,29.0,903.0
2025-07-10T14:00Z,32.3,30.0,812.0
2025-07-10T15:00Z,31.6,32.0,670.0
2025-07-10T16:00Z,30.1,39.0,469.0
2025-07-10T17:00Z,28.5,47.0,295.0
2025-07-10T18:00Z,27.0,53.0,121.0
2025-07-10T19:00Z,26.0,57.0,12.0
2025-07-10T20:00Z,25.1,59.0,0.0
2025-07-10T21:00Z,24.6,60.0,0.0
2025-07-10T22:00Z,24.2,61.0,0.0
2025-07-10T23:00Z,23.7,64.0,0.0
2025-07-11T00:00Z,23.1,68.0,0.0
2025-07-11T01:00Z,21.9,73.0,0.0
2025-07-11T02:00Z,21.4,77.0,0.0
2025-07-11T03:00Z,21.0,80.0,0.0
2025-07-11T04:00Z,20.7,83.0,0.0
2025-07-11T05:00Z,21.0,81.0,25.0
2025-07-11T06:00Z,22.8,71.0,156.0
2025-07-11T07:00Z,24.9,63.0,341.0
2025-07-11T08:00Z,26.5,57.0,531.0
2025-07-11T09:00Z,28.1,49.0,698.0
2025-07-11T10:00Z,29.5,42.0,837.0
2025-07-11T11:00Z,30.5,38.0,920.0
2025-07-11T12:00Z,31.4,34.0,947.0
2025-07-11T13:00Z,32.0,32.0,911.0
2025-07-11T14:00Z,31.9,31.0,815.0
2025-07-11T15:00Z,31.1,35.0,676.0
2025-07-11T16:00Z,29.4,43.0,499.0
2025-07-11T17:00Z,28.1,48.0,307.0
2025-07-11T18:00Z,27.4,52.0,127.0
2025-07-11T19:00Z,27.0,56.0,14.0
2025-07-11T20:00Z,26.7,52.0,0.0
2025-07-11T21:00Z,25.8,56.0,0.0
2025-07-11T22:00Z,25.0,61.0,0.0
2025-07-11T23:00Z,24.6,64.0,0.0
2025-07-12T00:00Z,24.2,67.0,0.0
2025-07-12T01:00Z,23.5,70.0,0.0
2025-07-12T02:00Z,23.0,74.0,0.0
2025-07-12T03:00Z,23.0,68.0,0.0
2025-07-12T04:00Z,22.8,64.0,0.0
2025-07-12T05:00Z,23.2,61.0,24.0
2025-07-12T06:00Z,24.8,56.0,155.0
2025-07-12T07:00Z,27.0,50.0,339.0
2025-07-12T08:00Z,29.4,44.0,528.0
2025-07-12T09:00Z,31.8,37.0,696.0
2025-07-12T10:00Z,33.9,32.0,826.0
2025-07-12T11:00Z,35.3,29.0,908.0
2025-07-12T12:00Z,36.0,29.0,938.0
2025-07-12T13:00Z,34.8,35.0,878.0
2025-07-12T14:00Z,33.9,39.0,772.0
2025-07-12T15:00Z,33.2,41.0,602.0
2025-07-12T16:00Z,32.2,43.0,396.0
2025-07-12T17:00Z,30.9,47.0,238.0
2025-07-12T18:00Z,29.4,56.0,116.0
2025-07-12T19:00Z,28.2,62.0,12.0
2025-07-12T20:00Z,27.5,66.0,0.0
2025-07-12T21:00Z,27.2,69.0,0.0
2025-07-12T22:00Z,27.1,70.0,0.0
2025-07-12T23:00Z,27.1,70.0,0.0
2025-07-13T00:00Z,27.3,60.0,0.0
2025-07-13T01:00Z,26.8,61.0,0.0
2025-07-13T02:00Z,26.7,62.0,0.0
2025-07-13T03:00Z,26.2,62.0,0.0
2025-07-13T04:00Z,25.9,60.0,0.0
2025-07-13T05:00Z,26.2,58.0,22.0
2025-07-13T06:00Z,27.8,52.0,140.0
2025-07-13T07:00Z,29.4,46.0,198.0
2025-07-13T08:00Z,32.9,36.0,532.0
2025-07-13T09:00Z,35.5,31.0,679.0
2025-07-13T10:00Z,38.2,25.0,819.0
2025-07-13T11:00Z,40.2,20.0,894.0
2025-07-13T12:00Z,41.8,17.0,876.0
2025-07-13T13:00Z,42.8,15.0,872.0
2025-07-13T14:00Z,40.0,18.0,654.0
2025-07-13T15:00Z,37.7,32.0,415.0
2025-07-13T16:00Z,37.0,36.0,429.0
2025-07-13T17:00Z,35.7,40.0,293.0
2025-07-13T18:00Z,33.6,46.0,121.0
2025-07-13T19:00Z,32.0,52.0,13.0
2025-07-13T20:00Z,31.2,55.0,0.0
2025-07-13T21:00Z,30.5,58.0,0.0
2025-07-13T22:00Z,29.7,62.0,0.0
2025-07-13T23:00Z,28.7,69.0,0.0
2025-07-14T00:00Z,28.0,74.0,0.0
2025-07-14T01:00Z,27.1,79.0,0.0
2025-07-14T02:00Z,26.5,82.0,0.0
2025-07-14T03:00Z,26.0,85.0,0.0
2025-07-14T04:00Z,25.5,89.0,0.0
2025-07-14T05:00Z,25.6,88.0,22.0
2025-07-14T06:00Z,26.8,80.0,149.0
2025-07-14T07:00Z,28.8,65.0,331.0
2025-07-14T08:00Z,31.1,50.0,520.0
2025-07-14T09:00Z,33.2,41.0,688.0
2025-07-14T10:00Z,34.6,36.0,819.0
2025-07-14T11:00Z,35.0,35.0,900.0
2025-07-14T12:00Z,34.8,34.0,924.0
2025-07-14T13:00Z,34.8,33.0,888.0
2025-07-14T14:00Z,34.0,34.0,797.0
2025-07-14T15:00Z,33.0,35.0,659.0
2025-07-14T16:00Z,31.6,42.0,476.0
2025-07-14T17:00Z,30.2,50.0,296.0
2025-07-14T18:00Z,28.7,59.0,122.0
2025-07-14T19:00Z,27.4,72.0,12.0
2025-07-14T20:00Z,26.9,78.0,0.0
2025-07-14T21:00Z,26.4,81.0,0.0
2025-07-14T22:00Z,26.0,83.0,0.0
2025-07-14T23:00Z,25.6,85.0,0.0
2025-07-15T00:00Z,25.2,89.0,0.0
2025-07-15T01:00Z,24.6,88.0,0.0
2025-07-15T02:00Z,24.1,92.0,0.0
2025-07-15T03:00Z,23.5,96.0,0.0
2025-07-15T04:00Z,23.2,98.0,0.0
2025-07-15T05:00Z,23.5,96.0,21.0
2025-07-15T06:00Z,25.1,83.0,128.0
2025-07-15T07:00Z,27.4,68.0,333.0
2025-07-15T08:00Z,29.6,55.0,523.0
2025-07-15T09:00Z,31.8,46.0,693.0
2025-07-15T10:00Z,33.4,40.0,824.0
2025-07-15T11:00Z,34.8,32.0,906.0
2025-07-15T12:00Z,35.8,27.0,928.0
2025-07-15T13:00Z,36.0,26.0,899.0
2025-07-15T14:00Z,36.0,25.0,811.0
2025-07-15T15:00Z,35.2,28.0,673.0
2025-07-15T16:00Z,33.9,32.0,498.0
2025-07-15T17:00Z,32.5,36.0,304.0
2025-07-15T18:00Z,30.8,42.0,124.0
2025-07-15T19:00Z,29.5,49.0,12.0
2025-07-15T20:00Z,28.6,56.0,0.0
2025-07-15T21:00Z,28.0,61.0,0.0
2025-07-15T22:00Z,27.3,65.0,0.0
2025-07-15T23:00Z,26.6,67.0,0.0
2025-07-16T00:00Z,25.9,73.0,0.0
2025-07-16T01:00Z,25.2,77.0,0.0
2025-07-16T02:00Z,24.8,75.0,0.0
2025-07-16T03:00Z,25.1,67.0,0.0
2025-07-16T04:00Z,25.1,64.0,0.0
2025-07-16T05:00Z,25.2,73.0,21.0
2025-07-16T06:00Z,26.5,72.0,148.0
2025-07-16T07:00Z,29.0,61.0,333.0
2025-07-16T08:00Z,31.4,48.0,523.0
2025-07-16T09:00Z,33.4,37.0,690.0
2025-07-16T10:00Z,34.8,31.0,822.0
2025-07-16T11:00Z,35.8,28.0,904.0
2025-07-16T12:00Z,36.1,27.0,929.0
2025-07-16T13:00Z,35.9,28.0,894.0
2025-07-16T14:00Z,35.3,30.0,804.0
2025-07-16T15:00Z,34.3,34.0,667.0
2025-07-16T16:00Z,32.7,42.0,493.0
2025-07-16T17:00Z,31.0,47.0,302.0
2025-07-16T18:00Z,29.2,53.0,123.0
2025-07-16T19:00Z,28.0,56.0,12.0
2025-07-16T20:00Z,27.0,62.0,0.0
2025-07-16T21:00Z,26.3,67.0,0.0
2025-07-16T22:00Z,25.9,68.0,0.0
2025-07-16T23:00Z,25.5,70.0,0.0
2025-07-17T00:00Z,25.1,71.0,0.0
2025-07-17T01:00Z,24.9,68.0,0.0
2025-07-17T02:00Z,24.6,69.0,0.0
2025-07-17T03:00Z,24.5,71.0,0.0
2025-07-17T04:00Z,24.4,68.0,0.0
2025-07-17T05:00Z,24.7,69.0,21.0
2025-07-17T06:00Z,26.0,67.0,147.0
2025-07-17T07:00Z,27.5,60.0,331.0
2025-07-17T08:00Z,29.4,52.0,506.0
2025-07-17T09:00Z,31.1,44.0,681.0
2025-07-17T10:00Z,32.5,39.0,808.0
2025-07-17T11:00Z,33.5,36.0,887.0
2025-07-17T12:00Z,34.2,33.0,915.0
2025-07-17T13:00Z,34.8,32.0,897.0
2025-07-17T14:00Z,34.9,29.0,809.0
2025-07-17T15:00Z,34.2,31.0,674.0
2025-07-17T16:00Z,33.2,32.0,502.0
2025-07-17T17:00Z,31.9,34.0,309.0
2025-07-17T18:00Z,30.2,41.0,126.0
2025-07-17T19:00Z,28.8,48.0,12.0
2025-07-17T20:00Z,27.8,54.0,0.0
2025-07-17T21:00Z,27.2,55.0,0.0
2025-07-17T22:00Z,26.8,54.0,0.0
2025-07-17T23:00Z,26.4,55.0,0.0
2025-07-18T00:00Z,25.9,57.0,0.0
2025-07-18T01:00Z,25.2,63.0,0.0
2025-07-18T02:00Z,24.7,68.0,0.0
2025-07-18T03:00Z,24.3,74.0,0.0
2025-07-18T04:00Z,23.9,79.0,0.0
2025-07-18T05:00Z,24.0,80.0,20.0
2025-07-18T06:00Z,25.8,74.0,146.0
2025-07-18T07:00Z,27.5,63.0,333.0
2025-07-18T08:00Z,29.5,53.0,526.0
2025-07-18T09:00Z,31.4,45.0,696.0
2025-07-18T10:00Z,32.8,41.0,828.0
2025-07-18T11:00Z,33.8,38.0,909.0
2025-07-18T12:00Z,34.3,37.0,931.0
2025-07-18T13:00Z,34.5,38.0,896.0
2025-07-18T14:00Z,33.6,43.0,805.0
2025-07-18T15:00Z,32.3,49.0,665.0
2025-07-18T16:00Z,31.2,53.0,491.0
2025-07-18T17:00Z,30.0,57.0,301.0
2025-07-18T18:00Z,28.2,63.0,121.0
2025-07-18T19:00Z,27.0,70.0,11.0
2025-07-18T20:00Z,26.4,73.0,0.0
2025-07-18T21:00Z,26.0,77.0,0.0
2025-07-18T22:00Z,25.5,81.0,0.0
2025-07-18T23:00Z,25.0,86.0,0.0
2025-07-19T00:00Z,24.5,87.0,0.0
2025-07-19T01:00Z,23.3,94.0,0.0
2025-07-19T02:00Z,22.9,96.0,0.0
2025-07-19T03:00Z,22.5,96.0,0.0
2025-07-19T04:00Z,22.1,98.0,0.0
2025-07-19T05:00Z,22.3,98.0,19.0
2025-07-19T06:00Z,24.2,85.0,143.0
2025-07-19T07:00Z,27.0,71.0,330.0
2025-07-19T08:00Z,30.4,56.0,523.0
2025-07-19T09:00Z,33.6,44.0,694.0
2025-07-19T10:00Z,36.5,30.0,828.0
2025-07-19T11:00Z,38.3,24.0,912.0
2025-07-19T12:00Z,39.2,25.0,935.0
2025-07-19T13:00Z,39.5,26.0,897.0
2025-07-19T14:00Z,39.3,29.0,805.0
2025-07-19T15:00Z,38.4,32.0,663.0
2025-07-19T16:00Z,37.7,32.0,486.0
2025-07-19T17:00Z,34.8,36.0,298.0
2025-07-19T18:00Z,32.8,42.0,119.0
2025-07-19T19:00Z,30.5,49.0,11.0
2025-07-19T20:00Z,29.2,54.0,0.0
2025-07-19T21:00Z,28.9,56.0,0.0
2025-07-19T22:00Z,28.7,58.0,0.0
2025-07-19T23:00Z,28.5,60.0,0.0
2025-07-20T00:00Z,28.0,68.0,0.0
2025-07-20T01:00Z,27.0,73.0,0.0
2025-07-20T02:00Z,26.8,73.0,0.0
2025-07-20T03:00Z,26.4,72.0,0.0
2025-07-20T04:00Z,26.0,72.0,0.0
2025-07-20T05:00Z,25.9,72.0,18.0
2025-07-20T06:00Z,27.2,64.0,142.0
2025-07-20T07:00Z,29.8,53.0,325.0
2025-07-20T08:00Z,32.5,43.0,515.0
2025-07-20T09:00Z,35.0,36.0,685.0
2025-07-20T10:00Z,37.5,29.0,817.0
2025-07-20T11:00Z,39.7,25.0,902.0
2025-07-20T12:00Z,40.5,24.0,927.0
2025-07-20T13:00Z,38.5,33.0,890.0
2025-07-20T14:00Z,36.7,36.0,796.0
2025-07-20T15:00Z,37.1,34.0,655.0
2025-07-20T16:00Z,35.3,35.0,474.0
2025-07-20T17:00Z,32.8,40.0,295.0
2025-07-20T18:00Z,31.3,48.0,117.0
2025-07-20T19:00Z,29.9,54.0,10.0
2025-07-20T20:00Z,29.2,58.0,0.0
2025-07-20T21:00Z,29.0,60.0,0.0
2025-07-20T22:00Z,28.5,64.0,0.0
2025-07-20T23:00Z,28.2,67.0,0.0
2025-07-21T00:00Z,28.0,68.0,0.0
2025-07-21T01:00Z,26.9,76.0,0.0
2025-07-21T02:00Z,26.4,80.0,0.0
2025-07-21T03:00Z,25.9,80.0,0.0
2025-07-21T04:00Z,25.5,82.0,0.0
2025-07-21T05:00Z,25.8,80.0,17.0
2025-07-21T06:00Z,27.6,68.0,139.0
2025-07-21T07:00Z,31.0,52.0,324.0
2025-07-21T08:00Z,35.3,39.0,516.0
2025-07-21T09:00Z,39.5,26.0,689.0
2025-07-21T10:00Z,43.0,18.0,823.0
2025-07-21T11:00Z,45.8,11.0,907.0
2025-07-21T12:00Z,45.9,11.0,904.0
2025-07-21T13:00Z,46.1,9.0,846.0
2025-07-21T14:00Z,42.2,26.0,793.0
2025-07-21T15:00Z,40.0,33.0,626.0
2025-07-21T16:00Z,37.9,37.0,408.0
2025-07-21T17:00Z,37.2,36.0,293.0
2025-07-21T18:00Z,34.7,47.0,112.0
2025-07-21T19:00Z,33.8,51.0,7.0
2025-07-21T20:00Z,33.0,44.0,0.0
2025-07-21T21:00Z,31.9,44.0,0.0
2025-07-21T22:00Z,31.0,46.0,0.0
2025-07-21T23:00Z,30.2,49.0,0.0
2025-07-22T00:00Z,29.2,53.0,0.0
2025-07-22T01:00Z,28.0,55.0,0.0
2025-07-22T02:00Z,27.1,62.0,0.0
2025-07-22T03:00Z,26.3,69.0,0.0
2025-07-22T04:00Z,25.5,77.0,0.0
2025-07-22T05:00Z,25.6,83.0,17.0
2025-07-22T06:00Z,26.6,82.0,137.0
2025-07-22T07:00Z,28.4,72.0,318.0
2025-07-22T08:00Z,30.5,60.0,510.0
2025-07-22T09:00Z,32.8,48.0,683.0
2025-07-22T10:00Z,35.0,39.0,816.0
2025-07-22T11:00Z,35.8,37.0,899.0
2025-07-22T12:00Z,36.0,37.0,925.0
2025-07-22T13:00Z,36.1,34.0,892.0
2025-07-22T14:00Z,35.5,35.0,803.0
2025-07-22T15:00Z,34.5,38.0,664.0
2025-07-22T16:00Z,33.5,42.0,490.0
2025-07-22T17:00Z,32.2,46.0,297.0
2025-07-22T18:00Z,30.4,55.0,116.0
2025-07-22T19:00Z,28.9,65.0,9.0
2025-07-22T20:00Z,28.0,73.0,0.0
2025-07-22T21:00Z,27.4,75.0,0.0
2025-07-22T22:00Z,26.8,78.0,0.0
2025-07-22T23:00Z,26.2,80.0,0.0
2025-07-23T00:00Z,25.6,83.0,0.0
2025-07-23T01:00Z,24.7,88.0,0.0
2025-07-23T02:00Z,24.0,89.0,0.0
2025-07-23T03:00Z,23.5,88.0,0.0
2025-07-23T04:00Z,23.1,89.0,0.0
2025-07-23T05:00Z,23.4,86.0,16.0
2025-07-23T06:00Z,25.5,72.0,137.0
2025-07-23T07:00Z,28.3,57.0,320.0
2025-07-23T08:00Z,31.1,39.0,510.0
2025-07-23T09:00Z,33.8,31.0,681.0
2025-07-23T10:00Z,36.0,29.0,815.0
2025-07-23T11:00Z,38.1,28.0,897.0
2025-07-23T12:00Z,39.8,26.0,922.0
2025-07-23T13:00Z,41.7,21.0,881.0
2025-07-23T14:00Z,39.1,28.0,519.0
2025-07-23T15:00Z,39.2,28.0,531.0
2025-07-23T16:00Z,40.2,22.0,462.0
2025-07-23T17:00Z,38.8,24.0,292.0
2025-07-23T18:00Z,35.7,29.0,111.0
2025-07-23T19:00Z,33.5,34.0,9.0
2025-07-23T20:00Z,31.9,37.0,0.0
2025-07-23T21:00Z,30.5,43.0,0.0
2025-07-23T22:00Z,29.6,48.0,0.0
2025-07-23T23:00Z,29.0,53.0,0.0
2025-07-24T00:00Z,28.5,60.0,0.0
2025-07-24T01:00Z,30.9,38.0,0.0
2025-07-24T02:00Z,29.8,41.0,0.0
2025-07-24T03:00Z,29.0,55.0,0.0
2025-07-24T04:00Z,28.2,62.0,0.0
2025-07-24T05:00Z,28.0,66.0,15.0
2025-07-24T06:00Z,29.4,57.0,136.0
2025-07-24T07:00Z,31.7,46.0,320.0
2025-07-24T08:00Z,34.7,38.0,512.0
2025-07-24T09:00Z,37.5,31.0,683.0
2025-07-24T10:00Z,40.0,26.0,818.0
2025-07-24T11:00Z,41.7,22.0,906.0
2025-07-24T12:00Z,42.8,17.0,794.0
2025-07-24T13:00Z,41.0,16.0,587.0
2025-07-24T14:00Z,40.1,16.0,255.0
2025-07-24T15:00Z,44.0,9.0,548.0
2025-07-24T16:00Z,41.6,17.0,327.0
2025-07-24T17:00Z,39.3,24.0,230.0
2025-07-24T18:00Z,37.3,28.0,94.0
2025-07-24T19:00Z,35.8,30.0,6.0
2025-07-24T20:00Z,34.6,33.0,0.0
2025-07-24T21:00Z,33.0,39.0,0.0
2025-07-24T22:00Z,32.0,42.0,0.0
2025-07-24T23:00Z,31.2,47.0,0.0
2025-07-25T00:00Z,30.7,47.0,0.0
2025-07-25T01:00Z,29.9,42.0,0.0
2025-07-25T02:00Z,29.8,43.0,0.0
2025-07-25T03:00Z,30.2,39.0,0.0
2025-07-25T04:00Z,30.2,37.0,0.0
2025-07-25T05:00Z,31.3,36.0,15.0
2025-07-25T06:00Z,33.8,28.0,136.0
2025-07-25T07:00Z,35.8,28.0,325.0
2025-07-25T08:00Z,38.5,23.0,519.0
2025-07-25T09:00Z,41.7,16.0,693.0
2025-07-25T10:00Z,43.5,14.0,829.0
2025-07-25T11:00Z,45.3,10.0,815.0
2025-07-25T12:00Z,44.3,10.0,571.0
2025-07-25T13:00Z,38.8,25.0,603.0
2025-07-25T14:00Z,38.0,30.0,703.0
2025-07-25T15:00Z,35.7,40.0,531.0
2025-07-25T16:00Z,34.0,44.0,397.0
2025-07-25T17:00Z,32.6,50.0,147.0
2025-07-25T18:00Z,30.5,57.0,83.0
2025-07-25T19:00Z,29.2,59.0,5.0
2025-07-25T20:00Z,28.0,60.0,0.0
2025-07-25T21:00Z,27.3,59.0,0.0
2025-07-25T22:00Z,27.0,52.0,0.0
2025-07-25T23:00Z,26.6,58.0,0.0
2025-07-26T00:00Z,25.9,64.0,0.0
2025-07-26T01:00Z,25.7,65.0,0.0
2025-07-26T02:00Z,25.6,66.0,0.0
2025-07-26T03:00Z,25.5,68.0,0.0
2025-07-26T04:00Z,25.0,72.0,0.0
2025-07-26T05:00Z,25.0,71.0,13.0
2025-07-26T06:00Z,25.6,68.0,126.0
2025-07-26T07:00Z,26.8,61.0,305.0
2025-07-26T08:00Z,28.2,54.0,500.0
2025-07-26T09:00Z,29.5,48.0,614.0
2025-07-26T10:00Z,30.2,44.0,698.0
2025-07-26T11:00Z,31.1,39.0,832.0
2025-07-26T12:00Z,31.5,35.0,839.0
2025-07-26T13:00Z,31.6,30.0,793.0
2025-07-26T14:00Z,31.2,32.0,721.0
2025-07-26T15:00Z,30.8,34.0,612.0
2025-07-26T16:00Z,29.9,37.0,473.0
2025-07-26T17:00Z,28.4,41.0,285.0
2025-07-26T18:00Z,26.9,51.0,110.0
2025-07-26T19:00Z,25.8,54.0,8.0
2025-07-26T20:00Z,25.1,58.0,0.0
2025-07-26T21:00Z,24.9,60.0,0.0
2025-07-26T22:00Z,24.6,62.0,0.0
2025-07-26T23:00Z,24.2,64.0,0.0
2025-07-27T00:00Z,24.0,66.0,0.0
2025-07-27T01:00Z,24.1,65.0,0.0
2025-07-27T02:00Z,23.9,65.0,0.0
2025-07-27T03:00Z,23.6,65.0,0.0
2025-07-27T04:00Z,23.5,66.0,0.0
2025-07-27T05:00Z,23.6,65.0,13.0
2025-07-27T06:00Z,24.7,62.0,127.0
2025-07-27T07:00Z,26.7,53.0,309.0
2025-07-27T08:00Z,28.2,45.0,437.0
2025-07-27T09:00Z,29.6,40.0,588.0
2025-07-27T10:00Z,30.7,37.0,690.0
2025-07-27T11:00Z,30.6,37.0,549.0
2025-07-27T12:00Z,31.0,36.0,702.0
2025-07-27T13:00Z,31.7,36.0,858.0
2025-07-27T14:00Z,31.1,36.0,772.0
2025-07-27T15:00Z,30.8,36.0,648.0
2025-07-27T16:00Z,29.6,41.0,475.0
2025-07-27T17:00Z,28.5,45.0,282.0
2025-07-27T18:00Z,27.4,47.0,107.0
2025-07-27T19:00Z,26.3,53.0,7.0
2025-07-27T20:00Z,25.6,58.0,0.0
2025-07-27T21:00Z,25.1,63.0,0.0
2025-07-27T22:00Z,24.7,67.0,0.0
2025-07-27T23:00Z,24.2,70.0,0.0
2025-07-28T00:00Z,23.9,72.0,0.0
2025-07-28T01:00Z,23.9,71.0,0.0
2025-07-28T02:00Z,23.5,72.0,0.0
2025-07-28T03:00Z,23.2,75.0,0.0
2025-07-28T04:00Z,22.6,78.0,0.0
2025-07-28T05:00Z,22.5,79.0,13.0
2025-07-28T06:00Z,23.5,73.0,126.0
2025-07-28T07:00Z,25.5,64.0,305.0
2025-07-28T08:00Z,27.6,55.0,493.0
2025-07-28T09:00Z,29.8,44.0,671.0
2025-07-28T10:00Z,31.2,37.0,799.0
2025-07-28T11:00Z,32.0,33.0,881.0
2025-07-28T12:00Z,32.5,30.0,906.0
2025-07-28T13:00Z,32.8,30.0,869.0
2025-07-28T14:00Z,32.5,33.0,759.0
2025-07-28T15:00Z,31.6,36.0,637.0
2025-07-28T16:00Z,30.5,40.0,468.0
2025-07-28T17:00Z,29.1,44.0,278.0
2025-07-28T18:00Z,27.5,50.0,103.0
2025-07-28T19:00Z,26.2,55.0,6.0
2025-07-28T20:00Z,25.8,57.0,0.0
2025-07-28T21:00Z,25.4,61.0,0.0
2025-07-28T22:00Z,24.9,62.0,0.0
2025-07-28T23:00Z,24.5,63.0,0.0
2025-07-29T00:00Z,24.3,63.0,0.0
2025-07-29T01:00Z,23.6,63.0,0.0
2025-07-29T02:00Z,23.1,69.0,0.0
2025-07-29T03:00Z,23.0,71.0,0.0
2025-07-29T04:00Z,23.0,71.0,0.0
2025-07-29T05:00Z,23.1,69.0,12.0
2025-07-29T06:00Z,24.2,61.0,125.0
2025-07-29T07:00Z,25.9,50.0,306.0
2025-07-29T08:00Z,27.2,43.0,491.0
2025-07-29T09:00Z,28.5,39.0,667.0
2025-07-29T10:00Z,29.5,34.0,804.0
2025-07-29T11:00Z,30.2,33.0,875.0
2025-07-29T12:00Z,30.6,31.0,902.0
2025-07-29T13:00Z,30.8,30.0,855.0
2025-07-29T14:00Z,30.4,31.0,748.0
2025-07-29T15:00Z,29.8,32.0,651.0
2025-07-29T16:00Z,28.5,36.0,462.0
2025-07-29T17:00Z,27.4,40.0,280.0
2025-07-29T18:00Z,26.1,44.0,105.0
2025-07-29T19:00Z,25.1,48.0,6.0
2025-07-29T20:00Z,24.4,52.0,0.0
2025-07-29T21:00Z,23.9,56.0,0.0
2025-07-29T22:00Z,23.4,59.0,0.0
2025-07-29T23:00Z,23.1,61.0,0.0
2025-07-30T00:00Z,22.8,63.0,0.0
2025-07-30T01:00Z,22.2,64.0,0.0
2025-07-30T02:00Z,21.9,66.0,0.0
2025-07-30T03:00Z,21.7,67.0,0.0
2025-07-30T04:00Z,21.5,68.0,0.0
2025-07-30T05:00Z,21.6,68.0,12.0
2025-07-30T06:00Z,23.1,62.0,126.0
2025-07-30T07:00Z,25.1,54.0,310.0
2025-07-30T08:00Z,27.0,45.0,474.0
2025-07-30T09:00Z,28.8,38.0,642.0
2025-07-30T10:00Z,30.1,33.0,758.0
2025-07-30T11:00Z,31.0,31.0,816.0
2025-07-30T12:00Z,31.7,28.0,887.0
2025-07-30T13:00Z,31.4,30.0,848.0
2025-07-30T14:00Z,31.0,29.0,786.0
2025-07-30T15:00Z,29.9,29.0,655.0
2025-07-30T16:00Z,28.6,35.0,480.0
2025-07-30T17:00Z,27.2,41.0,283.0
2025-07-30T18:00Z,26.2,43.0,103.0
2025-07-30T19:00Z,25.1,50.0,6.0
2025-07-30T20:00Z,24.5,54.0,0.0
2025-07-30T21:00Z,24.0,57.0,0.0
2025-07-30T22:00Z,23.5,60.0,0.0
2025-07-30T23:00Z,23.1,63.0,0.0
2025-07-31T00:00Z,22.8,65.0,0.0
2025-07-31T01:00Z,22.3,68.0,0.0
2025-07-31T02:00Z,22.0,71.0,0.0
2025-07-31T03:00Z,21.9,72.0,0.0
2025-07-31T04:00Z,21.8,72.0,0.0
2025-07-31T05:00Z,21.9,71.0,11.0
2025-07-31T06:00Z,23.4,64.0,125.0
2025-07-31T07:00Z,25.0,55.0,310.0
2025-07-31T08:00Z,26.6,47.0,499.0
2025-07-31T09:00Z,28.3,40.0,668.0
2025-07-31T10:00Z,29.7,36.0,804.0
2025-07-31T11:00Z,30.8,33.0,887.0
2025-07-31T12:00Z,31.6,30.0,912.0
2025-07-31T13:00Z,32.0,29.0,881.0
2025-07-31T14:00Z,31.9,30.0,796.0
2025-07-31T15:00Z,31.2,32.0,655.0
2025-07-31T16:00Z,30.2,35.0,477.0
2025-07-31T17:00Z,28.8,40.0,281.0
2025-07-31T18:00Z,27.3,47.0,101.0
2025-07-31T19:00Z,26.1,54.0,5.0
2025-07-31T20:00Z,25.2,61.0,0.0
2025-07-31T21:00Z,24.4,67.0,0.0
2025-07-31T22:00Z,23.8,71.0,0.0
2025-07-31T23:00Z,23.1,74.0,0.0
2025-08-01T00:00Z,22.6,76.0,0.0
2025-08-01T01:00Z,21.8,73.0,0.0
2025-08-01T02:00Z,21.3,74.0,0.0
2025-08-01T03:00Z,20.5,80.0,0.0
2025-08-01T04:00Z,20.0,83.0,0.0
2025-08-01T05:00Z,20.1,82.0,11.0
2025-08-01T06:00Z,21.5,74.0,122.0
2025-08-01T07:00Z,24.1,61.0,306.0
2025-08-01T08:00Z,26.9,45.0,497.0
2025-08-01T09:00Z,29.2,35.0,668.0
2025-08-01T10:00Z,30.7,31.0,719.0
2025-08-01T11:00Z,31.9,30.0,813.0
2025-08-01T12:00Z,32.8,29.0,906.0
2025-08-01T13:00Z,33.2,28.0,869.0
2025-08-01T14:00Z,33.0,30.0,775.0
2025-08-01T15:00Z,31.5,38.0,633.0
2025-08-01T16:00Z,29.9,45.0,458.0
2025-08-01T17:00Z,28.4,51.0,255.0
2025-08-01T18:00Z,26.9,58.0,95.0
2025-08-01T19:00Z,26.0,64.0,5.0
2025-08-01T20:00Z,25.6,68.0,0.0
2025-08-01T21:00Z,25.4,70.0,0.0
2025-08-01T22:00Z,25.1,71.0,0.0
2025-08-01T23:00Z,24.8,72.0,0.0
2025-08-02T00:00Z,24.3,73.0,0.0
2025-08-02T01:00Z,23.8,74.0,0.0
2025-08-02T02:00Z,23.2,77.0,0.0
2025-08-02T03:00Z,23.1,77.0,0.0
2025-08-02T04:00Z,22.9,78.0,0.0
2025-08-02T05:00Z,22.9,79.0,9.0
2025-08-02T06:00Z,23.7,74.0,103.0
2025-08-02T07:00Z,25.2,64.0,248.0
2025-08-02T08:00Z,26.6,56.0,378.0
2025-08-02T09:00Z,28.6,50.0,530.0
2025-08-02T10:00Z,30.5,43.0,718.0
2025-08-02T11:00Z,32.5,34.0,864.0
2025-08-02T12:00Z,34.1,26.0,903.0
2025-08-02T13:00Z,34.0,25.0,877.0
2025-08-02T14:00Z,33.7,29.0,784.0
2025-08-02T15:00Z,33.3,32.0,641.0
2025-08-02T16:00Z,32.3,34.0,463.0
2025-08-02T17:00Z,30.9,38.0,270.0
2025-08-02T18:00Z,29.3,43.0,95.0
2025-08-02T19:00Z,27.5,50.0,4.0
2025-08-02T20:00Z,26.3,56.0,0.0
2025-08-02T21:00Z,25.4,60.0,0.0
2025-08-02T22:00Z,24.6,66.0,0.0
2025-08-02T23:00Z,24.0,70.0,0.0
2025-08-03T00:00Z,23.6,72.0,0.0
2025-08-03T01:00Z,23.2,75.0,0.0
2025-08-03T02:00Z,22.9,76.0,0.0
2025-08-03T03:00Z,22.6,76.0,0.0
2025-08-03T04:00Z,22.2,78.0,0.0
2025-08-03T05:00Z,22.2,76.0,9.0
2025-08-03T06:00Z,23.6,69.0,114.0
2025-08-03T07:00Z,25.8,59.0,292.0
2025-08-03T08:00Z,28.0,49.0,484.0
2025-08-03T09:00Z,29.7,42.0,614.0
2025-08-03T10:00Z,31.5,37.0,802.0
2025-08-03T11:00Z,32.5,36.0,886.0
2025-08-03T12:00Z,33.2,34.0,911.0
2025-08-03T13:00Z,33.3,35.0,873.0
2025-08-03T14:00Z,33.0,34.0,783.0
2025-08-03T15:00Z,32.2,36.0,639.0
2025-08-03T16:00Z,31.2,38.0,442.0
2025-08-03T17:00Z,29.5,41.0,267.0
2025-08-03T18:00Z,27.9,43.0,92.0
2025-08-03T19:00Z,26.4,47.0,4.0
2025-08-03T20:00Z,25.3,55.0,0.0
2025-08-03T21:00Z,24.5,60.0,0.0
2025-08-03T22:00Z,24.0,63.0,0.0
2025-08-03T23:00Z,23.5,64.0,0.0
2025-08-04T00:00Z,23.1,66.0,0.0
2025-08-04T01:00Z,22.6,65.0,0.0
2025-08-04T02:00Z,22.3,69.0,0.0
2025-08-04T03:00Z,22.0,71.0,0.0
2025-08-04T04:00Z,21.7,74.0,0.0
2025-08-04T05:00Z,21.6,75.0,9.0
2025-08-04T06:00Z,22.7,68.0,118.0
2025-08-04T07:00Z,24.1,59.0,307.0
2025-08-04T08:00Z,25.9,48.0,508.0
2025-08-04T09:00Z,27.6,40.0,687.0
2025-08-04T10:00Z,29.0,38.0,818.0
2025-08-04T11:00Z,30.0,36.0,905.0
2025-08-04T12:00Z,30.6,35.0,926.0
2025-08-04T13:00Z,31.0,35.0,892.0
2025-08-04T14:00Z,30.8,35.0,794.0
2025-08-04T15:00Z,30.4,37.0,651.0
2025-08-04T16:00Z,29.3,40.0,469.0
2025-08-04T17:00Z,28.4,42.0,272.0
2025-08-04T18:00Z,27.1,46.0,93.0
2025-08-04T19:00Z,26.0,51.0,4.0
2025-08-04T20:00Z,24.9,59.0,0.0
2025-08-04T21:00Z,23.8,68.0,0.0
2025-08-04T22:00Z,23.0,74.0,0.0
2025-08-04T23:00Z,22.4,78.0,0.0
2025-08-05T00:00Z,21.9,81.0,0.0
2025-08-05T01:00Z,21.1,82.0,0.0
2025-08-05T02:00Z,20.8,84.0,0.0
2025-08-05T03:00Z,20.2,87.0,0.0
2025-08-05T04:00Z,19.8,89.0,0.0
2025-08-05T05:00Z,19.6,89.0,8.0
2025-08-05T06:00Z,21.1,80.0,115.0
2025-08-05T07:00Z,23.5,70.0,299.0
2025-08-05T08:00Z,25.8,60.0,495.0
2025-08-05T09:00Z,28.0,48.0,669.0
2025-08-05T10:00Z,29.6,42.0,801.0
2025-08-05T11:00Z,30.9,38.0,883.0
2025-08-05T12:00Z,31.5,35.0,905.0
2025-08-05T13:00Z,32.0,33.0,870.0
2025-08-05T14:00Z,31.8,35.0,778.0
2025-08-05T15:00Z,31.0,37.0,636.0
2025-08-05T16:00Z,29.6,42.0,458.0
2025-08-05T17:00Z,28.1,47.0,264.0
2025-08-05T18:00Z,26.7,53.0,89.0
2025-08-05T19:00Z,25.5,60.0,3.0
2025-08-05T20:00Z,24.8,67.0,0.0
2025-08-05T21:00Z,24.1,71.0,0.0
2025-08-05T22:00Z,23.5,75.0,0.0
2025-08-05T23:00Z,23.0,78.0,0.0
2025-08-06T00:00Z,22.6,80.0,0.0
2025-08-06T01:00Z,22.0,83.0,0.0
2025-08-06T02:00Z,21.6,85.0,0.0
2025-08-06T03:00Z,21.4,86.0,0.0
2025-08-06T04:00Z,21.0,87.0,0.0
2025-08-06T05:00Z,21.0,87.0,7.0
2025-08-06T06:00Z,22.2,80.0,109.0
2025-08-06T07:00Z,24.2,70.0,288.0
2025-08-06T08:00Z,26.5,61.0,480.0
2025-08-06T09:00Z,28.8,50.0,654.0
2025-08-06T10:00Z,30.8,42.0,788.0
2025-08-06T11:00Z,32.5,37.0,869.0
2025-08-06T12:00Z,33.5,34.0,894.0
2025-08-06T13:00Z,33.3,38.0,858.0
2025-08-06T14:00Z,31.8,50.0,765.0
2025-08-06T15:00Z,30.8,54.0,615.0
2025-08-06T16:00Z,30.0,54.0,446.0
2025-08-06T17:00Z,29.0,55.0,256.0
2025-08-06T18:00Z,27.5,62.0,85.0
2025-08-06T19:00Z,26.5,67.0,3.0
2025-08-06T20:00Z,25.9,71.0,0.0
2025-08-06T21:00Z,25.4,74.0,0.0
2025-08-06T22:00Z,24.9,77.0,0.0
2025-08-06T23:00Z,24.2,82.0,0.0
2025-08-07T00:00Z,23.6,85.0,0.0
2025-08-07T01:00Z,22.7,90.0,0.0
2025-08-07T02:00Z,22.2,92.0,0.0
2025-08-07T03:00Z,21.9,93.0,0.0
2025-08-07T04:00Z,21.6,96.0,0.0
2025-08-07T05:00Z,21.2,99.0,7.0
2025-08-07T06:00Z,23.1,85.0,106.0
2025-08-07T07:00Z,25.7,68.0,289.0
2025-08-07T08:00Z,28.4,55.0,489.0
2025-08-07T09:00Z,31.1,39.0,665.0
2025-08-07T10:00Z,33.2,30.0,801.0
2025-08-07T11:00Z,34.4,29.0,887.0
2025-08-07T12:00Z,34.2,33.0,913.0
2025-08-07T13:00Z,34.2,29.0,872.0
2025-08-07T14:00Z,34.0,28.0,779.0
2025-08-07T15:00Z,33.3,31.0,637.0
2025-08-07T16:00Z,32.0,36.0,458.0
2025-08-07T17:00Z,30.0,43.0,262.0
2025-08-07T18:00Z,27.6,59.0,85.0
2025-08-07T19:00Z,26.2,74.0,2.0
2025-08-07T20:00Z,25.6,81.0,0.0
2025-08-07T21:00Z,25.3,84.0,0.0
2025-08-07T22:00Z,25.0,86.0,0.0
2025-08-07T23:00Z,24.5,88.0,0.0
2025-08-08T00:00Z,24.0,91.0,0.0
2025-08-08T01:00Z,22.9,97.0,0.0
2025-08-08T02:00Z,22.5,99.0,0.0
2025-08-08T03:00Z,22.2,100.0,0.0
2025-08-08T04:00Z,22.1,100.0,0.0
2025-08-08T05:00Z,22.0,99.0,5.0
2025-08-08T06:00Z,22.6,94.0,75.0
2025-08-08T07:00Z,24.8,80.0,227.0
2025-08-08T08:00Z,27.7,61.0,479.0
2025-08-08T09:00Z,30.4,41.0,666.0
2025-08-08T10:00Z,31.5,39.0,806.0
2025-08-08T11:00Z,32.0,34.0,891.0
2025-08-08T12:00Z,32.6,30.0,917.0
2025-08-08T13:00Z,32.3,37.0,885.0
2025-08-08T14:00Z,31.7,41.0,790.0
2025-08-08T15:00Z,31.2,46.0,643.0
2025-08-08T16:00Z,30.1,55.0,459.0
2025-08-08T17:00Z,28.8,61.0,260.0
2025-08-08T18:00Z,27.5,66.0,83.0
2025-08-08T19:00Z,26.7,70.0,2.0
2025-08-08T20:00Z,26.3,72.0,0.0
2025-08-08T21:00Z,26.1,70.0,0.0
2025-08-08T22:00Z,25.7,71.0,0.0
2025-08-08T23:00Z,24.8,78.0,0.0
2025-08-09T00:00Z,24.0,83.0,0.0
2025-08-09T01:00Z,23.0,88.0,0.0
2025-08-09T02:00Z,22.4,92.0,0.0
2025-08-09T03:00Z,21.8,95.0,0.0
2025-08-09T04:00Z,21.4,96.0,0.0
2025-08-09T05:00Z,21.3,98.0,6.0
2025-08-09T06:00Z,22.8,86.0,106.0
2025-08-09T07:00Z,25.5,72.0,288.0
2025-08-09T08:00Z,28.2,54.0,485.0
2025-08-09T09:00Z,30.5,43.0,661.0
2025-08-09T10:00Z,32.2,36.0,797.0
2025-08-09T11:00Z,33.2,33.0,882.0
2025-08-09T12:00Z,34.0,32.0,909.0
2025-08-09T13:00Z,34.5,32.0,873.0
2025-08-09T14:00Z,33.6,37.0,778.0
2025-08-09T15:00Z,31.5,50.0,630.0
2025-08-09T16:00Z,30.6,48.0,448.0
2025-08-09T17:00Z,29.5,55.0,253.0
2025-08-09T18:00Z,28.5,63.0,80.0
2025-08-09T19:00Z,28.2,65.0,2.0
2025-08-09T20:00Z,28.3,54.0,0.0
2025-08-09T21:00Z,27.5,54.0,0.0
2025-08-09T22:00Z,26.6,58.0,0.0
2025-08-09T23:00Z,25.8,63.0,0.0
2025-08-10T00:00Z,25.1,66.0,0.0
2025-08-10T01:00Z,24.0,74.0,0.0
2025-08-10T02:00Z,23.3,81.0,0.0
2025-08-10T03:00Z,22.8,85.0,0.0
2025-08-10T04:00Z,22.0,89.0,0.0
2025-08-10T05:00Z,21.9,89.0,6.0
2025-08-10T06:00Z,23.7,78.0,107.0
2025-08-10T07:00Z,26.5,65.0,291.0
2025-08-10T08:00Z,29.1,53.0,487.0
2025-08-10T09:00Z,31.6,39.0,663.0
2025-08-10T10:00Z,33.2,32.0,800.0
2025-08-10T11:00Z,34.3,28.0,883.0
2025-08-10T12:00Z,35.0,25.0,907.0
2025-08-10T13:00Z,35.5,24.0,873.0
2025-08-10T14:00Z,35.0,27.0,782.0
2025-08-10T15:00Z,33.5,34.0,633.0
2025-08-10T16:00Z,31.9,38.0,450.0
2025-08-10T17:00Z,30.2,45.0,252.0
2025-08-10T18:00Z,28.6,55.0,78.0
2025-08-10T19:00Z,27.9,63.0,1.0
2025-08-10T20:00Z,27.3,67.0,0.0
2025-08-10T21:00Z,26.8,70.0,0.0
2025-08-10T22:00Z,26.2,74.0,0.0
2025-08-10T23:00Z,25.6,77.0,0.0
2025-08-11T00:00Z,24.9,80.0,0.0
2025-08-11T01:00Z,24.2,81.0,0.0
2025-08-11T02:00Z,23.6,82.0,0.0
2025-08-11T03:00Z,23.1,82.0,0.0
2025-08-11T04:00Z,22.8,86.0,0.0
2025-08-11T05:00Z,22.5,89.0,5.0
2025-08-11T06:00Z,23.8,82.0,103.0
2025-08-11T07:00Z,26.1,68.0,285.0
2025-08-11T08:00Z,29.0,49.0,482.0
2025-08-11T09:00Z,31.5,36.0,659.0
2025-08-11T10:00Z,33.5,30.0,796.0
2025-08-11T11:00Z,34.7,27.0,881.0
2025-08-11T12:00Z,35.2,27.0,905.0
2025-08-11T13:00Z,35.7,25.0,866.0
2025-08-11T14:00Z,35.2,26.0,774.0
2025-08-11T15:00Z,34.5,28.0,634.0
2025-08-11T16:00Z,33.2,31.0,444.0
2025-08-11T17:00Z,31.4,36.0,250.0
2025-08-11T18:00Z,29.5,43.0,76.0
2025-08-11T19:00Z,28.1,53.0,1.0
2025-08-11T20:00Z,27.0,60.0,0.0
2025-08-11T21:00Z,26.1,67.0,0.0
2025-08-11T22:00Z,25.5,72.0,0.0
2025-08-11T23:00Z,25.0,75.0,0.0
2025-08-12T00:00Z,24.6,75.0,0.0
2025-08-12T01:00Z,24.0,72.0,0.0
2025-08-12T02:00Z,23.5,74.0,0.0
2025-08-12T03:00Z,22.9,76.0,0.0
2025-08-12T04:00Z,22.5,79.0,0.0
2025-08-12T05:00Z,22.4,78.0,5.0
2025-08-12T06:00Z,23.5,72.0,102.0
2025-08-12T07:00Z,25.6,62.0,282.0
2025-08-12T08:00Z,28.1,54.0,477.0
2025-08-12T09:00Z,30.6,46.0,651.0
2025-08-12T10:00Z,32.8,38.0,786.0
2025-08-12T11:00Z,34.3,31.0,868.0
2025-08-12T12:00Z,35.0,29.0,888.0
2025-08-12T13:00Z,35.7,26.0,806.0
2025-08-12T14:00Z,35.8,26.0,725.0
2025-08-12T15:00Z,34.5,30.0,463.0
2025-08-12T16:00Z,33.0,36.0,357.0
2025-08-12T17:00Z,31.4,42.0,222.0
2025-08-12T18:00Z,30.0,48.0,70.0
2025-08-12T19:00Z,28.6,54.0,1.0
2025-08-12T20:00Z,27.5,61.0,0.0
2025-08-12T21:00Z,26.3,69.0,0.0
2025-08-12T22:00Z,25.5,75.0,0.0
2025-08-12T23:00Z,25.1,77.0,0.0
2025-08-13T00:00Z,24.8,76.0,0.0
2025-08-13T01:00Z,24.0,74.0,0.0
2025-08-13T02:00Z,23.5,75.0,0.0
2025-08-13T03:00Z,23.1,77.0,0.0
2025-08-13T04:00Z,22.9,79.0,0.0
2025-08-13T05:00Z,22.8,80.0,5.0
2025-08-13T06:00Z,24.1,73.0,98.0
2025-08-13T07:00Z,26.0,65.0,277.0
2025-08-13T08:00Z,28.3,58.0,472.0
2025-08-13T09:00Z,30.2,52.0,643.0
2025-08-13T10:00Z,32.0,46.0,775.0
2025-08-13T11:00Z,33.7,39.0,854.0
2025-08-13T12:00Z,33.8,38.0,823.0
2025-08-13T13:00Z,32.5,43.0,771.0
2025-08-13T14:00Z,31.1,55.0,603.0
2025-08-13T15:00Z,31.0,54.0,536.0
2025-08-13T16:00Z,30.0,55.0,335.0
2025-08-13T17:00Z,29.4,58.0,215.0
2025-08-13T18:00Z,28.0,67.0,68.0
2025-08-13T19:00Z,26.9,77.0,1.0
2025-08-13T20:00Z,26.4,82.0,0.0
2025-08-13T21:00Z,26.0,83.0,0.0
2025-08-13T22:00Z,25.5,85.0,0.0
2025-08-13T23:00Z,25.0,87.0,0.0
2025-08-14T00:00Z,24.5,91.0,0.0
2025-08-14T01:00Z,23.4,96.0,0.0
2025-08-14T02:00Z,23.0,98.0,0.0
2025-08-14T03:00Z,22.5,100.0,0.0
2025-08-14T04:00Z,22.4,100.0,0.0
2025-08-14T05:00Z,22.1,99.0,3.0
2025-08-14T06:00Z,22.6,94.0,71.0
2025-08-14T07:00Z,24.4,81.0,228.0
2025-08-14T08:00Z,27.1,64.0,463.0
2025-08-14T09:00Z,29.8,51.0,647.0
2025-08-14T10:00Z,32.2,40.0,785.0
2025-08-14T11:00Z,33.5,36.0,870.0
2025-08-14T12:00Z,33.1,41.0,865.0
2025-08-14T13:00Z,32.3,49.0,816.0
2025-08-14T14:00Z,32.0,50.0,708.0
2025-08-14T15:00Z,32.1,46.0,564.0
2025-08-14T16:00Z,31.2,48.0,396.0
2025-08-14T17:00Z,29.9,57.0,223.0
2025-08-14T18:00Z,28.1,67.0,65.0
2025-08-14T19:00Z,27.1,74.0,0.0
2025-08-14T20:00Z,26.5,76.0,0.0
2025-08-14T21:00Z,26.2,78.0,0.0
2025-08-14T22:00Z,25.9,79.0,0.0
2025-08-14T23:00Z,25.4,80.0,0.0
2025-08-15T00:00Z,24.8,82.0,0.0
2025-08-15T01:00Z,23.6,83.0,0.0
2025-08-15T02:00Z,23.0,85.0,0.0
2025-08-15T03:00Z,22.4,89.0,0.0
2025-08-15T04:00Z,21.8,93.0,0.0
2025-08-15T05:00Z,21.4,95.0,4.0
2025-08-15T06:00Z,22.6,88.0,96.0
2025-08-15T07:00Z,25.4,67.0,276.0
2025-08-15T08:00Z,28.1,51.0,472.0
2025-08-15T09:00Z,31.0,40.0,647.0
2025-08-15T10:00Z,33.5,32.0,783.0
2025-08-15T11:00Z,34.8,28.0,871.0
2025-08-15T12:00Z,34.3,35.0,767.0
2025-08-15T13:00Z,32.7,42.0,732.0
2025-08-15T14:00Z,35.0,29.0,642.0
2025-08-15T15:00Z,34.2,32.0,529.0
2025-08-15T16:00Z,34.4,29.0,396.0
2025-08-15T17:00Z,33.1,33.0,216.0
2025-08-15T18:00Z,31.4,41.0,63.0
2025-08-15T19:00Z,30.0,46.0,0.0
2025-08-15T20:00Z,28.7,52.0,0.0
2025-08-15T21:00Z,27.5,57.0,0.0
2025-08-15T22:00Z,26.5,62.0,0.0
2025-08-15T23:00Z,25.8,66.0,0.0
2025-08-16T00:00Z,25.2,70.0,0.0
2025-08-16T01:00Z,24.8,68.0,0.0
2025-08-16T02:00Z,24.2,70.0,0.0
2025-08-16T03:00Z,23.8,73.0,0.0
2025-08-16T04:00Z,23.5,82.0,0.0
2025-08-16T05:00Z,23.3,88.0,3.0
2025-08-16T06:00Z,24.6,84.0,90.0
2025-08-16T07:00Z,26.6,71.0,255.0
2025-08-16T08:00Z,28.5,62.0,413.0
2025-08-16T09:00Z,29.9,55.0,619.0
2025-08-16T10:00Z,31.0,50.0,721.0
2025-08-16T11:00Z,31.9,47.0,782.0
2025-08-16T12:00Z,33.0,42.0,821.0
2025-08-16T13:00Z,30.1,53.0,619.0
2025-08-16T14:00Z,28.3,59.0,666.0
2025-08-16T15:00Z,29.1,58.0,465.0
2025-08-16T16:00Z,30.0,52.0,387.0
2025-08-16T17:00Z,29.2,55.0,209.0
2025-08-16T18:00Z,28.1,64.0,58.0
2025-08-16T19:00Z,27.2,70.0,0.0
2025-08-16T20:00Z,26.5,74.0,0.0
2025-08-16T21:00Z,25.8,80.0,0.0
2025-08-16T22:00Z,25.2,84.0,0.0
2025-08-16T23:00Z,24.8,88.0,0.0
2025-08-17T00:00Z,24.4,89.0,0.0
2025-08-17T01:00Z,23.8,92.0,0.0
2025-08-17T02:00Z,23.5,93.0,0.0
2025-08-17T03:00Z,23.2,94.0,0.0
2025-08-17T04:00Z,23.0,94.0,0.0
2025-08-17T05:00Z,23.1,94.0,3.0
2025-08-17T06:00Z,24.5,85.0,88.0
2025-08-17T07:00Z,26.1,77.0,260.0
2025-08-17T08:00Z,28.0,68.0,448.0
2025-08-17T09:00Z,29.8,58.0,616.0
2025-08-17T10:00Z,31.2,51.0,748.0
2025-08-17T11:00Z,32.4,45.0,807.0
2025-08-17T12:00Z,33.2,42.0,786.0
2025-08-17T13:00Z,33.7,39.0,780.0
2025-08-17T14:00Z,33.8,40.0,696.0
2025-08-17T15:00Z,33.3,41.0,543.0
2025-08-17T16:00Z,33.5,38.0,399.0
2025-08-17T17:00Z,31.8,45.0,221.0
2025-08-17T18:00Z,30.1,52.0,59.0
2025-08-17T19:00Z,28.5,66.0,0.0
2025-08-17T20:00Z,27.8,66.0,0.0
2025-08-17T21:00Z,27.0,66.0,0.0
2025-08-17T22:00Z,26.3,70.0,0.0
2025-08-17T23:00Z,25.4,74.0,0.0
2025-08-18T00:00Z,24.7,77.0,0.0
2025-08-18T01:00Z,24.4,79.0,0.0
2025-08-18T02:00Z,23.6,84.0,0.0
2025-08-18T03:00Z,23.3,87.0,0.0
2025-08-18T04:00Z,23.0,89.0,0.0
2025-08-18T05:00Z,23.0,89.0,3.0
2025-08-18T06:00Z,24.4,82.0,86.0
2025-08-18T07:00Z,26.2,75.0,258.0
2025-08-18T08:00Z,28.1,66.0,449.0
2025-08-18T09:00Z,29.9,57.0,576.0
2025-08-18T10:00Z,31.5,49.0,737.0
2025-08-18T11:00Z,32.8,44.0,840.0
2025-08-18T12:00Z,32.7,44.0,835.0
2025-08-18T13:00Z,32.1,48.0,767.0
2025-08-18T14:00Z,30.7,61.0,607.0
2025-08-18T15:00Z,30.3,62.0,523.0
2025-08-18T16:00Z,29.4,64.0,379.0
2025-08-18T17:00Z,28.4,69.0,218.0
2025-08-18T18:00Z,27.2,77.0,56.0
2025-08-18T19:00Z,26.5,82.0,0.0
2025-08-18T20:00Z,26.0,85.0,0.0
2025-08-18T21:00Z,25.6,88.0,0.0
2025-08-18T22:00Z,25.2,91.0,0.0
2025-08-18T23:00Z,24.8,92.0,0.0
2025-08-19T00:00Z,24.2,95.0,0.0
2025-08-19T01:00Z,23.0,98.0,0.0
2025-08-19T02:00Z,22.5,99.0,0.0
2025-08-19T03:00Z,22.3,98.0,0.0
2025-08-19T04:00Z,21.9,99.0,0.0
2025-08-19T05:00Z,21.9,100.0,2.0
2025-08-19T06:00Z,23.0,92.0,83.0
2025-08-19T07:00Z,25.6,77.0,261.0
2025-08-19T08:00Z,28.4,62.0,459.0
2025-08-19T09:00Z,30.8,51.0,638.0
2025-08-19T10:00Z,33.0,40.0,776.0
2025-08-19T11:00Z,34.7,35.0,861.0
2025-08-19T12:00Z,35.9,31.0,885.0
2025-08-19T13:00Z,35.9,32.0,841.0
2025-08-19T14:00Z,34.9,39.0,744.0
2025-08-19T15:00Z,34.3,38.0,594.0
2025-08-19T16:00Z,34.3,40.0,410.0
2025-08-19T17:00Z,32.7,46.0,210.0
2025-08-19T18:00Z,29.7,61.0,53.0
2025-08-19T19:00Z,28.2,68.0,0.0
2025-08-19T20:00Z,27.6,72.0,0.0
2025-08-19T21:00Z,27.2,73.0,0.0
2025-08-19T22:00Z,27.0,76.0,0.0
2025-08-19T23:00Z,26.6,80.0,0.0
2025-08-20T00:00Z,26.7,73.0,0.0
2025-08-20T01:00Z,26.7,69.0,0.0
2025-08-20T02:00Z,26.5,68.0,0.0
2025-08-20T03:00Z,26.2,69.0,0.0
2025-08-20T04:00Z,25.9,70.0,0.0
2025-08-20T05:00Z,25.5,72.0,2.0
2025-08-20T06:00Z,26.5,71.0,87.0
2025-08-20T07:00Z,28.5,65.0,264.0
2025-08-20T08:00Z,31.4,55.0,459.0
2025-08-20T09:00Z,34.8,43.0,636.0
2025-08-20T10:00Z,37.8,33.0,772.0
2025-08-20T11:00Z,40.3,21.0,854.0
2025-08-20T12:00Z,41.4,16.0,883.0
2025-08-20T13:00Z,39.9,22.0,829.0
2025-08-20T14:00Z,36.5,41.0,598.0
2025-08-20T15:00Z,35.7,40.0,587.0
2025-08-20T16:00Z,34.5,40.0,307.0
2025-08-20T17:00Z,33.2,37.0,214.0
2025-08-20T18:00Z,31.0,44.0,52.0
2025-08-20T19:00Z,29.5,54.0,0.0
2025-08-20T20:00Z,28.6,63.0,0.0
2025-08-20T21:00Z,28.1,64.0,0.0
2025-08-20T22:00Z,27.7,57.0,0.0
2025-08-20T23:00Z,26.5,63.0,0.0
2025-08-21T00:00Z,25.7,70.0,0.0
2025-08-21T01:00Z,25.4,74.0,0.0
2025-08-21T02:00Z,24.9,79.0,0.0
2025-08-21T03:00Z,24.4,85.0,0.0
2025-08-21T04:00Z,24.1,85.0,0.0
2025-08-21T05:00Z,23.9,88.0,2.0
2025-08-21T06:00Z,25.0,84.0,83.0
2025-08-21T07:00Z,26.6,78.0,258.0
2025-08-21T08:00Z,28.7,67.0,419.0
2025-08-21T09:00Z,30.6,58.0,592.0
2025-08-21T10:00Z,32.5,50.0,744.0
2025-08-21T11:00Z,34.0,44.0,835.0
2025-08-21T12:00Z,34.4,43.0,858.0
2025-08-21T13:00Z,34.0,46.0,815.0
2025-08-21T14:00Z,32.9,56.0,668.0
2025-08-21T15:00Z,32.5,57.0,522.0
2025-08-21T16:00Z,32.0,52.0,384.0
2025-08-21T17:00Z,31.2,52.0,203.0
2025-08-21T18:00Z,29.4,59.0,49.0
2025-08-21T19:00Z,28.0,66.0,0.0
2025-08-21T20:00Z,26.9,73.0,0.0
2025-08-21T21:00Z,26.0,78.0,0.0
2025-08-21T22:00Z,25.6,81.0,0.0
2025-08-21T23:00Z,25.2,83.0,0.0
2025-08-22T00:00Z,25.0,84.0,0.0
2025-08-22T01:00Z,24.8,84.0,0.0
2025-08-22T02:00Z,24.4,86.0,0.0
2025-08-22T03:00Z,24.0,88.0,0.0
2025-08-22T04:00Z,23.9,86.0,0.0
2025-08-22T05:00Z,23.5,88.0,2.0
2025-08-22T06:00Z,24.5,83.0,81.0
2025-08-22T07:00Z,26.2,73.0,257.0
2025-08-22T08:00Z,28.1,63.0,449.0
2025-08-22T09:00Z,30.0,53.0,620.0
2025-08-22T10:00Z,31.5,46.0,693.0
2025-08-22T11:00Z,32.0,43.0,548.0
2025-08-22T12:00Z,32.3,43.0,616.0
2025-08-22T13:00Z,32.1,45.0,710.0
2025-08-22T14:00Z,32.3,42.0,643.0
2025-08-22T15:00Z,32.5,40.0,528.0
2025-08-22T16:00Z,31.5,43.0,381.0
2025-08-22T17:00Z,29.6,49.0,201.0
2025-08-22T18:00Z,27.8,57.0,47.0
2025-08-22T19:00Z,26.7,63.0,0.0
2025-08-22T20:00Z,26.0,67.0,0.0
2025-08-22T21:00Z,25.5,68.0,0.0
2025-08-22T22:00Z,25.0,70.0,0.0
2025-08-22T23:00Z,24.5,73.0,0.0
2025-08-23T00:00Z,24.2,75.0,0.0
2025-08-23T01:00Z,24.0,75.0,0.0
2025-08-23T02:00Z,23.5,76.0,0.0
2025-08-23T03:00Z,23.2,78.0,0.0
2025-08-23T04:00Z,22.8,81.0,0.0
2025-08-23T05:00Z,22.5,83.0,2.0
2025-08-23T06:00Z,23.8,75.0,81.0
2025-08-23T07:00Z,25.8,64.0,257.0
2025-08-23T08:00Z,27.5,56.0,451.0
2025-08-23T09:00Z,29.1,50.0,625.0
2025-08-23T10:00Z,30.7,44.0,761.0
2025-08-23T11:00Z,32.0,40.0,842.0
2025-08-23T12:00Z,32.8,38.0,863.0
2025-08-23T13:00Z,32.6,39.0,818.0
2025-08-23T14:00Z,32.6,36.0,699.0
2025-08-23T15:00Z,32.2,35.0,565.0
2025-08-23T16:00Z,31.4,36.0,397.0
2025-08-23T17:00Z,29.6,42.0,204.0
2025-08-23T18:00Z,28.0,50.0,45.0
2025-08-23T19:00Z,26.8,57.0,0.0
2025-08-23T20:00Z,26.0,62.0,0.0
2025-08-23T21:00Z,25.3,66.0,0.0
2025-08-23T22:00Z,24.8,69.0,0.0
2025-08-23T23:00Z,24.1,73.0,0.0
2025-08-24T00:00Z,23.5,76.0,0.0
2025-08-24T01:00Z,22.8,78.0,0.0
2025-08-24T02:00Z,22.2,82.0,0.0
2025-08-24T03:00Z,21.6,87.0,0.0
2025-08-24T04:00Z,21.2,88.0,0.0
2025-08-24T05:00Z,21.0,87.0,1.0
2025-08-24T06:00Z,22.4,79.0,81.0
2025-08-24T07:00Z,24.6,67.0,259.0
2025-08-24T08:00Z,26.8,58.0,455.0
2025-08-24T09:00Z,28.9,46.0,632.0
2025-08-24T10:00Z,30.9,39.0,767.0
2025-08-24T11:00Z,32.5,34.0,849.0
2025-08-24T12:00Z,33.2,33.0,870.0
2025-08-24T13:00Z,32.5,38.0,800.0
2025-08-24T14:00Z,30.2,51.0,536.0
2025-08-24T15:00Z,29.9,52.0,445.0
2025-08-24T16:00Z,28.9,57.0,323.0
2025-08-24T17:00Z,27.2,62.0,125.0
2025-08-24T18:00Z,26.5,67.0,42.0
2025-08-24T19:00Z,26.3,68.0,0.0
2025-08-24T20:00Z,26.2,71.0,0.0
2025-08-24T21:00Z,26.0,74.0,0.0
2025-08-24T22:00Z,25.8,74.0,0.0
2025-08-24T23:00Z,25.5,75.0,0.0
2025-08-25T00:00Z,25.0,79.0,0.0
2025-08-25T01:00Z,24.0,85.0,0.0
2025-08-25T02:00Z,23.5,90.0,0.0
2025-08-25T03:00Z,23.1,94.0,0.0
2025-08-25T04:00Z,22.6,97.0,0.0
2025-08-25T05:00Z,22.1,100.0,1.0
2025-08-25T06:00Z,23.4,95.0,76.0
2025-08-25T07:00Z,25.5,81.0,251.0
2025-08-25T08:00Z,27.5,69.0,446.0
2025-08-25T09:00Z,29.3,61.0,626.0
2025-08-25T10:00Z,31.0,54.0,764.0
2025-08-25T11:00Z,32.6,45.0,849.0
2025-08-25T12:00Z,33.5,40.0,874.0
2025-08-25T13:00Z,34.8,22.0,834.0
2025-08-25T14:00Z,34.0,25.0,734.0
2025-08-25T15:00Z,32.5,37.0,582.0
2025-08-25T16:00Z,31.0,45.0,395.0
2025-08-25T17:00Z,29.8,51.0,197.0
2025-08-25T18:00Z,29.0,59.0,40.0
2025-08-25T19:00Z,28.7,62.0,0.0
2025-08-25T20:00Z,27.8,65.0,0.0
2025-08-25T21:00Z,26.6,70.0,0.0
2025-08-25T22:00Z,26.0,72.0,0.0
2025-08-25T23:00Z,25.6,77.0,0.0
2025-08-26T00:00Z,25.1,73.0,0.0
2025-08-26T01:00Z,24.9,77.0,0.0
2025-08-26T02:00Z,24.4,82.0,0.0
2025-08-26T03:00Z,24.1,81.0,0.0
2025-08-26T04:00Z,24.1,81.0,0.0
2025-08-26T05:00Z,24.0,84.0,1.0
2025-08-26T06:00Z,25.1,80.0,75.0
2025-08-26T07:00Z,26.2,76.0,124.0
2025-08-26T08:00Z,27.1,72.0,154.0
2025-08-26T09:00Z,28.9,65.0,240.0
2025-08-26T10:00Z,32.2,51.0,631.0
2025-08-26T11:00Z,34.5,43.0,725.0
2025-08-26T12:00Z,36.5,36.0,847.0
2025-08-26T13:00Z,38.7,26.0,805.0
2025-08-26T14:00Z,37.4,28.0,686.0
2025-08-26T15:00Z,36.0,29.0,363.0
2025-08-26T16:00Z,36.7,27.0,361.0
2025-08-26T17:00Z,35.3,35.0,184.0
2025-08-26T18:00Z,32.5,50.0,36.0
2025-08-26T19:00Z,30.9,54.0,0.0
2025-08-26T20:00Z,29.5,61.0,0.0
2025-08-26T21:00Z,28.1,69.0,0.0
2025-08-26T22:00Z,27.6,74.0,0.0
2025-08-26T23:00Z,27.1,78.0,0.0
2025-08-27T00:00Z,26.8,81.0,0.0
2025-08-27T01:00Z,26.2,78.0,0.0
2025-08-27T02:00Z,26.2,75.0,0.0
2025-08-27T03:00Z,25.7,76.0,0.0
2025-08-27T04:00Z,25.7,70.0,0.0
2025-08-27T05:00Z,25.4,66.0,1.0
2025-08-27T06:00Z,27.0,54.0,74.0
2025-08-27T07:00Z,29.1,48.0,249.0
2025-08-27T08:00Z,32.1,41.0,443.0
2025-08-27T09:00Z,35.3,32.0,619.0
2025-08-27T10:00Z,37.8,27.0,754.0
2025-08-27T11:00Z,39.3,25.0,836.0
2025-08-27T12:00Z,40.1,25.0,856.0
2025-08-27T13:00Z,39.8,29.0,817.0
2025-08-27T14:00Z,38.3,36.0,585.0
2025-08-27T15:00Z,36.9,40.0,525.0
2025-08-27T16:00Z,35.2,46.0,347.0
2025-08-27T17:00Z,33.0,53.0,181.0
2025-08-27T18:00Z,31.0,62.0,34.0
2025-08-27T19:00Z,29.8,67.0,0.0
2025-08-27T20:00Z,29.1,71.0,0.0
2025-08-27T21:00Z,28.6,74.0,0.0
2025-08-27T22:00Z,28.4,75.0,0.0
2025-08-27T23:00Z,28.3,73.0,0.0
2025-08-28T00:00Z,28.0,72.0,0.0
2025-08-28T01:00Z,28.3,71.0,0.0
2025-08-28T02:00Z,28.3,64.0,0.0
2025-08-28T03:00Z,27.8,66.0,0.0
2025-08-28T04:00Z,28.5,63.0,0.0
2025-08-28T05:00Z,28.3,66.0,0.0
2025-08-28T06:00Z,29.4,58.0,55.0
2025-08-28T07:00Z,30.6,55.0,146.0
2025-08-28T08:00Z,33.0,50.0,360.0
2025-08-28T09:00Z,35.7,40.0,600.0
2025-08-28T10:00Z,37.9,29.0,744.0
2025-08-28T11:00Z,38.8,27.0,827.0
2025-08-28T12:00Z,39.0,29.0,845.0
2025-08-28T13:00Z,37.8,37.0,806.0
2025-08-28T14:00Z,36.2,42.0,707.0
2025-08-28T15:00Z,34.3,47.0,553.0
2025-08-28T16:00Z,33.2,49.0,214.0
2025-08-28T17:00Z,31.7,54.0,147.0
2025-08-28T18:00Z,29.6,63.0,33.0
2025-08-28T19:00Z,28.8,67.0,0.0
2025-08-28T20:00Z,27.9,77.0,0.0
2025-08-28T21:00Z,27.4,80.0,0.0
2025-08-28T22:00Z,27.2,77.0,0.0
2025-08-28T23:00Z,27.2,76.0,0.0
2025-08-29T00:00Z,27.0,75.0,0.0
2025-08-29T01:00Z,27.2,74.0,0.0
2025-08-29T02:00Z,26.5,75.0,0.0
2025-08-29T03:00Z,26.0,78.0,0.0
2025-08-29T04:00Z,25.5,84.0,0.0
2025-08-29T05:00Z,25.1,87.0,0.0
2025-08-29T06:00Z,25.5,84.0,61.0
2025-08-29T07:00Z,26.6,78.0,204.0
2025-08-29T08:00Z,28.0,69.0,390.0
2025-08-29T09:00Z,29.9,57.0,605.0
2025-08-29T10:00Z,31.5,48.0,728.0
2025-08-29T11:00Z,32.4,44.0,717.0
2025-08-29T12:00Z,33.3,43.0,805.0
2025-08-29T13:00Z,32.8,40.0,494.0
2025-08-29T14:00Z,30.2,60.0,508.0
2025-08-29T15:00Z,29.1,64.0,382.0
2025-08-29T16:00Z,29.4,61.0,241.0
2025-08-29T17:00Z,29.0,60.0,152.0
2025-08-29T18:00Z,27.9,69.0,27.0
2025-08-29T19:00Z,27.5,75.0,0.0
2025-08-29T20:00Z,27.0,70.0,0.0
2025-08-29T21:00Z,26.2,76.0,0.0
2025-08-29T22:00Z,25.7,80.0,0.0
2025-08-29T23:00Z,25.3,83.0,0.0
2025-08-30T00:00Z,25.0,84.0,0.0
2025-08-30T01:00Z,25.5,80.0,0.0
2025-08-30T02:00Z,25.1,82.0,0.0
2025-08-30T03:00Z,24.8,83.0,0.0
2025-08-30T04:00Z,24.4,84.0,0.0
2025-08-30T05:00Z,24.1,83.0,0.0
2025-08-30T06:00Z,24.8,76.0,68.0
2025-08-30T07:00Z,26.4,64.0,237.0
2025-08-30T08:00Z,28.0,55.0,428.0
2025-08-30T09:00Z,29.5,49.0,599.0
2025-08-30T10:00Z,31.2,42.0,726.0
2025-08-30T11:00Z,32.4,37.0,807.0
2025-08-30T12:00Z,32.8,36.0,813.0
2025-08-30T13:00Z,32.8,36.0,772.0
2025-08-30T14:00Z,32.5,36.0,659.0
2025-08-30T15:00Z,31.8,37.0,499.0
2025-08-30T16:00Z,30.5,37.0,339.0
2025-08-30T17:00Z,28.9,40.0,177.0
2025-08-30T18:00Z,27.7,44.0,30.0
2025-08-30T19:00Z,26.3,55.0,0.0
2025-08-30T20:00Z,25.4,63.0,0.0
2025-08-30T21:00Z,24.8,66.0,0.0
2025-08-30T22:00Z,24.4,68.0,0.0
2025-08-30T23:00Z,23.9,70.0,0.0
2025-08-31T00:00Z,23.2,74.0,0.0
2025-08-31T01:00Z,22.5,72.0,0.0
2025-08-31T02:00Z,22.1,75.0,0.0
2025-08-31T03:00Z,21.7,78.0,0.0
2025-08-31T04:00Z,21.3,81.0,0.0
2025-08-31T05:00Z,20.8,86.0,0.0
2025-08-31T06:00Z,22.1,79.0,68.0
2025-08-31T07:00Z,24.7,66.0,242.0
2025-08-31T08:00Z,27.1,49.0,438.0
2025-08-31T09:00Z,29.3,37.0,614.0
2025-08-31T10:00Z,30.8,31.0,751.0
2025-08-31T11:00Z,32.0,29.0,834.0
2025-08-31T12:00Z,32.5,29.0,856.0
2025-08-31T13:00Z,33.8,24.0,814.0
2025-08-31T14:00Z,33.5,27.0,708.0
2025-08-31T15:00Z,32.2,33.0,549.0
2025-08-31T16:00Z,30.6,40.0,364.0
2025-08-31T17:00Z,30.1,49.0,171.0
2025-08-31T18:00Z,29.5,42.0,27.0
2025-08-31T19:00Z,27.6,51.0,0.0
2025-08-31T20:00Z,26.5,61.0,0.0
2025-08-31T21:00Z,26.0,66.0,0.0
2025-08-31T22:00Z,26.0,67.0,0.0
2025-08-31T23:00Z,25.7,71.0,0.0
2025-09-01T00:00Z,25.5,71.0,0.0
2025-09-01T01:00Z,25.6,65.0,0.0
2025-09-01T02:00Z,25.5,64.0,0.0
2025-09-01T03:00Z,25.2,66.0,0.0
2025-09-01T04:00Z,25.0,69.0,0.0
2025-09-01T05:00Z,24.7,71.0,0.0
2025-09-01T06:00Z,25.7,67.0,67.0
2025-09-01T07:00Z,28.0,59.0,242.0
2025-09-01T08:00Z,31.2,47.0,440.0
2025-09-01T09:00Z,34.5,35.0,617.0
2025-09-01T10:00Z,37.2,26.0,754.0
2025-09-01T11:00Z,39.5,19.0,837.0
2025-09-01T12:00Z,40.8,15.0,856.0
2025-09-01T13:00Z,42.1,14.0,810.0
2025-09-01T14:00Z,40.3,23.0,710.0
2025-09-01T15:00Z,36.8,30.0,525.0
2025-09-01T16:00Z,35.7,33.0,360.0
2025-09-01T17:00Z,34.0,35.0,166.0
2025-09-01T18:00Z,31.9,38.0,25.0
2025-09-01T19:00Z,30.7,44.0,0.0
2025-09-01T20:00Z,29.8,45.0,0.0
2025-09-01T21:00Z,29.0,48.0,0.0
2025-09-01T22:00Z,28.3,52.0,0.0
2025-09-01T23:00Z,28.0,53.0,0.0
2025-09-02T00:00Z,27.1,60.0,0.0
2025-09-02T01:00Z,25.9,79.0,0.0
2025-09-02T02:00Z,25.7,83.0,0.0
2025-09-02T03:00Z,25.7,83.0,0.0
2025-09-02T04:00Z,25.6,83.0,0.0
2025-09-02T05:00Z,25.2,78.0,0.0
2025-09-02T06:00Z,25.3,72.0,37.0
2025-09-02T07:00Z,25.4,68.0,87.0
2025-09-02T08:00Z,24.8,70.0,118.0
2025-09-02T09:00Z,26.8,59.0,276.0
2025-09-02T10:00Z,29.0,50.0,529.0
2025-09-02T11:00Z,29.8,47.0,507.0
2025-09-02T12:00Z,30.4,45.0,509.0
2025-09-02T13:00Z,32.5,39.0,713.0
2025-09-02T14:00Z,31.2,45.0,499.0
2025-09-02T15:00Z,25.8,73.0,360.0
2025-09-02T16:00Z,26.5,70.0,150.0
2025-09-02T17:00Z,26.3,66.0,106.0
2025-09-02T18:00Z,25.3,69.0,18.0
2025-09-02T19:00Z,24.8,72.0,0.0
2025-09-02T20:00Z,24.5,74.0,0.0
2025-09-02T21:00Z,23.8,72.0,0.0
2025-09-02T22:00Z,23.3,76.0,0.0
2025-09-02T23:00Z,23.0,79.0,0.0
2025-09-03T00:00Z,22.8,78.0,0.0
2025-09-03T01:00Z,22.2,82.0,0.0
2025-09-03T02:00Z,22.2,81.0,0.0
2025-09-03T03:00Z,22.4,77.0,0.0
2025-09-03T04:00Z,21.9,76.0,0.0
2025-09-03T05:00Z,21.5,76.0,0.0
2025-09-03T06:00Z,22.1,74.0,55.0
2025-09-03T07:00Z,24.0,65.0,231.0
2025-09-03T08:00Z,25.9,56.0,434.0
2025-09-03T09:00Z,27.5,48.0,613.0
2025-09-03T10:00Z,28.8,43.0,748.0
2025-09-03T11:00Z,29.5,41.0,828.0
2025-09-03T12:00Z,29.8,39.0,848.0
2025-09-03T13:00Z,30.0,40.0,801.0
2025-09-03T14:00Z,29.2,45.0,698.0
2025-09-03T15:00Z,28.4,49.0,544.0
2025-09-03T16:00Z,27.5,53.0,355.0
2025-09-03T17:00Z,26.4,57.0,163.0
2025-09-03T18:00Z,25.5,61.0,22.0
2025-09-03T19:00Z,25.2,62.0,0.0
2025-09-03T20:00Z,25.0,64.0,0.0
2025-09-03T21:00Z,24.5,68.0,0.0
2025-09-03T22:00Z,23.9,72.0,0.0
2025-09-03T23:00Z,23.2,74.0,0.0
2025-09-04T00:00Z,22.4,78.0,0.0
2025-09-04T01:00Z,21.2,83.0,0.0
2025-09-04T02:00Z,20.4,86.0,0.0
2025-09-04T03:00Z,19.9,91.0,0.0
2025-09-04T04:00Z,19.5,95.0,0.0
2025-09-04T05:00Z,19.3,97.0,0.0
2025-09-04T06:00Z,20.6,92.0,63.0
2025-09-04T07:00Z,23.4,79.0,237.0
2025-09-04T08:00Z,25.5,66.0,433.0
2025-09-04T09:00Z,27.5,51.0,610.0
2025-09-04T10:00Z,29.1,41.0,747.0
2025-09-04T11:00Z,30.2,37.0,829.0
2025-09-04T12:00Z,31.0,36.0,848.0
2025-09-04T13:00Z,30.8,42.0,799.0
2025-09-04T14:00Z,30.3,44.0,692.0
2025-09-04T15:00Z,29.3,48.0,538.0
2025-09-04T16:00Z,28.0,55.0,353.0
2025-09-04T17:00Z,27.3,61.0,160.0
2025-09-04T18:00Z,27.0,66.0,20.0
2025-09-04T19:00Z,26.4,64.0,0.0
2025-09-04T20:00Z,25.3,68.0,0.0
2025-09-04T21:00Z,24.7,72.0,0.0
2025-09-04T22:00Z,24.4,74.0,0.0
2025-09-04T23:00Z,24.1,76.0,0.0
2025-09-05T00:00Z,23.8,80.0,0.0
2025-09-05T01:00Z,23.5,83.0,0.0
2025-09-05T02:00Z,23.0,87.0,0.0
2025-09-05T03:00Z,22.8,89.0,0.0
2025-09-05T04:00Z,22.3,92.0,0.0
2025-09-05T05:00Z,22.1,93.0,0.0
2025-09-05T06:00Z,23.5,87.0,59.0
2025-09-05T07:00Z,25.5,76.0,230.0
2025-09-05T08:00Z,27.0,66.0,425.0
2025-09-05T09:00Z,28.6,58.0,602.0
2025-09-05T10:00Z,30.0,49.0,739.0
2025-09-05T11:00Z,31.1,42.0,822.0
2025-09-05T12:00Z,31.8,34.0,844.0
2025-09-05T13:00Z,31.6,32.0,805.0
2025-09-05T14:00Z,31.1,36.0,704.0
2025-09-05T15:00Z,30.1,44.0,547.0
2025-09-05T16:00Z,28.8,54.0,357.0
2025-09-05T17:00Z,27.2,65.0,159.0
2025-09-05T18:00Z,26.0,74.0,19.0
2025-09-05T19:00Z,25.2,79.0,0.0
2025-09-05T20:00Z,24.9,81.0,0.0
2025-09-05T21:00Z,24.4,83.0,0.0
2025-09-05T22:00Z,23.8,86.0,0.0
2025-09-05T23:00Z,23.1,91.0,0.0
2025-09-06T00:00Z,22.5,95.0,0.0
2025-09-06T01:00Z,21.8,92.0,0.0
2025-09-06T02:00Z,21.4,93.0,0.0
2025-09-06T03:00Z,21.5,93.0,0.0
2025-09-06T04:00Z,21.5,96.0,0.0
2025-09-06T05:00Z,21.4,97.0,0.0
2025-09-06T06:00Z,22.4,92.0,51.0
2025-09-06T07:00Z,25.0,73.0,215.0
2025-09-06T08:00Z,28.2,48.0,414.0
2025-09-06T09:00Z,30.8,38.0,589.0
2025-09-06T10:00Z,32.8,33.0,716.0
2025-09-06T11:00Z,34.4,30.0,796.0
2025-09-06T12:00Z,35.2,30.0,817.0
2025-09-06T13:00Z,35.3,31.0,777.0
2025-09-06T14:00Z,34.1,40.0,673.0
2025-09-06T15:00Z,33.5,44.0,495.0
2025-09-06T16:00Z,32.7,48.0,218.0
2025-09-06T17:00Z,31.8,45.0,71.0
2025-09-06T18:00Z,30.0,50.0,11.0
2025-09-06T19:00Z,28.4,59.0,0.0
2025-09-06T20:00Z,27.1,67.0,0.0
2025-09-06T21:00Z,26.4,71.0,0.0
2025-09-06T22:00Z,26.0,72.0,0.0
2025-09-06T23:00Z,25.6,74.0,0.0
2025-09-07T00:00Z,25.1,78.0,0.0
2025-09-07T01:00Z,24.7,86.0,0.0
2025-09-07T02:00Z,24.3,88.0,0.0
2025-09-07T03:00Z,24.0,91.0,0.0
2025-09-07T04:00Z,23.6,92.0,0.0
2025-09-07T05:00Z,23.3,92.0,0.0
2025-09-07T06:00Z,23.9,87.0,50.0
2025-09-07T07:00Z,25.5,79.0,172.0
2025-09-07T08:00Z,27.4,72.0,253.0
2025-09-07T09:00Z,30.1,61.0,513.0
2025-09-07T10:00Z,32.5,51.0,711.0
2025-09-07T11:00Z,33.8,46.0,798.0
2025-09-07T12:00Z,34.3,46.0,817.0
2025-09-07T13:00Z,35.0,40.0,711.0
2025-09-07T14:00Z,34.5,40.0,612.0
2025-09-07T15:00Z,33.2,47.0,438.0
2025-09-07T16:00Z,32.0,55.0,269.0
2025-09-07T17:00Z,31.5,59.0,110.0
2025-09-07T18:00Z,31.0,62.0,11.0
2025-09-07T19:00Z,30.3,62.0,0.0
2025-09-07T20:00Z,29.5,64.0,0.0
2025-09-07T21:00Z,28.6,68.0,0.0
2025-09-07T22:00Z,28.0,71.0,0.0
2025-09-07T23:00Z,27.5,74.0,0.0
2025-09-08T00:00Z,26.9,78.0,0.0
2025-09-08T01:00Z,25.7,84.0,0.0
2025-09-08T02:00Z,25.1,88.0,0.0
2025-09-08T03:00Z,25.0,90.0,0.0
2025-09-08T04:00Z,24.5,94.0,0.0
2025-09-08T05:00Z,24.2,95.0,0.0
2025-09-08T06:00Z,24.9,89.0,52.0
2025-09-08T07:00Z,26.7,76.0,212.0
2025-09-08T08:00Z,29.4,59.0,402.0
2025-09-08T09:00Z,32.5,45.0,584.0
2025-09-08T10:00Z,34.8,35.0,718.0
2025-09-08T11:00Z,36.7,29.0,796.0
2025-09-08T12:00Z,38.0,25.0,819.0
2025-09-08T13:00Z,38.2,23.0,661.0
2025-09-08T14:00Z,36.8,28.0,565.0
2025-09-08T15:00Z,36.0,29.0,302.0
2025-09-08T16:00Z,35.8,29.0,246.0
2025-09-08T17:00Z,34.5,32.0,66.0
2025-09-08T18:00Z,33.5,34.0,9.0
2025-09-08T19:00Z,32.7,41.0,0.0
2025-09-08T20:00Z,32.3,40.0,0.0
2025-09-08T21:00Z,31.1,38.0,0.0
2025-09-08T22:00Z,30.5,38.0,0.0
2025-09-08T23:00Z,29.6,41.0,0.0
2025-09-09T00:00Z,29.2,42.0,0.0
2025-09-09T01:00Z,28.5,51.0,0.0
2025-09-09T02:00Z,28.4,50.0,0.0
2025-09-09T03:00Z,27.7,53.0,0.0
2025-09-09T04:00Z,27.2,55.0,0.0
2025-09-09T05:00Z,26.8,57.0,0.0
2025-09-09T06:00Z,27.4,56.0,51.0
2025-09-09T07:00Z,29.0,51.0,212.0
2025-09-09T08:00Z,31.4,43.0,400.0
2025-09-09T09:00Z,33.6,36.0,578.0
2025-09-09T10:00Z,35.7,31.0,707.0
2025-09-09T11:00Z,37.5,27.0,788.0
2025-09-09T12:00Z,38.8,24.0,803.0
2025-09-09T13:00Z,38.0,24.0,714.0
2025-09-09T14:00Z,37.6,24.0,510.0
2025-09-09T15:00Z,37.6,23.0,445.0
2025-09-09T16:00Z,36.6,25.0,277.0
2025-09-09T17:00Z,31.8,40.0,82.0
2025-09-09T18:00Z,30.6,45.0,3.0
2025-09-09T19:00Z,30.0,48.0,0.0
2025-09-09T20:00Z,29.5,51.0,0.0
2025-09-09T21:00Z,29.3,53.0,0.0
2025-09-09T22:00Z,29.1,53.0,0.0
2025-09-09T23:00Z,28.8,55.0,0.0
2025-09-10T00:00Z,27.9,60.0,0.0
2025-09-10T01:00Z,25.2,81.0,0.0
2025-09-10T02:00Z,25.6,79.0,0.0
2025-09-10T03:00Z,25.0,74.0,0.0
2025-09-10T04:00Z,24.4,81.0,0.0
2025-09-10T05:00Z,24.1,90.0,0.0
2025-09-10T06:00Z,24.9,89.0,47.0
2025-09-10T07:00Z,26.0,82.0,168.0
2025-09-10T08:00Z,27.7,72.0,363.0
2025-09-10T09:00Z,29.1,64.0,468.0
2025-09-10T10:00Z,30.0,60.0,501.0
2025-09-10T11:00Z,29.8,59.0,547.0
2025-09-10T12:00Z,28.9,65.0,591.0
2025-09-10T13:00Z,27.5,72.0,511.0
2025-09-10T14:00Z,26.5,75.0,277.0
2025-09-10T15:00Z,26.5,72.0,213.0
2025-09-10T16:00Z,25.5,75.0,91.0
2025-09-10T17:00Z,23.9,77.0,22.0
2025-09-10T18:00Z,22.6,83.0,5.0
2025-09-10T19:00Z,21.5,90.0,0.0
2025-09-10T20:00Z,21.2,93.0,0.0
2025-09-10T21:00Z,21.4,92.0,0.0
2025-09-10T22:00Z,21.0,93.0,0.0
2025-09-10T23:00Z,20.9,94.0,0.0
2025-09-11T00:00Z,21.1,95.0,0.0
2025-09-11T01:00Z,21.6,93.0,0.0
2025-09-11T02:00Z,21.7,92.0,0.0
2025-09-11T03:00Z,21.6,90.0,0.0
2025-09-11T04:00Z,21.5,87.0,0.0
2025-09-11T05:00Z,21.4,86.0,0.0
2025-09-11T06:00Z,22.0,83.0,50.0
2025-09-11T07:00Z,23.5,80.0,216.0
2025-09-11T08:00Z,25.3,71.0,409.0
2025-09-11T09:00Z,26.8,63.0,582.0
2025-09-11T10:00Z,27.8,58.0,703.0
2025-09-11T11:00Z,28.9,53.0,755.0
2025-09-11T12:00Z,29.4,50.0,751.0
2025-09-11T13:00Z,29.0,53.0,675.0
2025-09-11T14:00Z,29.1,50.0,587.0
2025-09-11T15:00Z,28.7,50.0,445.0
2025-09-11T16:00Z,27.8,56.0,272.0
2025-09-11T17:00Z,26.3,65.0,120.0
2025-09-11T18:00Z,24.9,71.0,10.0
2025-09-11T19:00Z,24.0,76.0,0.0
2025-09-11T20:00Z,23.2,78.0,0.0
2025-09-11T21:00Z,22.6,81.0,0.0
2025-09-11T22:00Z,22.2,83.0,0.0
2025-09-11T23:00Z,21.9,84.0,0.0
2025-09-12T00:00Z,21.6,86.0,0.0
2025-09-12T01:00Z,21.8,85.0,0.0
2025-09-12T02:00Z,21.6,86.0,0.0
2025-09-12T03:00Z,21.6,87.0,0.0
2025-09-12T04:00Z,21.5,88.0,0.0
2025-09-12T05:00Z,21.5,89.0,0.0
2025-09-12T06:00Z,22.2,86.0,49.0
2025-09-12T07:00Z,23.9,80.0,211.0
2025-09-12T08:00Z,25.7,71.0,403.0
2025-09-12T09:00Z,27.1,63.0,574.0
2025-09-12T10:00Z,28.1,57.0,691.0
2025-09-12T11:00Z,28.9,53.0,764.0
2025-09-12T12:00Z,29.2,51.0,792.0
2025-09-12T13:00Z,29.6,49.0,739.0
2025-09-12T14:00Z,29.5,48.0,631.0
2025-09-12T15:00Z,28.8,50.0,476.0
2025-09-12T16:00Z,27.4,57.0,302.0
2025-09-12T17:00Z,25.9,64.0,125.0
2025-09-12T18:00Z,24.3,71.0,9.0
2025-09-12T19:00Z,23.5,75.0,0.0
2025-09-12T20:00Z,22.8,80.0,0.0
2025-09-12T21:00Z,22.1,83.0,0.0
2025-09-12T22:00Z,21.6,85.0,0.0
2025-09-12T23:00Z,21.1,87.0,0.0
2025-09-13T00:00Z,20.9,89.0,0.0
2025-09-13T01:00Z,20.5,91.0,0.0
2025-09-13T02:00Z,20.0,93.0,0.0
2025-09-13T03:00Z,19.9,93.0,0.0
2025-09-13T04:00Z,19.6,93.0,0.0
2025-09-13T05:00Z,19.5,94.0,0.0
2025-09-13T06:00Z,19.9,93.0,46.0
2025-09-13T07:00Z,22.0,83.0,207.0
2025-09-13T08:00Z,24.6,71.0,396.0
2025-09-13T09:00Z,26.3,63.0,579.0
2025-09-13T10:00Z,27.2,57.0,702.0
2025-09-13T11:00Z,28.0,51.0,785.0
2025-09-13T12:00Z,28.4,50.0,800.0
2025-09-13T13:00Z,29.4,45.0,767.0
2025-09-13T14:00Z,29.4,47.0,662.0
2025-09-13T15:00Z,28.5,54.0,503.0
2025-09-13T16:00Z,27.3,60.0,314.0
2025-09-13T17:00Z,26.0,65.0,123.0
2025-09-13T18:00Z,25.0,70.0,8.0
2025-09-13T19:00Z,24.6,73.0,0.0
2025-09-13T20:00Z,24.3,76.0,0.0
2025-09-13T21:00Z,23.5,78.0,0.0
2025-09-13T22:00Z,22.8,81.0,0.0
2025-09-13T23:00Z,22.0,85.0,0.0
2025-09-14T00:00Z,21.4,89.0,0.0
2025-09-14T01:00Z,20.9,88.0,0.0
2025-09-14T02:00Z,20.6,90.0,0.0
2025-09-14T03:00Z,20.4,91.0,0.0
2025-09-14T04:00Z,20.0,94.0,0.0
2025-09-14T05:00Z,19.8,96.0,0.0
2025-09-14T06:00Z,20.6,95.0,44.0
2025-09-14T07:00Z,23.0,78.0,211.0
2025-09-14T08:00Z,25.8,60.0,407.0
2025-09-14T09:00Z,28.6,49.0,582.0
2025-09-14T10:00Z,31.0,41.0,717.0
2025-09-14T11:00Z,32.8,35.0,795.0
2025-09-14T12:00Z,33.8,33.0,811.0
2025-09-14T13:00Z,34.0,34.0,761.0
2025-09-14T14:00Z,33.6,36.0,652.0
2025-09-14T15:00Z,33.0,35.0,495.0
2025-09-14T16:00Z,31.6,40.0,305.0
2025-09-14T17:00Z,29.2,57.0,118.0
2025-09-14T18:00Z,27.4,71.0,7.0
2025-09-14T19:00Z,26.6,78.0,0.0
2025-09-14T20:00Z,26.0,82.0,0.0
2025-09-14T21:00Z,25.3,87.0,0.0
2025-09-14T22:00Z,24.5,90.0,0.0
2025-09-14T23:00Z,23.9,91.0,0.0
2025-09-15T00:00Z,23.2,93.0,0.0
2025-09-15T01:00Z,22.5,93.0,0.0
2025-09-15T02:00Z,22.2,94.0,0.0
2025-09-15T03:00Z,21.8,96.0,0.0
2025-09-15T04:00Z,21.5,96.0,0.0
2025-09-15T05:00Z,21.4,97.0,0.0
2025-09-15T06:00Z,22.0,93.0,43.0
2025-09-15T07:00Z,23.8,82.0,206.0
2025-09-15T08:00Z,26.0,71.0,399.0
2025-09-15T09:00Z,28.4,53.0,573.0
2025-09-15T10:00Z,30.4,40.0,706.0
2025-09-15T11:00Z,31.5,38.0,783.0
2025-09-15T12:00Z,32.0,40.0,797.0
2025-09-15T13:00Z,32.3,34.0,749.0
2025-09-15T14:00Z,31.9,39.0,641.0
2025-09-15T15:00Z,30.7,49.0,485.0
2025-09-15T16:00Z,29.4,55.0,298.0
2025-09-15T17:00Z,28.0,57.0,112.0
2025-09-15T18:00Z,26.9,64.0,6.0
2025-09-15T19:00Z,26.0,72.0,0.0
2025-09-15T20:00Z,25.5,74.0,0.0
2025-09-15T21:00Z,25.0,78.0,0.0
2025-09-15T22:00Z,24.4,82.0,0.0
2025-09-15T23:00Z,23.9,84.0,0.0
2025-09-16T00:00Z,23.2,84.0,0.0
2025-09-16T01:00Z,23.0,83.0,0.0
2025-09-16T02:00Z,22.5,86.0,0.0
2025-09-16T03:00Z,21.7,91.0,0.0
2025-09-16T04:00Z,21.2,95.0,0.0
2025-09-16T05:00Z,20.8,96.0,0.0
2025-09-16T06:00Z,21.5,91.0,42.0
2025-09-16T07:00Z,24.2,74.0,203.0
2025-09-16T08:00Z,27.5,58.0,398.0
2025-09-16T09:00Z,29.9,47.0,572.0
2025-09-16T10:00Z,31.6,41.0,705.0
2025-09-16T11:00Z,32.7,39.0,782.0
2025-09-16T12:00Z,33.3,36.0,797.0
2025-09-16T13:00Z,33.8,30.0,749.0
2025-09-16T14:00Z,33.7,30.0,642.0
2025-09-16T15:00Z,32.8,33.0,486.0
2025-09-16T16:00Z,31.2,38.0,297.0
2025-09-16T17:00Z,29.3,48.0,110.0
2025-09-16T18:00Z,27.6,62.0,5.0
2025-09-16T19:00Z,26.6,71.0,0.0
2025-09-16T20:00Z,26.0,75.0,0.0
2025-09-16T21:00Z,25.4,79.0,0.0
2025-09-16T22:00Z,24.5,83.0,0.0
2025-09-16T23:00Z,24.0,84.0,0.0
2025-09-17T00:00Z,23.6,85.0,0.0
2025-09-17T01:00Z,23.4,79.0,0.0
2025-09-17T02:00Z,22.9,80.0,0.0
2025-09-17T03:00Z,22.3,83.0,0.0
2025-09-17T04:00Z,21.9,87.0,0.0
2025-09-17T05:00Z,21.9,89.0,0.0
2025-09-17T06:00Z,22.7,87.0,42.0
2025-09-17T07:00Z,24.5,80.0,203.0
2025-09-17T08:00Z,27.0,68.0,387.0
2025-09-17T09:00Z,29.4,55.0,566.0
2025-09-17T10:00Z,30.9,45.0,694.0
2025-09-17T11:00Z,32.0,39.0,774.0
2025-09-17T12:00Z,32.7,36.0,790.0
2025-09-17T13:00Z,32.3,36.0,738.0
2025-09-17T14:00Z,31.6,38.0,629.0
2025-09-17T15:00Z,30.5,43.0,475.0
2025-09-17T16:00Z,29.1,49.0,288.0
2025-09-17T17:00Z,27.6,56.0,104.0
2025-09-17T18:00Z,26.4,62.0,5.0
2025-09-17T19:00Z,25.3,70.0,0.0
2025-09-17T20:00Z,24.4,76.0,0.0
2025-09-17T21:00Z,23.8,80.0,0.0
2025-09-17T22:00Z,23.4,80.0,0.0
2025-09-17T23:00Z,23.0,81.0,0.0
2025-09-18T00:00Z,22.7,83.0,0.0
2025-09-18T01:00Z,22.6,84.0,0.0
2025-09-18T02:00Z,22.4,86.0,0.0
2025-09-18T03:00Z,22.2,87.0,0.0
2025-09-18T04:00Z,22.1,87.0,0.0
2025-09-18T05:00Z,22.0,86.0,0.0
2025-09-18T06:00Z,22.7,83.0,36.0
2025-09-18T07:00Z,25.2,74.0,173.0
2025-09-18T08:00Z,27.4,64.0,353.0
2025-09-18T09:00Z,28.6,56.0,533.0
2025-09-18T10:00Z,29.8,50.0,664.0
2025-09-18T11:00Z,30.2,48.0,701.0
2025-09-18T12:00Z,30.2,47.0,704.0
2025-09-18T13:00Z,29.1,56.0,565.0
2025-09-18T14:00Z,28.5,58.0,535.0
2025-09-18T15:00Z,27.7,62.0,368.0
2025-09-18T16:00Z,26.9,65.0,239.0
2025-09-18T17:00Z,26.2,68.0,93.0
2025-09-18T18:00Z,25.8,69.0,4.0
2025-09-18T19:00Z,25.5,71.0,0.0
2025-09-18T20:00Z,25.1,73.0,0.0
2025-09-18T21:00Z,24.6,75.0,0.0
2025-09-18T22:00Z,24.0,80.0,0.0
2025-09-18T23:00Z,23.7,83.0,0.0
2025-09-19T00:00Z,23.3,85.0,0.0
2025-09-19T01:00Z,22.0,89.0,0.0
2025-09-19T02:00Z,21.4,91.0,0.0
2025-09-19T03:00Z,20.9,92.0,0.0
2025-09-19T04:00Z,20.5,94.0,0.0
2025-09-19T05:00Z,20.0,96.0,0.0
2025-09-19T06:00Z,20.5,93.0,37.0
2025-09-19T07:00Z,23.0,80.0,187.0
2025-09-19T08:00Z,25.8,68.0,379.0
2025-09-19T09:00Z,27.5,61.0,548.0
2025-09-19T10:00Z,29.0,53.0,673.0
2025-09-19T11:00Z,30.0,48.0,691.0
2025-09-19T12:00Z,30.9,44.0,709.0
2025-09-19T13:00Z,31.0,45.0,673.0
2025-09-19T14:00Z,30.1,51.0,576.0
2025-09-19T15:00Z,28.5,58.0,355.0
2025-09-19T16:00Z,27.8,60.0,269.0
2025-09-19T17:00Z,27.0,64.0,94.0
2025-09-19T18:00Z,26.9,67.0,3.0
2025-09-19T19:00Z,26.1,70.0,0.0
2025-09-19T20:00Z,25.4,76.0,0.0
2025-09-19T21:00Z,24.9,79.0,0.0
2025-09-19T22:00Z,24.5,82.0,0.0
2025-09-19T23:00Z,24.1,85.0,0.0
2025-09-20T00:00Z,23.6,87.0,0.0
2025-09-20T01:00Z,23.5,86.0,0.0
2025-09-20T02:00Z,23.1,89.0,0.0
2025-09-20T03:00Z,22.9,90.0,0.0
2025-09-20T04:00Z,22.6,92.0,0.0
2025-09-20T05:00Z,22.3,93.0,0.0
2025-09-20T06:00Z,22.9,88.0,37.0
2025-09-20T07:00Z,25.0,73.0,193.0
2025-09-20T08:00Z,27.1,60.0,384.0
2025-09-20T09:00Z,29.0,51.0,555.0
2025-09-20T10:00Z,30.6,43.0,688.0
2025-09-20T11:00Z,31.8,38.0,760.0
2025-09-20T12:00Z,32.4,37.0,758.0
2025-09-20T13:00Z,32.3,35.0,714.0
2025-09-20T14:00Z,32.0,34.0,610.0
2025-09-20T15:00Z,31.0,35.0,458.0
2025-09-20T16:00Z,29.4,41.0,275.0
2025-09-20T17:00Z,27.8,50.0,94.0
2025-09-20T18:00Z,26.3,59.0,3.0
2025-09-20T19:00Z,25.5,65.0,0.0
2025-09-20T20:00Z,24.8,68.0,0.0
2025-09-20T21:00Z,24.1,72.0,0.0
2025-09-20T22:00Z,23.6,74.0,0.0
2025-09-20T23:00Z,23.1,77.0,0.0
2025-09-21T00:00Z,22.6,78.0,0.0
2025-09-21T01:00Z,22.4,78.0,0.0
2025-09-21T02:00Z,21.9,79.0,0.0
2025-09-21T03:00Z,21.6,80.0,0.0
2025-09-21T04:00Z,21.4,81.0,0.0
2025-09-21T05:00Z,21.1,82.0,0.0
2025-09-21T06:00Z,22.0,76.0,37.0
2025-09-21T07:00Z,24.3,64.0,197.0
2025-09-21T08:00Z,26.8,53.0,392.0
2025-09-21T09:00Z,28.5,43.0,569.0
2025-09-21T10:00Z,29.8,40.0,706.0
2025-09-21T11:00Z,30.8,36.0,779.0
2025-09-21T12:00Z,31.3,35.0,791.0
2025-09-21T13:00Z,32.5,34.0,735.0
2025-09-21T14:00Z,32.2,36.0,624.0
2025-09-21T15:00Z,30.5,46.0,462.0
2025-09-21T16:00Z,29.1,52.0,272.0
2025-09-21T17:00Z,27.4,61.0,91.0
2025-09-21T18:00Z,26.1,68.0,2.0
2025-09-21T19:00Z,25.6,72.0,0.0
2025-09-21T20:00Z,25.4,75.0,0.0
2025-09-21T21:00Z,25.2,77.0,0.0
2025-09-21T22:00Z,24.9,76.0,0.0
2025-09-21T23:00Z,24.5,74.0,0.0
2025-09-22T00:00Z,24.2,73.0,0.0
2025-09-22T01:00Z,24.5,72.0,0.0
2025-09-22T02:00Z,24.2,73.0,0.0
2025-09-22T03:00Z,24.0,75.0,0.0
2025-09-22T04:00Z,23.7,76.0,0.0
2025-09-22T05:00Z,23.5,78.0,0.0
2025-09-22T06:00Z,23.9,76.0,34.0
2025-09-22T07:00Z,25.5,70.0,187.0
2025-09-22T08:00Z,27.6,61.0,376.0
2025-09-22T09:00Z,29.8,51.0,549.0
2025-09-22T10:00Z,31.2,44.0,654.0
2025-09-22T11:00Z,32.7,39.0,736.0
2025-09-22T12:00Z,33.2,37.0,719.0
2025-09-22T13:00Z,33.5,35.0,550.0
2025-09-22T14:00Z,31.6,44.0,434.0
2025-09-22T15:00Z,31.8,41.0,363.0
2025-09-22T16:00Z,30.6,48.0,197.0
2025-09-22T17:00Z,26.5,69.0,46.0
2025-09-22T18:00Z,24.1,81.0,0.0
2025-09-22T19:00Z,24.0,81.0,0.0
2025-09-22T20:00Z,23.8,85.0,0.0
2025-09-22T21:00Z,23.5,87.0,0.0
2025-09-22T22:00Z,23.1,91.0,0.0
2025-09-22T23:00Z,22.8,94.0,0.0
2025-09-23T00:00Z,22.5,96.0,0.0
2025-09-23T01:00Z,21.5,93.0,0.0
2025-09-23T02:00Z,21.2,94.0,0.0
2025-09-23T03:00Z,21.1,95.0,0.0
2025-09-23T04:00Z,21.1,93.0,0.0
2025-09-23T05:00Z,20.9,93.0,0.0
2025-09-23T06:00Z,21.3,90.0,32.0
2025-09-23T07:00Z,23.1,78.0,187.0
2025-09-23T08:00Z,25.5,66.0,373.0
2025-09-23T09:00Z,27.5,58.0,542.0
2025-09-23T10:00Z,29.5,49.0,666.0
2025-09-23T11:00Z,31.1,41.0,745.0
2025-09-23T12:00Z,32.4,37.0,756.0
2025-09-23T13:00Z,31.6,37.0,683.0
2025-09-23T14:00Z,28.6,50.0,315.0
2025-09-23T15:00Z,24.9,70.0,116.0
2025-09-23T16:00Z,23.3,80.0,103.0
2025-09-23T17:00Z,22.0,91.0,48.0
2025-09-23T18:00Z,21.9,97.0,1.0
2025-09-23T19:00Z,21.9,96.0,0.0
2025-09-23T20:00Z,22.1,94.0,0.0
2025-09-23T21:00Z,22.2,90.0,0.0
2025-09-23T22:00Z,22.0,89.0,0.0
2025-09-23T23:00Z,21.8,89.0,0.0
2025-09-24T00:00Z,21.5,87.0,0.0
2025-09-24T01:00Z,21.9,90.0,0.0
2025-09-24T02:00Z,21.5,91.0,0.0
2025-09-24T03:00Z,21.0,95.0,0.0
2025-09-24T04:00Z,20.8,96.0,0.0
2025-09-24T05:00Z,20.1,98.0,0.0
2025-09-24T06:00Z,20.0,96.0,16.0
2025-09-24T07:00Z,22.0,88.0,132.0
2025-09-24T08:00Z,24.2,74.0,314.0
2025-09-24T09:00Z,25.9,64.0,506.0
2025-09-24T10:00Z,27.0,58.0,658.0
2025-09-24T11:00Z,27.6,53.0,728.0
2025-09-24T12:00Z,27.4,52.0,683.0
2025-09-24T13:00Z,27.0,54.0,607.0
2025-09-24T14:00Z,26.3,50.0,520.0
2025-09-24T15:00Z,25.2,51.0,363.0
2025-09-24T16:00Z,24.1,57.0,181.0
2025-09-24T17:00Z,22.8,64.0,64.0
2025-09-24T18:00Z,21.6,68.0,1.0
2025-09-24T19:00Z,20.8,74.0,0.0
2025-09-24T20:00Z,20.1,77.0,0.0
2025-09-24T21:00Z,19.6,79.0,0.0
2025-09-24T22:00Z,19.3,80.0,0.0
2025-09-24T23:00Z,18.9,82.0,0.0
2025-09-25T00:00Z,18.5,83.0,0.0
2025-09-25T01:00Z,18.2,83.0,0.0
2025-09-25T02:00Z,17.9,85.0,0.0
2025-09-25T03:00Z,17.6,86.0,0.0
2025-09-25T04:00Z,17.5,85.0,0.0
2025-09-25T05:00Z,17.3,86.0,0.0
2025-09-25T06:00Z,18.1,84.0,31.0
2025-09-25T07:00Z,20.0,80.0,180.0
2025-09-25T08:00Z,22.1,69.0,371.0
2025-09-25T09:00Z,23.5,63.0,543.0
2025-09-25T10:00Z,24.4,60.0,662.0
2025-09-25T11:00Z,24.9,59.0,724.0
2025-09-25T12:00Z,25.5,56.0,750.0
2025-09-25T13:00Z,25.0,58.0,432.0
2025-09-25T14:00Z,23.4,65.0,253.0
2025-09-25T15:00Z,23.4,66.0,369.0
2025-09-25T16:00Z,23.0,70.0,210.0
2025-09-25T17:00Z,22.6,74.0,67.0
2025-09-25T18:00Z,22.5,77.0,0.0
2025-09-25T19:00Z,22.1,80.0,0.0
2025-09-25T20:00Z,22.0,82.0,0.0
2025-09-25T21:00Z,21.5,86.0,0.0
2025-09-25T22:00Z,21.1,89.0,0.0
2025-09-25T23:00Z,21.2,89.0,0.0
2025-09-26T00:00Z,20.8,92.0,0.0
2025-09-26T01:00Z,20.5,93.0,0.0
2025-09-26T02:00Z,20.2,94.0,0.0
2025-09-26T03:00Z,20.1,95.0,0.0
2025-09-26T04:00Z,20.1,95.0,0.0
2025-09-26T05:00Z,19.5,97.0,0.0
2025-09-26T06:00Z,20.0,97.0,27.0
2025-09-26T07:00Z,21.3,90.0,169.0
2025-09-26T08:00Z,22.7,83.0,345.0
2025-09-26T09:00Z,24.0,75.0,425.0
2025-09-26T10:00Z,25.5,66.0,635.0
2025-09-26T11:00Z,26.2,61.0,613.0
2025-09-26T12:00Z,26.5,60.0,467.0
2025-09-26T13:00Z,26.5,55.0,395.0
2025-09-26T14:00Z,22.1,86.0,221.0
2025-09-26T15:00Z,22.8,80.0,150.0
2025-09-26T16:00Z,23.1,78.0,141.0
2025-09-26T17:00Z,22.5,82.0,40.0
2025-09-26T18:00Z,21.6,85.0,0.0
2025-09-26T19:00Z,21.4,85.0,0.0
2025-09-26T20:00Z,21.0,86.0,0.0
2025-09-26T21:00Z,20.5,87.0,0.0
2025-09-26T22:00Z,20.1,89.0,0.0
2025-09-26T23:00Z,19.5,92.0,0.0
2025-09-27T00:00Z,19.5,92.0,0.0
2025-09-27T01:00Z,19.6,91.0,0.0
2025-09-27T02:00Z,19.4,92.0,0.0
2025-09-27T03:00Z,19.0,94.0,0.0
2025-09-27T04:00Z,18.4,96.0,0.0
2025-09-27T05:00Z,18.2,96.0,0.0
2025-09-27T06:00Z,18.6,93.0,21.0
2025-09-27T07:00Z,19.0,92.0,63.0
2025-09-27T08:00Z,19.9,83.0,123.0
2025-09-27T09:00Z,20.5,80.0,218.0
2025-09-27T10:00Z,22.0,73.0,378.0
2025-09-27T11:00Z,23.5,68.0,382.0
2025-09-27T12:00Z,23.8,66.0,446.0
2025-09-27T13:00Z,25.4,60.0,640.0
2025-09-27T14:00Z,25.0,60.0,490.0
2025-09-27T15:00Z,23.6,68.0,303.0
2025-09-27T16:00Z,19.2,90.0,159.0
2025-09-27T17:00Z,20.2,88.0,31.0
2025-09-27T18:00Z,20.8,86.0,0.0
2025-09-27T19:00Z,20.5,87.0,0.0
2025-09-27T20:00Z,20.1,89.0,0.0
2025-09-27T21:00Z,19.2,92.0,0.0
2025-09-27T22:00Z,18.9,95.0,0.0
2025-09-27T23:00Z,18.9,90.0,0.0
2025-09-28T00:00Z,19.0,84.0,0.0
2025-09-28T01:00Z,18.9,82.0,0.0
2025-09-28T02:00Z,18.6,82.0,0.0
2025-09-28T03:00Z,18.5,82.0,0.0
2025-09-28T04:00Z,18.2,84.0,0.0
2025-09-28T05:00Z,18.0,84.0,0.0
2025-09-28T06:00Z,18.3,83.0,27.0
2025-09-28T07:00Z,19.8,81.0,173.0
2025-09-28T08:00Z,22.1,72.0,361.0
2025-09-28T09:00Z,23.9,60.0,515.0
2025-09-28T10:00Z,24.7,55.0,664.0
2025-09-28T11:00Z,25.4,49.0,740.0
2025-09-28T12:00Z,25.6,46.0,758.0
2025-09-28T13:00Z,25.6,46.0,690.0
2025-09-28T14:00Z,25.2,46.0,580.0
2025-09-28T15:00Z,24.8,46.0,428.0
2025-09-28T16:00Z,23.8,55.0,242.0
2025-09-28T17:00Z,21.6,70.0,66.0
2025-09-28T18:00Z,21.0,75.0,0.0
2025-09-28T19:00Z,20.5,79.0,0.0
2025-09-28T20:00Z,20.1,78.0,0.0
2025-09-28T21:00Z,19.9,79.0,0.0
2025-09-28T22:00Z,18.6,86.0,0.0
2025-09-28T23:00Z,17.8,88.0,0.0
2025-09-29T00:00Z,17.2,90.0,0.0
2025-09-29T01:00Z,17.4,88.0,0.0
2025-09-29T02:00Z,17.1,88.0,0.0
2025-09-29T03:00Z,16.8,89.0,0.0
2025-09-29T04:00Z,16.3,90.0,0.0
2025-09-29T05:00Z,15.9,90.0,0.0
2025-09-29T06:00Z,16.1,87.0,26.0
2025-09-29T07:00Z,17.9,83.0,172.0
2025-09-29T08:00Z,20.7,72.0,364.0
2025-09-29T09:00Z,23.1,61.0,536.0
2025-09-29T10:00Z,24.9,54.0,667.0
2025-09-29T11:00Z,26.0,47.0,737.0
2025-09-29T12:00Z,26.5,45.0,742.0
2025-09-29T13:00Z,26.9,47.0,679.0
2025-09-29T14:00Z,26.3,52.0,550.0
2025-09-29T15:00Z,25.4,61.0,383.0
2025-09-29T16:00Z,24.4,68.0,210.0
2025-09-29T17:00Z,22.8,76.0,55.0
2025-09-29T18:00Z,22.0,81.0,0.0
2025-09-29T19:00Z,21.9,80.0,0.0
2025-09-29T20:00Z,21.4,81.0,0.0
2025-09-29T21:00Z,20.5,84.0,0.0
2025-09-29T22:00Z,19.9,86.0,0.0
2025-09-29T23:00Z,19.6,86.0,0.0
2025-09-30T00:00Z,19.5,88.0,0.0
2025-09-30T01:00Z,19.9,90.0,0.0
2025-09-30T02:00Z,19.9,91.0,0.0
2025-09-30T03:00Z,19.5,92.0,0.0
2025-09-30T04:00Z,19.2,93.0,0.0
2025-09-30T05:00Z,18.4,97.0,0.0
2025-09-30T06:00Z,18.4,98.0,23.0
2025-09-30T07:00Z,19.6,91.0,130.0
2025-09-30T08:00Z,20.9,81.0,201.0
2025-09-30T09:00Z,23.6,69.0,431.0
2025-09-30T10:00Z,25.0,61.0,457.0
2025-09-30T11:00Z,25.1,59.0,261.0
2025-09-30T12:00Z,25.1,61.0,209.0
2025-09-30T13:00Z,25.3,63.0,195.0
2025-09-30T14:00Z,25.3,62.0,151.0
2025-09-30T15:00Z,26.1,61.0,208.0
2025-09-30T16:00Z,26.0,63.0,178.0
2025-09-30T17:00Z,23.9,67.0,56.0
2025-09-30T18:00Z,22.5,75.0,0.0
2025-09-30T19:00Z,21.8,80.0,0.0
2025-09-30T20:00Z,21.2,83.0,0.0
2025-09-30T21:00Z,20.8,86.0,0.0
2025-09-30T22:00Z,20.1,90.0,0.0
2025-09-30T23:00Z,19.7,87.0,0.0
2025-10-01T00:00Z,20.8,80.0,0.0
2025-10-01T01:00Z,20.2,82.0,0.0
2025-10-01T02:00Z,20.3,80.0,0.0
2025-10-01T03:00Z,20.0,82.0,0.0
2025-10-01T04:00Z,19.1,86.0,0.0
2025-10-01T05:00Z,19.2,85.0,0.0
2025-10-01T06:00Z,20.5,85.0,21.0
2025-10-01T07:00Z,20.2,85.0,121.0
2025-10-01T08:00Z,21.2,82.0,273.0
2025-10-01T09:00Z,23.4,72.0,477.0
2025-10-01T10:00Z,24.7,64.0,603.0
2025-10-01T11:00Z,25.5,57.0,678.0
2025-10-01T12:00Z,26.9,49.0,661.0
2025-10-01T13:00Z,26.9,46.0,598.0
2025-10-01T14:00Z,26.5,44.0,475.0
2025-10-01T15:00Z,25.6,48.0,340.0
2025-10-01T16:00Z,24.8,50.0,209.0
2025-10-01T17:00Z,23.0,58.0,55.0
2025-10-01T18:00Z,22.4,62.0,0.0
2025-10-01T19:00Z,21.8,66.0,0.0
2025-10-01T20:00Z,21.4,67.0,0.0
2025-10-01T21:00Z,20.9,69.0,0.0
2025-10-01T22:00Z,20.5,71.0,0.0
2025-10-01T23:00Z,20.1,74.0,0.0
2025-10-02T00:00Z,19.9,74.0,0.0
2025-10-02T01:00Z,19.5,76.0,0.0
2025-10-02T02:00Z,19.5,75.0,0.0
2025-10-02T03:00Z,19.0,78.0,0.0
2025-10-02T04:00Z,18.6,81.0,0.0
2025-10-02T05:00Z,18.2,84.0,0.0
2025-10-02T06:00Z,18.0,88.0,22.0
2025-10-02T07:00Z,19.1,82.0,112.0
2025-10-02T08:00Z,20.8,70.0,312.0
2025-10-02T09:00Z,22.0,62.0,396.0
2025-10-02T10:00Z,23.6,49.0,547.0
2025-10-02T11:00Z,24.2,46.0,647.0
2025-10-02T12:00Z,24.4,43.0,634.0
2025-10-02T13:00Z,24.0,43.0,652.0
2025-10-02T14:00Z,23.5,45.0,548.0
2025-10-02T15:00Z,22.6,47.0,392.0
2025-10-02T16:00Z,21.5,48.0,219.0
2025-10-02T17:00Z,20.4,53.0,52.0
2025-10-02T18:00Z,19.6,56.0,0.0
2025-10-02T19:00Z,19.1,59.0,0.0
2025-10-02T20:00Z,18.6,66.0,0.0
2025-10-02T21:00Z,18.4,66.0,0.0
2025-10-02T22:00Z,18.0,69.0,0.0
2025-10-02T23:00Z,17.9,70.0,0.0
2025-10-03T00:00Z,17.9,69.0,0.0
2025-10-03T01:00Z,17.0,71.0,0.0
2025-10-03T02:00Z,16.8,72.0,0.0
2025-10-03T03:00Z,16.5,75.0,0.0
2025-10-03T04:00Z,16.5,75.0,0.0
2025-10-03T05:00Z,16.2,77.0,0.0
2025-10-03T06:00Z,16.7,76.0,20.0
2025-10-03T07:00Z,18.1,73.0,151.0
2025-10-03T08:00Z,20.1,63.0,328.0
2025-10-03T09:00Z,21.5,52.0,469.0
2025-10-03T10:00Z,22.2,48.0,572.0
2025-10-03T11:00Z,22.7,45.0,675.0
2025-10-03T12:00Z,23.0,41.0,701.0
2025-10-03T13:00Z,22.9,41.0,660.0
2025-10-03T14:00Z,22.6,41.0,549.0
2025-10-03T15:00Z,22.0,41.0,387.0
2025-10-03T16:00Z,21.0,44.0,215.0
2025-10-03T17:00Z,19.7,51.0,48.0
2025-10-03T18:00Z,19.0,53.0,0.0
2025-10-03T19:00Z,18.2,57.0,0.0
2025-10-03T20:00Z,17.6,61.0,0.0
2025-10-03T21:00Z,17.5,59.0,0.0
2025-10-03T22:00Z,16.6,64.0,0.0
2025-10-03T23:00Z,16.5,65.0,0.0
2025-10-04T00:00Z,17.1,64.0,0.0
2025-10-04T01:00Z,16.6,68.0,0.0
2025-10-04T02:00Z,16.5,71.0,0.0
2025-10-04T03:00Z,16.5,72.0,0.0
2025-10-04T04:00Z,16.0,75.0,0.0
2025-10-04T05:00Z,15.9,77.0,0.0
2025-10-04T06:00Z,16.0,78.0,18.0
2025-10-04T07:00Z,17.8,72.0,152.0
2025-10-04T08:00Z,20.6,62.0,334.0
2025-10-04T09:00Z,23.0,52.0,502.0
2025-10-04T10:00Z,24.3,46.0,607.0
2025-10-04T11:00Z,26.0,40.0,715.0
2025-10-04T12:00Z,26.2,39.0,632.0
2025-10-04T13:00Z,26.5,37.0,572.0
2025-10-04T14:00Z,25.9,40.0,406.0
2025-10-04T15:00Z,25.1,46.0,316.0
2025-10-04T16:00Z,23.5,56.0,186.0
2025-10-04T17:00Z,21.9,63.0,41.0
2025-10-04T18:00Z,21.1,69.0,0.0
2025-10-04T19:00Z,20.8,75.0,0.0
2025-10-04T20:00Z,20.0,79.0,0.0
2025-10-04T21:00Z,19.1,82.0,0.0
2025-10-04T22:00Z,18.4,83.0,0.0
2025-10-04T23:00Z,17.8,83.0,0.0
2025-10-05T00:00Z,18.1,80.0,0.0
2025-10-05T01:00Z,17.2,83.0,0.0
2025-10-05T02:00Z,16.9,86.0,0.0
2025-10-05T03:00Z,16.7,90.0,0.0
2025-10-05T04:00Z,16.5,92.0,0.0
2025-10-05T05:00Z,16.2,92.0,0.0
2025-10-05T06:00Z,16.8,88.0,19.0
2025-10-05T07:00Z,18.3,80.0,158.0
2025-10-05T08:00Z,21.2,68.0,343.0
2025-10-05T09:00Z,24.1,57.0,511.0
2025-10-05T10:00Z,26.6,46.0,637.0
2025-10-05T11:00Z,28.1,41.0,708.0
2025-10-05T12:00Z,29.2,36.0,714.0
2025-10-05T13:00Z,29.6,32.0,653.0
2025-10-05T14:00Z,29.4,31.0,540.0
2025-10-05T15:00Z,28.5,34.0,383.0
2025-10-05T16:00Z,27.1,40.0,196.0
2025-10-05T17:00Z,24.9,57.0,40.0
2025-10-05T18:00Z,23.1,71.0,0.0
2025-10-05T19:00Z,22.5,70.0,0.0
2025-10-05T20:00Z,21.9,68.0,0.0
2025-10-05T21:00Z,21.5,63.0,0.0
2025-10-05T22:00Z,21.3,61.0,0.0
2025-10-05T23:00Z,20.9,61.0,0.0
2025-10-06T00:00Z,21.2,66.0,0.0
2025-10-06T01:00Z,20.9,64.0,0.0
2025-10-06T02:00Z,20.3,65.0,0.0
2025-10-06T03:00Z,20.0,63.0,0.0
2025-10-06T04:00Z,19.9,61.0,0.0
2025-10-06T05:00Z,19.2,61.0,0.0
2025-10-06T06:00Z,19.9,57.0,18.0
2025-10-06T07:00Z,20.8,56.0,145.0
2025-10-06T08:00Z,21.6,52.0,295.0
2025-10-06T09:00Z,22.8,46.0,459.0
2025-10-06T10:00Z,23.9,40.0,568.0
2025-10-06T11:00Z,24.5,36.0,647.0
2025-10-06T12:00Z,24.6,34.0,636.0
2025-10-06T13:00Z,23.9,36.0,378.0
2025-10-06T14:00Z,23.9,35.0,445.0
2025-10-06T15:00Z,22.6,43.0,295.0
2025-10-06T16:00Z,22.2,44.0,162.0
2025-10-06T17:00Z,21.9,46.0,21.0
2025-10-06T18:00Z,21.1,50.0,0.0
2025-10-06T19:00Z,20.5,55.0,0.0
2025-10-06T20:00Z,20.0,59.0,0.0
2025-10-06T21:00Z,19.5,62.0,0.0
2025-10-06T22:00Z,18.9,64.0,0.0
2025-10-06T23:00Z,18.4,67.0,0.0
2025-10-07T00:00Z,17.9,70.0,0.0
2025-10-07T01:00Z,17.6,70.0,0.0
2025-10-07T02:00Z,17.3,72.0,0.0
2025-10-07T03:00Z,17.0,72.0,0.0
2025-10-07T04:00Z,16.6,75.0,0.0
2025-10-07T05:00Z,16.1,76.0,0.0
2025-10-07T06:00Z,16.4,73.0,17.0
2025-10-07T07:00Z,18.0,66.0,142.0
2025-10-07T08:00Z,20.6,59.0,318.0
2025-10-07T09:00Z,22.2,54.0,474.0
2025-10-07T10:00Z,22.9,51.0,481.0
2025-10-07T11:00Z,22.9,52.0,561.0
2025-10-07T12:00Z,23.4,51.0,581.0
2025-10-07T13:00Z,23.0,53.0,385.0
2025-10-07T14:00Z,23.1,54.0,394.0
2025-10-07T15:00Z,23.2,51.0,282.0
2025-10-07T16:00Z,22.3,55.0,161.0
2025-10-07T17:00Z,21.3,61.0,33.0
2025-10-07T18:00Z,20.5,64.0,0.0
2025-10-07T19:00Z,19.5,72.0,0.0
2025-10-07T20:00Z,18.9,74.0,0.0
2025-10-07T21:00Z,18.0,78.0,0.0
2025-10-07T22:00Z,17.2,81.0,0.0
2025-10-07T23:00Z,16.5,84.0,0.0
2025-10-08T00:00Z,16.2,80.0,0.0
2025-10-08T01:00Z,15.2,82.0,0.0
2025-10-08T02:00Z,14.6,83.0,0.0
2025-10-08T03:00Z,14.2,83.0,0.0
2025-10-08T04:00Z,13.9,83.0,0.0
2025-10-08T05:00Z,13.8,82.0,0.0
2025-10-08T06:00Z,14.2,80.0,17.0
2025-10-08T07:00Z,16.1,74.0,153.0
2025-10-08T08:00Z,19.4,62.0,338.0
2025-10-08T09:00Z,22.0,57.0,507.0
2025-10-08T10:00Z,23.5,53.0,633.0
2025-10-08T11:00Z,24.7,46.0,704.0
2025-10-08T12:00Z,25.3,44.0,712.0
2025-10-08T13:00Z,25.9,43.0,653.0
2025-10-08T14:00Z,25.7,45.0,537.0
2025-10-08T15:00Z,24.8,51.0,368.0
2025-10-08T16:00Z,23.2,61.0,192.0
2025-10-08T17:00Z,21.8,71.0,35.0
2025-10-08T18:00Z,21.3,74.0,0.0
2025-10-08T19:00Z,20.8,78.0,0.0
2025-10-08T20:00Z,20.5,78.0,0.0
2025-10-08T21:00Z,19.9,80.0,0.0
2025-10-08T22:00Z,18.8,87.0,0.0
2025-10-08T23:00Z,17.9,91.0,0.0
2025-10-09T00:00Z,17.1,91.0,0.0
2025-10-09T01:00Z,15.9,92.0,0.0
2025-10-09T02:00Z,15.1,94.0,0.0
2025-10-09T03:00Z,14.8,94.0,0.0
2025-10-09T04:00Z,14.3,93.0,0.0
2025-10-09T05:00Z,13.8,95.0,0.0
2025-10-09T06:00Z,14.1,93.0,15.0
2025-10-09T07:00Z,16.0,81.0,141.0
2025-10-09T08:00Z,19.2,67.0,324.0
2025-10-09T09:00Z,21.8,56.0,484.0
2025-10-09T10:00Z,23.3,51.0,538.0
2025-10-09T11:00Z,24.9,45.0,614.0
2025-10-09T12:00Z,26.3,39.0,578.0
2025-10-09T13:00Z,27.4,36.0,528.0
2025-10-09T14:00Z,27.7,35.0,502.0
2025-10-09T15:00Z,26.8,41.0,369.0
2025-10-09T16:00Z,24.9,53.0,186.0
2025-10-09T17:00Z,23.2,66.0,32.0
2025-10-09T18:00Z,23.0,74.0,0.0
2025-10-09T19:00Z,22.5,78.0,0.0
2025-10-09T20:00Z,21.6,84.0,0.0
2025-10-09T21:00Z,21.0,88.0,0.0
2025-10-09T22:00Z,20.0,92.0,0.0
2025-10-09T23:00Z,19.2,95.0,0.0
2025-10-10T00:00Z,18.9,96.0,0.0
2025-10-10T01:00Z,18.0,98.0,0.0
2025-10-10T02:00Z,17.6,98.0,0.0
2025-10-10T03:00Z,17.4,97.0,0.0
2025-10-10T04:00Z,17.4,96.0,0.0
2025-10-10T05:00Z,17.5,95.0,0.0
2025-10-10T06:00Z,17.6,94.0,14.0
2025-10-10T07:00Z,19.2,85.0,135.0
2025-10-10T08:00Z,21.9,74.0,317.0
2025-10-10T09:00Z,24.0,66.0,483.0
2025-10-10T10:00Z,25.4,61.0,608.0
2025-10-10T11:00Z,26.5,55.0,678.0
2025-10-10T12:00Z,27.9,48.0,686.0
2025-10-10T13:00Z,27.1,51.0,620.0
2025-10-10T14:00Z,27.5,50.0,431.0
2025-10-10T15:00Z,25.8,62.0,312.0
2025-10-10T16:00Z,25.0,63.0,161.0
2025-10-10T17:00Z,24.1,67.0,26.0
2025-10-10T18:00Z,24.2,71.0,0.0
2025-10-10T19:00Z,23.5,75.0,0.0
2025-10-10T20:00Z,23.0,77.0,0.0
2025-10-10T21:00Z,22.1,82.0,0.0
2025-10-10T22:00Z,21.7,83.0,0.0
2025-10-10T23:00Z,21.2,86.0,0.0
2025-10-11T00:00Z,20.5,89.0,0.0
2025-10-11T01:00Z,19.9,91.0,0.0
2025-10-11T02:00Z,19.5,91.0,0.0
2025-10-11T03:00Z,19.2,90.0,0.0
2025-10-11T04:00Z,19.0,90.0,0.0
2025-10-11T05:00Z,18.9,90.0,0.0
2025-10-11T06:00Z,19.4,93.0,13.0
2025-10-11T07:00Z,21.0,83.0,130.0
2025-10-11T08:00Z,23.5,70.0,315.0
2025-10-11T09:00Z,25.3,63.0,477.0
2025-10-11T10:00Z,26.6,56.0,585.0
2025-10-11T11:00Z,27.3,52.0,622.0
2025-10-11T12:00Z,26.1,57.0,608.0
2025-10-11T13:00Z,27.5,50.0,493.0
2025-10-11T14:00Z,24.8,66.0,454.0
2025-10-11T15:00Z,24.8,66.0,214.0
2025-10-11T16:00Z,24.5,65.0,151.0
2025-10-11T17:00Z,23.4,71.0,25.0
2025-10-11T18:00Z,22.1,76.0,0.0
2025-10-11T19:00Z,21.8,81.0,0.0
2025-10-11T20:00Z,21.5,84.0,0.0
2025-10-11T21:00Z,21.1,86.0,0.0
2025-10-11T22:00Z,20.8,88.0,0.0
2025-10-11T23:00Z,20.4,91.0,0.0
2025-10-12T00:00Z,20.4,91.0,0.0
2025-10-12T01:00Z,20.2,91.0,0.0
2025-10-12T02:00Z,19.9,93.0,0.0
2025-10-12T03:00Z,19.8,95.0,0.0
2025-10-12T04:00Z,19.4,96.0,0.0
2025-10-12T05:00Z,19.2,97.0,0.0
2025-10-12T06:00Z,20.0,93.0,9.0
2025-10-12T07:00Z,20.0,88.0,106.0
2025-10-12T08:00Z,21.0,81.0,175.0
2025-10-12T09:00Z,22.8,74.0,352.0
2025-10-12T10:00Z,24.6,64.0,503.0
2025-10-12T11:00Z,25.8,56.0,620.0
2025-10-12T12:00Z,26.5,48.0,435.0
2025-10-12T13:00Z,26.8,47.0,445.0
2025-10-12T14:00Z,26.0,49.0,308.0
2025-10-12T15:00Z,26.2,49.0,233.0
2025-10-12T16:00Z,25.5,51.0,93.0
2025-10-12T17:00Z,24.4,57.0,17.0
2025-10-12T18:00Z,22.5,73.0,0.0
2025-10-12T19:00Z,21.9,75.0,0.0
2025-10-12T20:00Z,21.5,77.0,0.0
2025-10-12T21:00Z,21.0,80.0,0.0
2025-10-12T22:00Z,20.8,82.0,0.0
2025-10-12T23:00Z,20.5,82.0,0.0
2025-10-13T00:00Z,20.5,82.0,0.0
2025-10-13T01:00Z,20.2,81.0,0.0
2025-10-13T02:00Z,20.0,79.0,0.0
2025-10-13T03:00Z,19.6,80.0,0.0
2025-10-13T04:00Z,19.0,82.0,0.0
2025-10-13T05:00Z,18.9,82.0,0.0
2025-10-13T06:00Z,19.4,80.0,12.0
2025-10-13T07:00Z,20.8,75.0,134.0
2025-10-13T08:00Z,23.3,63.0,313.0
2025-10-13T09:00Z,25.9,52.0,478.0
2025-10-13T10:00Z,27.9,42.0,601.0
2025-10-13T11:00Z,29.4,37.0,666.0
2025-10-13T12:00Z,30.4,29.0,671.0
2025-10-13T13:00Z,31.0,28.0,581.0
2025-10-13T14:00Z,29.2,34.0,456.0
2025-10-13T15:00Z,27.6,45.0,298.0
2025-10-13T16:00Z,26.9,48.0,144.0
2025-10-13T17:00Z,25.3,59.0,22.0
2025-10-13T18:00Z,24.5,68.0,0.0
2025-10-13T19:00Z,23.6,73.0,0.0
2025-10-13T20:00Z,23.2,76.0,0.0
2025-10-13T21:00Z,23.1,72.0,0.0
2025-10-13T22:00Z,23.0,66.0,0.0
2025-10-13T23:00Z,22.6,66.0,0.0
2025-10-14T00:00Z,22.5,65.0,0.0
2025-10-14T01:00Z,21.5,70.0,0.0
2025-10-14T02:00Z,21.0,71.0,0.0
2025-10-14T03:00Z,21.0,70.0,0.0
2025-10-14T04:00Z,20.6,71.0,0.0
2025-10-14T05:00Z,20.5,71.0,0.0
2025-10-14T06:00Z,20.7,71.0,11.0
2025-10-14T07:00Z,21.9,69.0,133.0
2025-10-14T08:00Z,24.1,62.0,302.0
2025-10-14T09:00Z,26.7,53.0,461.0
2025-10-14T10:00Z,28.9,41.0,586.0
2025-10-14T11:00Z,30.4,34.0,652.0
2025-10-14T12:00Z,29.0,35.0,572.0
2025-10-14T13:00Z,30.9,28.0,488.0
2025-10-14T14:00Z,30.6,28.0,450.0
2025-10-14T15:00Z,24.0,60.0,256.0
2025-10-14T16:00Z,23.9,61.0,83.0
2025-10-14T17:00Z,24.4,59.0,7.0
2025-10-14T18:00Z,23.0,78.0,0.0
2025-10-14T19:00Z,23.0,78.0,0.0
2025-10-14T20:00Z,22.9,75.0,0.0
2025-10-14T21:00Z,22.5,58.0,0.0
2025-10-14T22:00Z,21.6,58.0,0.0
2025-10-14T23:00Z,21.1,60.0,0.0
2025-10-15T00:00Z,20.1,74.0,0.0
2025-10-15T01:00Z,20.0,73.0,0.0
2025-10-15T02:00Z,20.5,71.0,0.0
2025-10-15T03:00Z,19.4,76.0,0.0
2025-10-15T04:00Z,19.0,74.0,0.0
2025-10-15T05:00Z,18.4,77.0,0.0
2025-10-15T06:00Z,18.8,75.0,11.0
2025-10-15T07:00Z,20.1,71.0,128.0
2025-10-15T08:00Z,22.5,58.0,290.0
2025-10-15T09:00Z,25.3,46.0,445.0
2025-10-15T10:00Z,27.2,41.0,556.0
2025-10-15T11:00Z,27.5,43.0,635.0
2025-10-15T12:00Z,27.1,45.0,521.0
2025-10-15T13:00Z,26.2,50.0,515.0
2025-10-15T14:00Z,26.0,51.0,384.0
2025-10-15T15:00Z,25.2,56.0,237.0
2025-10-15T16:00Z,23.4,67.0,116.0
2025-10-15T17:00Z,19.9,92.0,15.0
2025-10-15T18:00Z,18.9,90.0,0.0
2025-10-15T19:00Z,19.0,90.0,0.0
2025-10-15T20:00Z,18.9,89.0,0.0
2025-10-15T21:00Z,18.9,89.0,0.0
2025-10-15T22:00Z,18.6,91.0,0.0
2025-10-15T23:00Z,18.5,91.0,0.0
2025-10-16T00:00Z,19.5,87.0,0.0
2025-10-16T01:00Z,17.3,94.0,0.0
2025-10-16T02:00Z,17.5,93.0,0.0
2025-10-16T03:00Z,17.4,95.0,0.0
2025-10-16T04:00Z,17.1,96.0,0.0
2025-10-16T05:00Z,17.1,95.0,0.0
2025-10-16T06:00Z,18.0,94.0,10.0
2025-10-16T07:00Z,19.2,87.0,110.0
2025-10-16T08:00Z,20.2,82.0,264.0
2025-10-16T09:00Z,21.4,76.0,414.0
2025-10-16T10:00Z,22.4,70.0,526.0
2025-10-16T11:00Z,23.1,66.0,587.0
2025-10-16T12:00Z,24.2,60.0,588.0
2025-10-16T13:00Z,24.7,54.0,471.0
2025-10-16T14:00Z,23.3,59.0,416.0
2025-10-16T15:00Z,23.0,60.0,292.0
2025-10-16T16:00Z,21.9,65.0,147.0
2025-10-16T17:00Z,20.5,72.0,18.0
2025-10-16T18:00Z,20.2,73.0,0.0
2025-10-16T19:00Z,20.0,75.0,0.0
2025-10-16T20:00Z,19.4,79.0,0.0
2025-10-16T21:00Z,18.8,81.0,0.0
2025-10-16T22:00Z,18.4,82.0,0.0
2025-10-16T23:00Z,18.0,85.0,0.0
2025-10-17T00:00Z,17.9,84.0,0.0
2025-10-17T01:00Z,17.4,86.0,0.0
2025-10-17T02:00Z,17.1,87.0,0.0
2025-10-17T03:00Z,16.7,88.0,0.0
2025-10-17T04:00Z,16.4,89.0,0.0
2025-10-17T05:00Z,15.9,91.0,0.0
2025-10-17T06:00Z,16.0,91.0,9.0
2025-10-17T07:00Z,17.2,85.0,124.0
2025-10-17T08:00Z,19.6,74.0,299.0
2025-10-17T09:00Z,21.5,64.0,463.0
2025-10-17T10:00Z,23.0,55.0,566.0
2025-10-17T11:00Z,24.1,48.0,623.0
2025-10-17T12:00Z,25.0,43.0,589.0
2025-10-17T13:00Z,25.5,40.0,546.0
2025-10-17T14:00Z,25.0,41.0,414.0
2025-10-17T15:00Z,23.2,56.0,238.0
2025-10-17T16:00Z,21.6,64.0,123.0
2025-10-17T17:00Z,21.1,69.0,16.0
2025-10-17T18:00Z,21.4,67.0,0.0
2025-10-17T19:00Z,21.1,67.0,0.0
2025-10-17T20:00Z,20.8,70.0,0.0
2025-10-17T21:00Z,20.5,72.0,0.0
2025-10-17T22:00Z,19.8,75.0,0.0
2025-10-17T23:00Z,19.1,78.0,0.0
2025-10-18T00:00Z,18.9,83.0,0.0
2025-10-18T01:00Z,18.7,85.0,0.0
2025-10-18T02:00Z,18.8,86.0,0.0
2025-10-18T03:00Z,18.7,87.0,0.0
2025-10-18T04:00Z,18.7,88.0,0.0
2025-10-18T05:00Z,18.1,91.0,0.0
2025-10-18T06:00Z,18.6,90.0,8.0
2025-10-18T07:00Z,19.5,84.0,100.0
2025-10-18T08:00Z,20.8,75.0,221.0
2025-10-18T09:00Z,20.2,76.0,143.0
2025-10-18T10:00Z,20.2,75.0,183.0
2025-10-18T11:00Z,20.2,74.0,185.0
2025-10-18T12:00Z,19.6,78.0,200.0
2025-10-18T13:00Z,19.8,78.0,221.0
2025-10-18T14:00Z,20.4,75.0,300.0
2025-10-18T15:00Z,20.4,77.0,249.0
2025-10-18T16:00Z,19.5,80.0,106.0
2025-10-18T17:00Z,18.7,83.0,14.0
2025-10-18T18:00Z,18.7,83.0,0.0
2025-10-18T19:00Z,18.0,88.0,0.0
2025-10-18T20:00Z,18.0,88.0,0.0
2025-10-18T21:00Z,18.1,88.0,0.0
2025-10-18T22:00Z,17.2,91.0,0.0
2025-10-18T23:00Z,16.8,95.0,0.0
2025-10-19T00:00Z,16.6,96.0,0.0
2025-10-19T01:00Z,16.0,97.0,0.0
2025-10-19T02:00Z,15.7,98.0,0.0
2025-10-19T03:00Z,15.7,98.0,0.0
2025-10-19T04:00Z,15.6,98.0,0.0
2025-10-19T05:00Z,15.4,98.0,0.0
2025-10-19T06:00Z,16.0,98.0,7.0
2025-10-19T07:00Z,17.5,92.0,103.0
2025-10-19T08:00Z,19.9,80.0,244.0
2025-10-19T09:00Z,21.1,69.0,339.0
2025-10-19T10:00Z,21.5,66.0,387.0
2025-10-19T11:00Z,21.8,63.0,381.0
2025-10-19T12:00Z,22.6,59.0,416.0
2025-10-19T13:00Z,22.4,59.0,532.0
2025-10-19T14:00Z,21.8,63.0,388.0
2025-10-19T15:00Z,21.1,66.0,169.0
2025-10-19T16:00Z,20.5,68.0,100.0
2025-10-19T17:00Z,20.0,73.0,11.0
2025-10-19T18:00Z,19.9,79.0,0.0
2025-10-19T19:00Z,19.2,83.0,0.0
2025-10-19T20:00Z,18.5,87.0,0.0
2025-10-19T21:00Z,17.8,91.0,0.0
2025-10-19T22:00Z,17.1,93.0,0.0
2025-10-19T23:00Z,16.7,96.0,0.0
2025-10-20T00:00Z,16.5,97.0,0.0
2025-10-20T01:00Z,16.0,96.0,0.0
2025-10-20T02:00Z,15.5,97.0,0.0
2025-10-20T03:00Z,15.1,98.0,0.0
2025-10-20T04:00Z,14.9,98.0,0.0
2025-10-20T05:00Z,14.4,100.0,0.0
2025-10-20T06:00Z,14.9,98.0,7.0
2025-10-20T07:00Z,16.4,90.0,114.0
2025-10-20T08:00Z,19.1,76.0,290.0
2025-10-20T09:00Z,21.5,67.0,455.0
2025-10-20T10:00Z,23.3,58.0,578.0
2025-10-20T11:00Z,24.8,50.0,650.0
2025-10-20T12:00Z,25.8,43.0,656.0
2025-10-20T13:00Z,26.6,38.0,572.0
2025-10-20T14:00Z,26.8,31.0,447.0
2025-10-20T15:00Z,26.3,30.0,275.0
2025-10-20T16:00Z,25.1,37.0,130.0
2025-10-20T17:00Z,22.0,59.0,14.0
2025-10-20T18:00Z,20.8,68.0,0.0
2025-10-20T19:00Z,20.1,78.0,0.0
2025-10-20T20:00Z,19.6,83.0,0.0
2025-10-20T21:00Z,19.2,86.0,0.0
2025-10-20T22:00Z,19.4,84.0,0.0
2025-10-20T23:00Z,19.0,84.0,0.0
2025-10-21T00:00Z,18.5,85.0,0.0
2025-10-21T01:00Z,18.0,84.0,0.0
2025-10-21T02:00Z,17.8,80.0,0.0
2025-10-21T03:00Z,17.7,73.0,0.0
2025-10-21T04:00Z,17.1,70.0,0.0
2025-10-21T05:00Z,16.9,66.0,0.0
2025-10-21T06:00Z,17.5,62.0,7.0
2025-10-21T07:00Z,18.8,60.0,110.0
2025-10-21T08:00Z,21.2,56.0,288.0
2025-10-21T09:00Z,24.0,48.0,453.0
2025-10-21T10:00Z,26.5,39.0,577.0
2025-10-21T11:00Z,28.0,34.0,639.0
2025-10-21T12:00Z,28.5,33.0,644.0
2025-10-21T13:00Z,28.5,34.0,585.0
2025-10-21T14:00Z,28.4,33.0,461.0
2025-10-21T15:00Z,27.1,38.0,293.0
2025-10-21T16:00Z,25.5,47.0,130.0
2025-10-21T17:00Z,24.0,55.0,12.0
2025-10-21T18:00Z,23.4,60.0,0.0
2025-10-21T19:00Z,22.6,64.0,0.0
2025-10-21T20:00Z,21.9,68.0,0.0
2025-10-21T21:00Z,21.2,71.0,0.0
2025-10-21T22:00Z,21.4,70.0,0.0
2025-10-21T23:00Z,21.0,71.0,0.0
2025-10-22T00:00Z,19.9,74.0,0.0
2025-10-22T01:00Z,20.0,73.0,0.0
2025-10-22T02:00Z,19.9,72.0,0.0
2025-10-22T03:00Z,19.6,71.0,0.0
2025-10-22T04:00Z,19.2,71.0,0.0
2025-10-22T05:00Z,19.0,73.0,0.0
2025-10-22T06:00Z,18.9,74.0,5.0
2025-10-22T07:00Z,19.9,72.0,78.0
2025-10-22T08:00Z,22.1,64.0,222.0
2025-10-22T09:00Z,24.5,54.0,357.0
2025-10-22T10:00Z,25.9,49.0,452.0
2025-10-22T11:00Z,27.0,45.0,491.0
2025-10-22T12:00Z,27.9,41.0,522.0
2025-10-22T13:00Z,27.9,40.0,440.0
2025-10-22T14:00Z,27.1,42.0,438.0
2025-10-22T15:00Z,26.6,49.0,226.0
2025-10-22T16:00Z,25.1,57.0,112.0
2025-10-22T17:00Z,24.0,64.0,9.0
2025-10-22T18:00Z,22.0,75.0,0.0
2025-10-22T19:00Z,21.5,74.0,0.0
2025-10-22T20:00Z,21.4,73.0,0.0
2025-10-22T21:00Z,21.2,76.0,0.0
2025-10-22T22:00Z,21.0,78.0,0.0
2025-10-22T23:00Z,20.8,81.0,0.0
2025-10-23T00:00Z,21.1,79.0,0.0
2025-10-23T01:00Z,20.8,80.0,0.0
2025-10-23T02:00Z,20.5,80.0,0.0
2025-10-23T03:00Z,20.2,81.0,0.0
2025-10-23T04:00Z,19.9,82.0,0.0
2025-10-23T05:00Z,19.5,83.0,0.0
2025-10-23T06:00Z,19.6,83.0,5.0
2025-10-23T07:00Z,21.0,74.0,107.0
2025-10-23T08:00Z,23.0,64.0,279.0
2025-10-23T09:00Z,25.1,53.0,440.0
2025-10-23T10:00Z,26.8,45.0,562.0
2025-10-23T11:00Z,28.5,37.0,636.0
2025-10-23T12:00Z,29.8,30.0,580.0
2025-10-23T13:00Z,29.9,30.0,546.0
2025-10-23T14:00Z,29.0,35.0,419.0
2025-10-23T15:00Z,28.6,37.0,287.0
2025-10-23T16:00Z,27.5,40.0,118.0
2025-10-23T17:00Z,26.5,44.0,10.0
2025-10-23T18:00Z,25.9,46.0,0.0
2025-10-23T19:00Z,25.0,53.0,0.0
2025-10-23T20:00Z,24.4,60.0,0.0
2025-10-23T21:00Z,23.7,65.0,0.0
2025-10-23T22:00Z,23.0,69.0,0.0
2025-10-23T23:00Z,22.1,74.0,0.0
2025-10-24T00:00Z,21.9,78.0,0.0
2025-10-24T01:00Z,21.1,82.0,0.0
2025-10-24T02:00Z,20.6,83.0,0.0
2025-10-24T03:00Z,20.4,85.0,0.0
2025-10-24T04:00Z,20.0,88.0,0.0
2025-10-24T05:00Z,19.5,90.0,0.0
2025-10-24T06:00Z,19.8,91.0,5.0
2025-10-24T07:00Z,21.1,84.0,99.0
2025-10-24T08:00Z,22.8,73.0,270.0
2025-10-24T09:00Z,24.2,61.0,422.0
2025-10-24T10:00Z,25.5,54.0,536.0
2025-10-24T11:00Z,26.8,48.0,587.0
2025-10-24T12:00Z,27.6,43.0,545.0
2025-10-24T13:00Z,27.8,41.0,555.0
2025-10-24T14:00Z,27.6,40.0,440.0
2025-10-24T15:00Z,26.2,45.0,280.0
2025-10-24T16:00Z,24.1,56.0,119.0
2025-10-24T17:00Z,22.4,64.0,9.0
2025-10-24T18:00Z,21.6,68.0,0.0
2025-10-24T19:00Z,21.1,71.0,0.0
2025-10-24T20:00Z,20.8,75.0,0.0
2025-10-24T21:00Z,20.2,79.0,0.0
2025-10-24T22:00Z,19.8,82.0,0.0
2025-10-24T23:00Z,19.1,86.0,0.0
2025-10-25T00:00Z,19.1,85.0,0.0
2025-10-25T01:00Z,18.5,89.0,0.0
2025-10-25T02:00Z,18.3,90.0,0.0
2025-10-25T03:00Z,18.0,92.0,0.0
2025-10-25T04:00Z,18.0,93.0,0.0
2025-10-25T05:00Z,17.8,94.0,0.0
2025-10-25T06:00Z,17.9,96.0,4.0
2025-10-25T07:00Z,19.2,90.0,101.0
2025-10-25T08:00Z,21.6,79.0,270.0
2025-10-25T09:00Z,24.3,69.0,430.0
2025-10-25T10:00Z,26.9,56.0,550.0
2025-10-25T11:00Z,29.0,43.0,616.0
2025-10-25T12:00Z,30.3,37.0,621.0
2025-10-25T13:00Z,31.8,30.0,565.0
2025-10-25T14:00Z,32.5,25.0,452.0
2025-10-25T15:00Z,32.2,24.0,295.0
2025-10-25T16:00Z,29.6,41.0,122.0
2025-10-25T17:00Z,27.5,47.0,8.0
2025-10-25T18:00Z,26.2,55.0,0.0
2025-10-25T19:00Z,25.0,58.0,0.0
2025-10-25T20:00Z,23.5,62.0,0.0
2025-10-25T21:00Z,22.4,65.0,0.0
2025-10-25T22:00Z,21.5,74.0,0.0
2025-10-25T23:00Z,20.9,80.0,0.0
2025-10-26T00:00Z,20.1,80.0,0.0
2025-10-26T01:00Z,20.1,76.0,0.0
2025-10-26T02:00Z,19.9,72.0,0.0
2025-10-26T03:00Z,19.5,68.0,0.0
2025-10-26T04:00Z,19.5,61.0,0.0
2025-10-26T05:00Z,19.4,56.0,0.0
2025-10-26T06:00Z,19.5,51.0,4.0
2025-10-26T07:00Z,21.4,43.0,103.0
2025-10-26T08:00Z,24.5,34.0,276.0
2025-10-26T09:00Z,28.0,26.0,437.0
2025-10-26T10:00Z,31.4,20.0,558.0
2025-10-26T11:00Z,34.3,15.0,625.0
2025-10-26T12:00Z,34.3,20.0,628.0
2025-10-26T13:00Z,33.7,22.0,570.0
2025-10-26T14:00Z,29.2,40.0,455.0
2025-10-26T15:00Z,28.0,54.0,290.0
2025-10-26T16:00Z,25.8,63.0,118.0
2025-10-26T17:00Z,24.1,69.0,7.0
2025-10-26T18:00Z,22.6,80.0,0.0
2025-10-26T19:00Z,21.5,82.0,0.0
2025-10-26T20:00Z,21.1,80.0,0.0
2025-10-26T21:00Z,20.8,79.0,0.0
2025-10-26T22:00Z,20.4,75.0,0.0
2025-10-26T23:00Z,20.2,70.0,0.0
2025-10-27T00:00Z,19.9,69.0,0.0
2025-10-27T01:00Z,19.5,67.0,0.0
2025-10-27T02:00Z,19.0,65.0,0.0
2025-10-27T03:00Z,18.6,64.0,0.0
2025-10-27T04:00Z,18.3,71.0,0.0
2025-10-27T05:00Z,18.8,67.0,0.0
2025-10-27T06:00Z,19.0,61.0,3.0
2025-10-27T07:00Z,19.5,60.0,84.0
2025-10-27T08:00Z,20.3,55.0,263.0
2025-10-27T09:00Z,21.4,50.0,420.0
2025-10-27T10:00Z,22.2,46.0,527.0
2025-10-27T11:00Z,23.0,42.0,571.0
2025-10-27T12:00Z,23.1,40.0,596.0
2025-10-27T13:00Z,23.0,39.0,445.0
2025-10-27T14:00Z,22.8,41.0,358.0
2025-10-27T15:00Z,21.5,49.0,245.0
2025-10-27T16:00Z,20.8,50.0,89.0
2025-10-27T17:00Z,19.6,54.0,6.0
2025-10-27T18:00Z,19.1,54.0,0.0
2025-10-27T19:00Z,18.8,55.0,0.0
2025-10-27T20:00Z,18.2,59.0,0.0
2025-10-27T21:00Z,17.7,63.0,0.0
2025-10-27T22:00Z,17.2,65.0,0.0
2025-10-27T23:00Z,16.9,68.0,0.0
2025-10-28T00:00Z,17.1,66.0,0.0
2025-10-28T01:00Z,16.3,69.0,0.0
2025-10-28T02:00Z,15.8,71.0,0.0
2025-10-28T03:00Z,15.3,71.0,0.0
2025-10-28T04:00Z,15.0,70.0,0.0
2025-10-28T05:00Z,14.9,69.0,0.0
2025-10-28T06:00Z,15.0,69.0,3.0
2025-10-28T07:00Z,16.4,65.0,95.0
2025-10-28T08:00Z,19.0,56.0,258.0
2025-10-28T09:00Z,21.6,54.0,404.0
2025-10-28T10:00Z,23.2,47.0,464.0
2025-10-28T11:00Z,24.5,41.0,568.0
2025-10-28T12:00Z,24.3,42.0,571.0
2025-10-28T13:00Z,24.5,40.0,533.0
2025-10-28T14:00Z,24.2,40.0,404.0
2025-10-28T15:00Z,23.4,43.0,268.0
2025-10-28T16:00Z,22.2,48.0,109.0
2025-10-28T17:00Z,20.9,54.0,6.0
2025-10-28T18:00Z,20.1,60.0,0.0
2025-10-28T19:00Z,19.1,67.0,0.0
2025-10-28T20:00Z,18.4,71.0,0.0
2025-10-28T21:00Z,18.0,74.0,0.0
2025-10-28T22:00Z,17.0,79.0,0.0
2025-10-28T23:00Z,16.3,82.0,0.0
2025-10-29T00:00Z,15.9,78.0,0.0
2025-10-29T01:00Z,14.6,86.0,0.0
2025-10-29T02:00Z,14.2,87.0,0.0
2025-10-29T03:00Z,13.7,89.0,0.0
2025-10-29T04:00Z,13.4,91.0,0.0
2025-10-29T05:00Z,13.4,90.0,0.0
2025-10-29T06:00Z,13.9,88.0,3.0
2025-10-29T07:00Z,15.4,76.0,96.0
2025-10-29T08:00Z,18.6,63.0,268.0
2025-10-29T09:00Z,22.2,49.0,430.0
2025-10-29T10:00Z,24.0,43.0,551.0
2025-10-29T11:00Z,24.9,39.0,617.0
2025-10-29T12:00Z,25.6,36.0,621.0
2025-10-29T13:00Z,26.0,37.0,563.0
2025-10-29T14:00Z,26.0,39.0,446.0
2025-10-29T15:00Z,25.3,40.0,220.0
2025-10-29T16:00Z,24.3,43.0,82.0
2025-10-29T17:00Z,23.0,49.0,4.0
2025-10-29T18:00Z,21.9,58.0,0.0
2025-10-29T19:00Z,21.2,62.0,0.0
2025-10-29T20:00Z,21.0,63.0,0.0
2025-10-29T21:00Z,20.6,68.0,0.0
2025-10-29T22:00Z,20.4,69.0,0.0
2025-10-29T23:00Z,20.0,74.0,0.0
2025-10-30T00:00Z,19.5,76.0,0.0
2025-10-30T01:00Z,19.2,78.0,0.0
2025-10-30T02:00Z,19.0,81.0,0.0
2025-10-30T03:00Z,18.9,83.0,0.0
2025-10-30T04:00Z,18.8,85.0,0.0
2025-10-30T05:00Z,18.5,86.0,0.0
2025-10-30T06:00Z,18.5,85.0,2.0
2025-10-30T07:00Z,19.6,78.0,62.0
2025-10-30T08:00Z,20.1,75.0,69.0
2025-10-30T09:00Z,23.2,52.0,342.0
2025-10-30T10:00Z,23.2,49.0,209.0
2025-10-30T11:00Z,24.5,49.0,431.0
2025-10-30T12:00Z,25.6,46.0,428.0
2025-10-30T13:00Z,26.5,43.0,498.0
2025-10-30T14:00Z,26.6,42.0,352.0
2025-10-30T15:00Z,26.1,43.0,212.0
2025-10-30T16:00Z,25.0,49.0,97.0
2025-10-30T17:00Z,23.5,58.0,4.0
2025-10-30T18:00Z,22.5,70.0,0.0
2025-10-30T19:00Z,21.5,80.0,0.0
2025-10-30T20:00Z,21.0,83.0,0.0
2025-10-30T21:00Z,20.8,78.0,0.0
2025-10-30T22:00Z,20.2,77.0,0.0
2025-10-30T23:00Z,19.5,77.0,0.0
2025-10-31T00:00Z,19.5,71.0,0.0
2025-10-31T01:00Z,19.0,72.0,0.0
2025-10-31T02:00Z,18.3,75.0,0.0
2025-10-31T03:00Z,18.5,74.0,0.0
2025-10-31T04:00Z,18.8,77.0,0.0
2025-10-31T05:00Z,18.5,79.0,0.0
2025-10-31T06:00Z,19.1,82.0,2.0
2025-10-31T07:00Z,19.6,79.0,54.0
2025-10-31T08:00Z,21.0,69.0,225.0
2025-10-31T09:00Z,22.4,62.0,377.0
2025-10-31T10:00Z,23.8,56.0,498.0
2025-10-31T11:00Z,24.5,50.0,565.0
2025-10-31T12:00Z,25.1,42.0,569.0
2025-10-31T13:00Z,25.0,44.0,525.0
2025-10-31T14:00Z,24.2,47.0,402.0
2025-10-31T15:00Z,23.2,50.0,259.0
2025-10-31T16:00Z,22.1,56.0,100.0
2025-10-31T17:00Z,21.0,63.0,4.0
2025-10-31T18:00Z,20.5,66.0,0.0
2025-10-31T19:00Z,20.0,68.0,0.0
2025-10-31T20:00Z,19.5,71.0,0.0
2025-10-31T21:00Z,19.0,74.0,0.0
2025-10-31T22:00Z,18.5,78.0,0.0
2025-10-31T23:00Z,18.1,80.0,0.0
2025-11-01T00:00Z,17.9,81.0,0.0
2025-11-01T01:00Z,17.5,84.0,0.0
2025-11-01T02:00Z,17.1,86.0,0.0
2025-11-01T03:00Z,16.5,89.0,0.0
2025-11-01T04:00Z,15.9,91.0,0.0
2025-11-01T05:00Z,15.4,93.0,0.0
2025-11-01T06:00Z,15.2,93.0,2.0
2025-11-01T07:00Z,16.1,87.0,84.0
2025-11-01T08:00Z,18.6,75.0,248.0
2025-11-01T09:00Z,21.4,65.0,407.0
2025-11-01T10:00Z,23.0,57.0,529.0
2025-11-01T11:00Z,24.4,50.0,592.0
2025-11-01T12:00Z,25.0,45.0,595.0
2025-11-01T13:00Z,25.5,44.0,541.0
2025-11-01T14:00Z,24.9,48.0,423.0
2025-11-01T15:00Z,23.4,58.0,267.0
2025-11-01T16:00Z,21.6,68.0,99.0
2025-11-01T17:00Z,20.8,73.0,4.0
2025-11-01T18:00Z,20.8,75.0,0.0
2025-11-01T19:00Z,20.2,79.0,0.0
2025-11-01T20:00Z,19.7,83.0,0.0
2025-11-01T21:00Z,19.0,88.0,0.0
2025-11-01T22:00Z,18.0,93.0,0.0
2025-11-01T23:00Z,16.9,97.0,0.0
2025-11-02T00:00Z,16.4,97.0,0.0
2025-11-02T01:00Z,15.3,99.0,0.0
2025-11-02T02:00Z,14.9,98.0,0.0
2025-11-02T03:00Z,14.4,99.0,0.0
2025-11-02T04:00Z,13.9,99.0,0.0
2025-11-02T05:00Z,13.4,99.0,0.0
2025-11-02T06:00Z,13.4,100.0,1.0
2025-11-02T07:00Z,14.6,92.0,77.0
2025-11-02T08:00Z,16.9,78.0,233.0
2025-11-02T09:00Z,19.4,65.0,362.0
2025-11-02T10:00Z,22.1,53.0,534.0
2025-11-02T11:00Z,24.4,42.0,604.0
2025-11-02T12:00Z,25.5,37.0,609.0
2025-11-02T13:00Z,26.6,32.0,550.0
2025-11-02T14:00Z,26.7,32.0,428.0
2025-11-02T15:00Z,26.0,36.0,268.0
2025-11-02T16:00Z,23.7,52.0,83.0
2025-11-02T17:00Z,21.9,65.0,3.0
2025-11-02T18:00Z,21.6,72.0,0.0
2025-11-02T19:00Z,21.5,73.0,0.0
2025-11-02T20:00Z,21.0,81.0,0.0
2025-11-02T21:00Z,20.5,84.0,0.0
2025-11-02T22:00Z,20.1,86.0,0.0
2025-11-02T23:00Z,19.6,88.0,0.0
2025-11-03T00:00Z,19.1,89.0,0.0
2025-11-03T01:00Z,18.9,90.0,0.0
2025-11-03T02:00Z,18.8,89.0,0.0
2025-11-03T03:00Z,18.8,88.0,0.0
2025-11-03T04:00Z,18.7,86.0,0.0
2025-11-03T05:00Z,18.2,87.0,0.0
2025-11-03T06:00Z,18.2,87.0,1.0
2025-11-03T07:00Z,19.5,79.0,70.0
2025-11-03T08:00Z,20.9,71.0,218.0
2025-11-03T09:00Z,22.3,62.0,381.0
2025-11-03T10:00Z,23.5,48.0,492.0
2025-11-03T11:00Z,24.4,41.0,550.0
2025-11-03T12:00Z,24.1,42.0,569.0
2025-11-03T13:00Z,23.9,41.0,518.0
2025-11-03T14:00Z,23.0,43.0,392.0
2025-11-03T15:00Z,22.0,47.0,243.0
2025-11-03T16:00Z,20.9,53.0,92.0
2025-11-03T17:00Z,19.8,62.0,3.0
2025-11-03T18:00Z,19.3,65.0,0.0
2025-11-03T19:00Z,18.7,67.0,0.0
2025-11-03T20:00Z,18.2,70.0,0.0
2025-11-03T21:00Z,17.6,73.0,0.0
2025-11-03T22:00Z,17.1,76.0,0.0
2025-11-03T23:00Z,16.7,77.0,0.0
2025-11-04T00:00Z,16.5,74.0,0.0
2025-11-04T01:00Z,15.9,78.0,0.0
2025-11-04T02:00Z,15.6,79.0,0.0
2025-11-04T03:00Z,15.2,81.0,0.0
2025-11-04T04:00Z,14.9,82.0,0.0
2025-11-04T05:00Z,14.6,84.0,0.0
2025-11-04T06:00Z,14.6,84.0,1.0
2025-11-04T07:00Z,15.7,78.0,75.0
2025-11-04T08:00Z,18.2,66.0,243.0
2025-11-04T09:00Z,20.6,54.0,403.0
2025-11-04T10:00Z,22.0,46.0,477.0
2025-11-04T11:00Z,22.9,41.0,557.0
2025-11-04T12:00Z,23.5,40.0,541.0
2025-11-04T13:00Z,23.8,38.0,489.0
2025-11-04T14:00Z,23.3,38.0,352.0
2025-11-04T15:00Z,22.4,40.0,216.0
2025-11-04T16:00Z,21.0,46.0,88.0
2025-11-04T17:00Z,19.5,60.0,2.0
2025-11-04T18:00Z,18.7,66.0,0.0
2025-11-04T19:00Z,18.0,70.0,0.0
2025-11-04T20:00Z,17.2,74.0,0.0
2025-11-04T21:00Z,16.5,77.0,0.0
2025-11-04T22:00Z,15.7,81.0,0.0
2025-11-04T23:00Z,15.2,83.0,0.0
2025-11-05T00:00Z,14.8,84.0,0.0
2025-11-05T01:00Z,13.8,88.0,0.0
2025-11-05T02:00Z,13.1,90.0,0.0
2025-11-05T03:00Z,12.7,91.0,0.0
2025-11-05T04:00Z,12.2,92.0,0.0
2025-11-05T05:00Z,11.8,92.0,0.0
2025-11-05T06:00Z,11.6,92.0,1.0
2025-11-05T07:00Z,12.5,86.0,77.0
2025-11-05T08:00Z,15.6,71.0,242.0
2025-11-05T09:00Z,18.8,58.0,403.0
2025-11-05T10:00Z,20.8,52.0,524.0
2025-11-05T11:00Z,21.9,48.0,590.0
2025-11-05T12:00Z,22.3,47.0,594.0
2025-11-05T13:00Z,22.5,46.0,540.0
2025-11-05T14:00Z,22.3,46.0,421.0
2025-11-05T15:00Z,21.4,50.0,260.0
2025-11-05T16:00Z,20.1,59.0,91.0
2025-11-05T17:00Z,19.2,64.0,2.0
2025-11-05T18:00Z,19.1,63.0,0.0
2025-11-05T19:00Z,18.4,68.0,0.0
2025-11-05T20:00Z,17.5,72.0,0.0
2025-11-05T21:00Z,17.0,74.0,0.0
2025-11-05T22:00Z,16.4,76.0,0.0
2025-11-05T23:00Z,15.6,80.0,0.0
2025-11-06T00:00Z,15.1,82.0,0.0
2025-11-06T01:00Z,14.3,88.0,0.0
2025-11-06T02:00Z,14.0,90.0,0.0
2025-11-06T03:00Z,13.6,92.0,0.0
2025-11-06T04:00Z,13.5,93.0,0.0
2025-11-06T05:00Z,13.4,93.0,0.0
2025-11-06T06:00Z,13.7,94.0,1.0
2025-11-06T07:00Z,15.6,86.0,73.0
2025-11-06T08:00Z,18.0,72.0,234.0
2025-11-06T09:00Z,20.5,63.0,394.0
2025-11-06T10:00Z,22.6,57.0,510.0
2025-11-06T11:00Z,24.1,51.0,547.0
2025-11-06T12:00Z,24.8,47.0,505.0
2025-11-06T13:00Z,25.5,44.0,456.0
2025-11-06T14:00Z,25.6,44.0,377.0
2025-11-06T15:00Z,24.9,47.0,246.0
2025-11-06T16:00Z,23.4,54.0,86.0
2025-11-06T17:00Z,21.7,62.0,2.0
2025-11-06T18:00Z,20.8,71.0,0.0
2025-11-06T19:00Z,20.0,74.0,0.0
2025-11-06T20:00Z,19.7,71.0,0.0
2025-11-06T21:00Z,19.6,70.0,0.0
2025-11-06T22:00Z,19.1,79.0,0.0
2025-11-06T23:00Z,19.0,84.0,0.0
2025-11-07T00:00Z,19.0,84.0,0.0
2025-11-07T01:00Z,18.9,79.0,0.0
2025-11-07T02:00Z,18.4,78.0,0.0
2025-11-07T03:00Z,17.8,80.0,0.0
2025-11-07T04:00Z,17.3,83.0,0.0
2025-11-07T05:00Z,17.0,84.0,0.0
2025-11-07T06:00Z,17.4,80.0,0.0
2025-11-07T07:00Z,17.6,75.0,43.0
2025-11-07T08:00Z,18.9,67.0,195.0
2025-11-07T09:00Z,20.0,60.0,324.0
2025-11-07T10:00Z,21.0,55.0,394.0
2025-11-07T11:00Z,22.1,46.0,528.0
2025-11-07T12:00Z,22.2,47.0,528.0
2025-11-07T13:00Z,22.0,46.0,458.0
2025-11-07T14:00Z,21.4,49.0,364.0
2025-11-07T15:00Z,20.0,58.0,215.0
2025-11-07T16:00Z,19.0,63.0,75.0
2025-11-07T17:00Z,18.1,68.0,1.0
2025-11-07T18:00Z,17.9,71.0,0.0
2025-11-07T19:00Z,17.0,74.0,0.0
2025-11-07T20:00Z,16.5,77.0,0.0
2025-11-07T21:00Z,16.0,79.0,0.0
2025-11-07T22:00Z,15.4,82.0,0.0
2025-11-07T23:00Z,14.9,84.0,0.0
2025-11-08T00:00Z,15.1,78.0,0.0
2025-11-08T01:00Z,14.6,81.0,0.0
2025-11-08T02:00Z,14.2,83.0,0.0
2025-11-08T03:00Z,14.0,82.0,0.0
2025-11-08T04:00Z,13.6,82.0,0.0
2025-11-08T05:00Z,13.4,81.0,0.0
2025-11-08T06:00Z,13.8,79.0,0.0
2025-11-08T07:00Z,14.7,74.0,61.0
2025-11-08T08:00Z,16.4,69.0,202.0
2025-11-08T09:00Z,18.4,60.0,306.0
2025-11-08T10:00Z,20.0,50.0,382.0
2025-11-08T11:00Z,21.2,43.0,436.0
2025-11-08T12:00Z,21.5,43.0,375.0
2025-11-08T13:00Z,22.6,37.0,463.0
2025-11-08T14:00Z,23.1,36.0,384.0
2025-11-08T15:00Z,22.2,43.0,231.0
2025-11-08T16:00Z,20.0,61.0,55.0
2025-11-08T17:00Z,18.9,70.0,1.0
2025-11-08T18:00Z,18.5,73.0,0.0
2025-11-08T19:00Z,17.9,79.0,0.0
2025-11-08T20:00Z,18.2,77.0,0.0
2025-11-08T21:00Z,18.2,74.0,0.0
2025-11-08T22:00Z,15.7,84.0,0.0
2025-11-08T23:00Z,15.4,81.0,0.0
2025-11-09T00:00Z,15.1,81.0,0.0
2025-11-09T01:00Z,14.4,85.0,0.0
2025-11-09T02:00Z,13.5,87.0,0.0
2025-11-09T03:00Z,12.8,89.0,0.0
2025-11-09T04:00Z,12.8,91.0,0.0
2025-11-09T05:00Z,13.2,84.0,0.0
2025-11-09T06:00Z,13.9,76.0,0.0
2025-11-09T07:00Z,14.9,67.0,46.0
2025-11-09T08:00Z,16.4,66.0,181.0
2025-11-09T09:00Z,17.7,65.0,364.0
2025-11-09T10:00Z,18.0,67.0,313.0
2025-11-09T11:00Z,19.4,61.0,345.0
2025-11-09T12:00Z,19.5,61.0,468.0
2025-11-09T13:00Z,20.0,58.0,405.0
2025-11-09T14:00Z,19.2,60.0,324.0
2025-11-09T15:00Z,18.5,66.0,204.0
2025-11-09T16:00Z,17.2,73.0,50.0
2025-11-09T17:00Z,16.5,77.0,1.0
2025-11-09T18:00Z,16.0,86.0,0.0
2025-11-09T19:00Z,16.1,86.0,0.0
2025-11-09T20:00Z,15.6,88.0,0.0
2025-11-09T21:00Z,15.8,84.0,0.0
2025-11-09T22:00Z,15.5,84.0,0.0
2025-11-09T23:00Z,15.4,86.0,0.0
2025-11-10T00:00Z,15.8,86.0,0.0
2025-11-10T01:00Z,15.6,87.0,0.0
2025-11-10T02:00Z,15.4,87.0,0.0
2025-11-10T03:00Z,15.1,87.0,0.0
2025-11-10T04:00Z,15.0,88.0,0.0
2025-11-10T05:00Z,14.8,89.0,0.0
2025-11-10T06:00Z,15.1,89.0,0.0
2025-11-10T07:00Z,16.0,83.0,59.0
2025-11-10T08:00Z,17.5,77.0,216.0
2025-11-10T09:00Z,19.4,64.0,377.0
2025-11-10T10:00Z,20.5,54.0,440.0
2025-11-10T11:00Z,21.2,50.0,501.0
2025-11-10T12:00Z,21.1,50.0,405.0
2025-11-10T13:00Z,21.3,49.0,383.0
2025-11-10T14:00Z,20.7,51.0,200.0
2025-11-10T15:00Z,20.2,55.0,139.0
2025-11-10T16:00Z,19.1,63.0,58.0
2025-11-10T17:00Z,17.8,70.0,1.0
2025-11-10T18:00Z,17.4,72.0,0.0
2025-11-10T19:00Z,15.9,81.0,0.0
2025-11-10T20:00Z,15.3,82.0,0.0
2025-11-10T21:00Z,14.6,86.0,0.0
2025-11-10T22:00Z,14.0,89.0,0.0
2025-11-10T23:00Z,13.6,92.0,0.0
2025-11-11T00:00Z,13.4,88.0,0.0
2025-11-11T01:00Z,12.4,91.0,0.0
2025-11-11T02:00Z,11.9,92.0,0.0
2025-11-11T03:00Z,11.6,94.0,0.0
2025-11-11T04:00Z,11.1,95.0,0.0
2025-11-11T05:00Z,10.8,95.0,0.0
2025-11-11T06:00Z,10.7,96.0,0.0
2025-11-11T07:00Z,11.6,93.0,61.0
2025-11-11T08:00Z,13.6,85.0,199.0
2025-11-11T09:00Z,16.2,75.0,353.0
2025-11-11T10:00Z,18.7,64.0,460.0
2025-11-11T11:00Z,20.2,57.0,523.0
2025-11-11T12:00Z,21.1,49.0,562.0
2025-11-11T13:00Z,21.9,45.0,513.0
2025-11-11T14:00Z,21.8,43.0,401.0
2025-11-11T15:00Z,21.2,45.0,244.0
2025-11-11T16:00Z,19.2,59.0,77.0
2025-11-11T17:00Z,18.0,69.0,1.0
2025-11-11T18:00Z,17.4,75.0,0.0
2025-11-11T19:00Z,16.5,82.0,0.0
2025-11-11T20:00Z,15.6,87.0,0.0
2025-11-11T21:00Z,14.6,90.0,0.0
2025-11-11T22:00Z,13.9,92.0,0.0
2025-11-11T23:00Z,13.4,92.0,0.0
2025-11-12T00:00Z,13.1,91.0,0.0
2025-11-12T01:00Z,12.0,92.0,0.0
2025-11-12T02:00Z,11.6,93.0,0.0
2025-11-12T03:00Z,11.4,94.0,0.0
2025-11-12T04:00Z,11.4,93.0,0.0
2025-11-12T05:00Z,11.4,93.0,0.0
2025-11-12T06:00Z,10.9,93.0,0.0
2025-11-12T07:00Z,11.8,92.0,60.0
2025-11-12T08:00Z,14.7,80.0,219.0
2025-11-12T09:00Z,17.9,71.0,376.0
2025-11-12T10:00Z,20.5,62.0,495.0
2025-11-12T11:00Z,22.1,50.0,559.0
2025-11-12T12:00Z,23.2,45.0,563.0
2025-11-12T13:00Z,23.5,43.0,504.0
2025-11-12T14:00Z,23.0,46.0,392.0
2025-11-12T15:00Z,21.9,55.0,238.0
2025-11-12T16:00Z,19.9,67.0,75.0
2025-11-12T17:00Z,18.5,75.0,1.0
2025-11-12T18:00Z,17.6,81.0,0.0
2025-11-12T19:00Z,16.9,84.0,0.0
2025-11-12T20:00Z,16.5,86.0,0.0
2025-11-12T21:00Z,16.1,88.0,0.0
2025-11-12T22:00Z,15.9,88.0,0.0
2025-11-12T23:00Z,15.6,85.0,0.0
2025-11-13T00:00Z,14.9,86.0,0.0
2025-11-13T01:00Z,14.0,86.0,0.0
2025-11-13T02:00Z,13.6,85.0,0.0
2025-11-13T03:00Z,13.4,83.0,0.0
2025-11-13T04:00Z,13.2,81.0,0.0
2025-11-13T05:00Z,13.1,80.0,0.0
2025-11-13T06:00Z,13.0,82.0,0.0
2025-11-13T07:00Z,14.0,80.0,60.0
2025-11-13T08:00Z,16.9,66.0,221.0
2025-11-13T09:00Z,19.4,55.0,381.0
2025-11-13T10:00Z,21.3,49.0,502.0
2025-11-13T11:00Z,22.9,38.0,567.0
2025-11-13T12:00Z,23.9,35.0,570.0
2025-11-13T13:00Z,24.3,34.0,511.0
2025-11-13T14:00Z,24.2,37.0,396.0
2025-11-13T15:00Z,23.5,41.0,238.0
2025-11-13T16:00Z,21.7,47.0,75.0
2025-11-13T17:00Z,19.8,70.0,0.0
2025-11-13T18:00Z,19.2,76.0,0.0
2025-11-13T19:00Z,19.1,59.0,0.0
2025-11-13T20:00Z,19.0,48.0,0.0
2025-11-13T21:00Z,18.4,51.0,0.0
2025-11-13T22:00Z,17.5,54.0,0.0
2025-11-13T23:00Z,16.6,58.0,0.0
2025-11-14T00:00Z,15.4,64.0,0.0
2025-11-14T01:00Z,15.4,57.0,0.0
2025-11-14T02:00Z,15.4,55.0,0.0
2025-11-14T03:00Z,15.4,56.0,0.0
2025-11-14T04:00Z,15.2,58.0,0.0
2025-11-14T05:00Z,15.0,58.0,0.0
2025-11-14T06:00Z,14.5,58.0,0.0
2025-11-14T07:00Z,14.9,56.0,57.0
2025-11-14T08:00Z,17.1,51.0,218.0
2025-11-14T09:00Z,19.7,46.0,377.0
2025-11-14T10:00Z,22.0,41.0,498.0
2025-11-14T11:00Z,23.6,36.0,563.0
2025-11-14T12:00Z,25.0,33.0,567.0
2025-11-14T13:00Z,25.5,30.0,508.0
2025-11-14T14:00Z,25.9,27.0,393.0
2025-11-14T15:00Z,24.8,29.0,239.0
2025-11-14T16:00Z,22.7,31.0,74.0
2025-11-14T17:00Z,21.5,31.0,0.0
2025-11-14T18:00Z,20.9,31.0,0.0
2025-11-14T19:00Z,20.2,32.0,0.0
2025-11-14T20:00Z,19.9,33.0,0.0
2025-11-14T21:00Z,19.1,35.0,0.0
2025-11-14T22:00Z,18.3,37.0,0.0
2025-11-14T23:00Z,17.4,39.0,0.0
2025-11-15T00:00Z,16.9,43.0,0.0
2025-11-15T01:00Z,16.7,43.0,0.0
2025-11-15T02:00Z,15.6,47.0,0.0
2025-11-15T03:00Z,14.7,49.0,0.0
2025-11-15T04:00Z,14.5,49.0,0.0
2025-11-15T05:00Z,14.9,45.0,0.0
2025-11-15T06:00Z,14.8,44.0,0.0
2025-11-15T07:00Z,15.2,43.0,53.0
2025-11-15T08:00Z,17.1,42.0,208.0
2025-11-15T09:00Z,19.8,38.0,364.0
2025-11-15T10:00Z,22.6,33.0,481.0
2025-11-15T11:00Z,24.8,28.0,544.0
2025-11-15T12:00Z,26.4,24.0,547.0
2025-11-15T13:00Z,27.2,24.0,493.0
2025-11-15T14:00Z,27.2,25.0,380.0
2025-11-15T15:00Z,26.1,29.0,226.0
2025-11-15T16:00Z,23.0,38.0,66.0
2025-11-15T17:00Z,21.5,40.0,0.0
2025-11-15T18:00Z,20.7,45.0,0.0
2025-11-15T19:00Z,19.2,58.0,0.0
2025-11-15T20:00Z,18.3,66.0,0.0
2025-11-15T21:00Z,17.1,73.0,0.0
2025-11-15T22:00Z,16.5,73.0,0.0
2025-11-15T23:00Z,16.0,71.0,0.0
2025-11-16T00:00Z,15.1,75.0,0.0
2025-11-16T01:00Z,14.3,75.0,0.0
2025-11-16T02:00Z,13.6,77.0,0.0
2025-11-16T03:00Z,13.8,71.0,0.0
2025-11-16T04:00Z,14.2,61.0,0.0
2025-11-16T05:00Z,13.8,62.0,0.0
2025-11-16T06:00Z,13.2,65.0,0.0
2025-11-16T07:00Z,14.5,56.0,51.0
2025-11-16T08:00Z,17.5,48.0,204.0
2025-11-16T09:00Z,20.9,44.0,362.0
2025-11-16T10:00Z,24.1,36.0,475.0
2025-11-16T11:00Z,25.9,30.0,529.0
2025-11-16T12:00Z,27.5,27.0,532.0
2025-11-16T13:00Z,28.1,26.0,456.0
2025-11-16T14:00Z,27.1,31.0,260.0
2025-11-16T15:00Z,26.0,37.0,142.0
2025-11-16T16:00Z,23.5,57.0,38.0
2025-11-16T17:00Z,21.8,53.0,0.0
2025-11-16T18:00Z,20.2,61.0,0.0
2025-11-16T19:00Z,19.1,58.0,0.0
2025-11-16T20:00Z,18.0,62.0,0.0
2025-11-16T21:00Z,17.2,64.0,0.0
2025-11-16T22:00Z,16.5,63.0,0.0
2025-11-16T23:00Z,15.6,66.0,0.0
2025-11-17T00:00Z,14.9,64.0,0.0
2025-11-17T01:00Z,14.1,67.0,0.0
2025-11-17T02:00Z,13.8,68.0,0.0
2025-11-17T03:00Z,13.8,71.0,0.0
2025-11-17T04:00Z,13.4,75.0,0.0
2025-11-17T05:00Z,12.9,77.0,0.0
2025-11-17T06:00Z,12.6,71.0,0.0
2025-11-17T07:00Z,13.2,65.0,36.0
2025-11-17T08:00Z,15.1,62.0,150.0
2025-11-17T09:00Z,18.0,55.0,291.0
2025-11-17T10:00Z,20.4,50.0,368.0
2025-11-17T11:00Z,21.6,55.0,416.0
2025-11-17T12:00Z,21.6,61.0,517.0
2025-11-17T13:00Z,22.1,57.0,314.0
2025-11-17T14:00Z,22.1,58.0,347.0
2025-11-17T15:00Z,21.2,64.0,165.0
2025-11-17T16:00Z,20.1,70.0,41.0
2025-11-17T17:00Z,19.5,77.0,0.0
2025-11-17T18:00Z,19.5,80.0,0.0
2025-11-17T19:00Z,19.2,83.0,0.0
2025-11-17T20:00Z,18.5,90.0,0.0
2025-11-17T21:00Z,18.2,91.0,0.0
2025-11-17T22:00Z,17.4,95.0,0.0
2025-11-17T23:00Z,16.9,97.0,0.0
2025-11-18T00:00Z,15.6,95.0,0.0
2025-11-18T01:00Z,15.8,95.0,0.0
2025-11-18T02:00Z,16.0,92.0,0.0
2025-11-18T03:00Z,16.2,93.0,0.0
2025-11-18T04:00Z,16.2,94.0,0.0
2025-11-18T05:00Z,16.2,94.0,0.0
2025-11-18T06:00Z,15.9,92.0,0.0
2025-11-18T07:00Z,16.1,91.0,28.0
2025-11-18T08:00Z,17.4,81.0,136.0
2025-11-18T09:00Z,18.8,69.0,252.0
2025-11-18T10:00Z,19.9,60.0,317.0
2025-11-18T11:00Z,21.0,51.0,373.0
2025-11-18T12:00Z,22.0,47.0,344.0
2025-11-18T13:00Z,21.5,51.0,302.0
2025-11-18T14:00Z,20.6,55.0,218.0
2025-11-18T15:00Z,19.4,62.0,127.0
2025-11-18T16:00Z,17.9,71.0,39.0
2025-11-18T17:00Z,17.2,74.0,0.0
2025-11-18T18:00Z,17.4,71.0,0.0
2025-11-18T19:00Z,16.7,65.0,0.0
2025-11-18T20:00Z,16.0,67.0,0.0
2025-11-18T21:00Z,15.4,72.0,0.0
2025-11-18T22:00Z,14.9,76.0,0.0
2025-11-18T23:00Z,14.1,81.0,0.0
2025-11-19T00:00Z,13.6,82.0,0.0
2025-11-19T01:00Z,13.1,85.0,0.0
2025-11-19T02:00Z,12.9,86.0,0.0
2025-11-19T03:00Z,12.6,87.0,0.0
2025-11-19T04:00Z,12.7,87.0,0.0
2025-11-19T05:00Z,12.8,87.0,0.0
2025-11-19T06:00Z,12.7,89.0,0.0
2025-11-19T07:00Z,13.4,85.0,41.0
2025-11-19T08:00Z,15.0,78.0,181.0
2025-11-19T09:00Z,16.8,68.0,336.0
2025-11-19T10:00Z,18.6,57.0,459.0
2025-11-19T11:00Z,19.7,46.0,505.0
2025-11-19T12:00Z,20.5,40.0,505.0
2025-11-19T13:00Z,20.5,40.0,462.0
2025-11-19T14:00Z,20.5,38.0,362.0
2025-11-19T15:00Z,19.6,39.0,220.0
2025-11-19T16:00Z,18.0,47.0,64.0
2025-11-19T17:00Z,16.4,59.0,0.0
2025-11-19T18:00Z,15.6,68.0,0.0
2025-11-19T19:00Z,15.0,68.0,0.0
2025-11-19T20:00Z,14.3,71.0,0.0
2025-11-19T21:00Z,13.8,74.0,0.0
2025-11-19T22:00Z,13.3,78.0,0.0
2025-11-19T23:00Z,12.6,82.0,0.0
2025-11-20T00:00Z,12.1,84.0,0.0
2025-11-20T01:00Z,10.8,87.0,0.0
2025-11-20T02:00Z,10.6,88.0,0.0
2025-11-20T03:00Z,10.5,88.0,0.0
2025-11-20T04:00Z,10.1,88.0,0.0
2025-11-20T05:00Z,9.4,89.0,0.0
2025-11-20T06:00Z,9.1,87.0,0.0
2025-11-20T07:00Z,9.4,86.0,41.0
2025-11-20T08:00Z,11.5,77.0,148.0
2025-11-20T09:00Z,14.4,66.0,282.0
2025-11-20T10:00Z,17.5,54.0,441.0
2025-11-20T11:00Z,19.8,45.0,525.0
2025-11-20T12:00Z,21.2,38.0,531.0
2025-11-20T13:00Z,22.0,34.0,476.0
2025-11-20T14:00Z,21.8,34.0,352.0
2025-11-20T15:00Z,21.4,35.0,195.0
2025-11-20T16:00Z,18.5,53.0,58.0
2025-11-20T17:00Z,16.5,72.0,0.0
2025-11-20T18:00Z,16.6,77.0,0.0
2025-11-20T19:00Z,15.8,80.0,0.0
2025-11-20T20:00Z,15.1,81.0,0.0
2025-11-20T21:00Z,14.3,82.0,0.0
2025-11-20T22:00Z,13.9,81.0,0.0
2025-11-20T23:00Z,13.5,82.0,0.0
2025-11-21T00:00Z,14.2,71.0,0.0
2025-11-21T01:00Z,13.2,76.0,0.0
2025-11-21T02:00Z,12.7,78.0,0.0
2025-11-21T03:00Z,12.2,80.0,0.0
2025-11-21T04:00Z,13.1,68.0,0.0
2025-11-21T05:00Z,13.1,65.0,0.0
2025-11-21T06:00Z,12.7,76.0,0.0
2025-11-21T07:00Z,12.5,80.0,31.0
2025-11-21T08:00Z,13.8,73.0,157.0
2025-11-21T09:00Z,14.6,65.0,281.0
2025-11-21T10:00Z,16.1,52.0,441.0
2025-11-21T11:00Z,16.9,49.0,460.0
2025-11-21T12:00Z,16.7,46.0,462.0
2025-11-21T13:00Z,17.0,43.0,436.0
2025-11-21T14:00Z,15.4,50.0,279.0
2025-11-21T15:00Z,14.9,52.0,185.0
2025-11-21T16:00Z,13.8,56.0,52.0
2025-11-21T17:00Z,12.8,59.0,0.0
2025-11-21T18:00Z,11.5,66.0,0.0
2025-11-21T19:00Z,10.8,70.0,0.0
2025-11-21T20:00Z,10.1,76.0,0.0
2025-11-21T21:00Z,9.9,78.0,0.0
2025-11-21T22:00Z,9.1,80.0,0.0
2025-11-21T23:00Z,8.6,75.0,0.0
2025-11-22T00:00Z,8.5,76.0,0.0
2025-11-22T01:00Z,7.5,78.0,0.0
2025-11-22T02:00Z,7.4,76.0,0.0
2025-11-22T03:00Z,7.5,73.0,0.0
2025-11-22T04:00Z,7.3,70.0,0.0
2025-11-22T05:00Z,7.2,70.0,0.0
2025-11-22T06:00Z,7.1,73.0,0.0
2025-11-22T07:00Z,7.3,73.0,37.0
2025-11-22T08:00Z,9.1,63.0,173.0
2025-11-22T09:00Z,10.3,58.0,320.0
2025-11-22T10:00Z,11.2,50.0,439.0
2025-11-22T11:00Z,12.1,48.0,461.0
2025-11-22T12:00Z,12.1,51.0,457.0
2025-11-22T13:00Z,12.1,51.0,393.0
2025-11-22T14:00Z,11.7,53.0,314.0
2025-11-22T15:00Z,10.9,58.0,171.0
2025-11-22T16:00Z,10.4,64.0,50.0
2025-11-22T17:00Z,9.6,69.0,0.0
2025-11-22T18:00Z,9.6,74.0,0.0
2025-11-22T19:00Z,9.3,77.0,0.0
2025-11-22T20:00Z,9.5,77.0,0.0
2025-11-22T21:00Z,9.5,78.0,0.0
2025-11-22T22:00Z,9.4,80.0,0.0
2025-11-22T23:00Z,9.1,80.0,0.0
2025-11-23T00:00Z,8.8,79.0,0.0
2025-11-23T01:00Z,8.9,79.0,0.0
2025-11-23T02:00Z,8.8,81.0,0.0
2025-11-23T03:00Z,8.6,81.0,0.0
2025-11-23T04:00Z,8.6,79.0,0.0
2025-11-23T05:00Z,8.6,78.0,0.0
2025-11-23T06:00Z,8.4,80.0,0.0
2025-11-23T07:00Z,8.9,77.0,34.0
2025-11-23T08:00Z,10.2,71.0,180.0
2025-11-23T09:00Z,12.1,63.0,322.0
2025-11-23T10:00Z,14.0,56.0,421.0
2025-11-23T11:00Z,15.1,52.0,492.0
2025-11-23T12:00Z,15.7,49.0,518.0
2025-11-23T13:00Z,16.5,44.0,461.0
2025-11-23T14:00Z,16.4,45.0,336.0
2025-11-23T15:00Z,15.1,55.0,120.0
2025-11-23T16:00Z,13.7,65.0,46.0
2025-11-23T17:00Z,13.6,66.0,0.0
2025-11-23T18:00Z,13.2,70.0,0.0
2025-11-23T19:00Z,11.6,77.0,0.0
2025-11-23T20:00Z,10.8,78.0,0.0
2025-11-23T21:00Z,10.7,76.0,0.0
2025-11-23T22:00Z,10.8,71.0,0.0
2025-11-23T23:00Z,9.8,73.0,0.0
2025-11-24T00:00Z,10.4,65.0,0.0
2025-11-24T01:00Z,9.1,68.0,0.0
2025-11-24T02:00Z,8.4,68.0,0.0
2025-11-24T03:00Z,8.0,69.0,0.0
2025-11-24T04:00Z,7.6,70.0,0.0
2025-11-24T05:00Z,7.3,70.0,0.0
2025-11-24T06:00Z,7.1,71.0,0.0
2025-11-24T07:00Z,7.5,68.0,33.0
2025-11-24T08:00Z,9.1,64.0,132.0
2025-11-24T09:00Z,11.2,62.0,195.0
2025-11-24T10:00Z,13.2,55.0,231.0
2025-11-24T11:00Z,15.4,48.0,316.0
2025-11-24T12:00Z,17.6,36.0,491.0
2025-11-24T13:00Z,18.5,34.0,434.0
2025-11-24T14:00Z,18.8,35.0,338.0
2025-11-24T15:00Z,17.5,55.0,161.0
2025-11-24T16:00Z,16.1,50.0,57.0
2025-11-24T17:00Z,14.1,58.0,0.0
2025-11-24T18:00Z,12.6,65.0,0.0
2025-11-24T19:00Z,11.7,62.0,0.0
2025-11-24T20:00Z,11.1,62.0,0.0
2025-11-24T21:00Z,10.4,64.0,0.0
2025-11-24T22:00Z,10.4,62.0,0.0
2025-11-24T23:00Z,11.3,55.0,0.0
2025-11-25T00:00Z,12.1,55.0,0.0
2025-11-25T01:00Z,11.9,53.0,0.0
2025-11-25T02:00Z,11.8,51.0,0.0
2025-11-25T03:00Z,11.7,50.0,0.0
2025-11-25T04:00Z,11.7,49.0,0.0
2025-11-25T05:00Z,11.9,47.0,0.0
2025-11-25T06:00Z,12.1,46.0,0.0
2025-11-25T07:00Z,12.1,48.0,21.0
2025-11-25T08:00Z,13.6,46.0,141.0
2025-11-25T09:00Z,15.8,46.0,322.0
2025-11-25T10:00Z,17.9,42.0,443.0
2025-11-25T11:00Z,19.6,37.0,504.0
2025-11-25T12:00Z,20.8,34.0,505.0
2025-11-25T13:00Z,21.3,36.0,451.0
2025-11-25T14:00Z,20.6,41.0,298.0
2025-11-25T15:00Z,19.8,48.0,131.0
2025-11-25T16:00Z,15.1,80.0,19.0
2025-11-25T17:00Z,14.6,79.0,0.0
2025-11-25T18:00Z,14.1,80.0,0.0
2025-11-25T19:00Z,13.8,81.0,0.0
2025-11-25T20:00Z,13.1,83.0,0.0
2025-11-25T21:00Z,12.4,86.0,0.0
2025-11-25T22:00Z,11.9,87.0,0.0
2025-11-25T23:00Z,11.8,86.0,0.0
2025-11-26T00:00Z,12.1,82.0,0.0
2025-11-26T01:00Z,11.8,82.0,0.0
2025-11-26T02:00Z,11.5,83.0,0.0
2025-11-26T03:00Z,11.1,83.0,0.0
2025-11-26T04:00Z,10.4,87.0,0.0
2025-11-26T05:00Z,10.0,89.0,0.0
2025-11-26T06:00Z,9.6,91.0,0.0
2025-11-26T07:00Z,10.1,90.0,29.0
2025-11-26T08:00Z,12.0,79.0,139.0
2025-11-26T09:00Z,13.7,67.0,319.0
2025-11-26T10:00Z,13.9,66.0,367.0
2025-11-26T11:00Z,13.9,64.0,358.0
2025-11-26T12:00Z,14.3,59.0,484.0
2025-11-26T13:00Z,14.7,57.0,448.0
2025-11-26T14:00Z,14.2,56.0,333.0
2025-11-26T15:00Z,13.1,61.0,173.0
2025-11-26T16:00Z,11.6,66.0,47.0
2025-11-26T17:00Z,10.4,73.0,0.0
2025-11-26T18:00Z,10.6,75.0,0.0
2025-11-26T19:00Z,9.7,77.0,0.0
2025-11-26T20:00Z,9.4,77.0,0.0
2025-11-26T21:00Z,8.9,79.0,0.0
2025-11-26T22:00Z,8.7,78.0,0.0
2025-11-26T23:00Z,8.6,77.0,0.0
2025-11-27T00:00Z,8.6,73.0,0.0
2025-11-27T01:00Z,8.5,73.0,0.0
2025-11-27T02:00Z,8.3,75.0,0.0
2025-11-27T03:00Z,8.4,76.0,0.0
2025-11-27T04:00Z,8.1,79.0,0.0
2025-11-27T05:00Z,7.9,83.0,0.0
2025-11-27T06:00Z,8.1,83.0,0.0
2025-11-27T07:00Z,8.2,79.0,28.0
2025-11-27T08:00Z,9.4,76.0,146.0
2025-11-27T09:00Z,10.6,70.0,251.0
2025-11-27T10:00Z,11.8,65.0,384.0
2025-11-27T11:00Z,12.1,62.0,413.0
2025-11-27T12:00Z,12.9,58.0,451.0
2025-11-27T13:00Z,12.5,58.0,402.0
2025-11-27T14:00Z,12.1,60.0,262.0
2025-11-27T15:00Z,11.1,67.0,140.0
2025-11-27T16:00Z,10.1,72.0,45.0
2025-11-27T17:00Z,9.7,74.0,0.0
2025-11-27T18:00Z,9.2,73.0,0.0
2025-11-27T19:00Z,8.9,78.0,0.0
2025-11-27T20:00Z,8.8,80.0,0.0
2025-11-27T21:00Z,8.7,79.0,0.0
2025-11-27T22:00Z,8.4,81.0,0.0
2025-11-27T23:00Z,8.0,83.0,0.0
2025-11-28T00:00Z,7.9,82.0,0.0
2025-11-28T01:00Z,8.4,85.0,0.0
2025-11-28T02:00Z,8.4,89.0,0.0
2025-11-28T03:00Z,8.4,89.0,0.0
2025-11-28T04:00Z,8.8,89.0,0.0
2025-11-28T05:00Z,8.8,91.0,0.0
2025-11-28T06:00Z,8.8,91.0,0.0
2025-11-28T07:00Z,8.9,89.0,15.0
2025-11-28T08:00Z,9.6,87.0,77.0
2025-11-28T09:00Z,11.2,80.0,175.0
2025-11-28T10:00Z,11.9,76.0,239.0
2025-11-28T11:00Z,12.2,73.0,243.0
2025-11-28T12:00Z,13.2,67.0,323.0
2025-11-28T13:00Z,14.1,61.0,389.0
2025-11-28T14:00Z,14.4,55.0,299.0
2025-11-28T15:00Z,12.8,67.0,166.0
2025-11-28T16:00Z,11.4,76.0,49.0
2025-11-28T17:00Z,10.9,80.0,0.0
2025-11-28T18:00Z,10.8,81.0,0.0
2025-11-28T19:00Z,10.6,81.0,0.0
2025-11-28T20:00Z,10.3,83.0,0.0
2025-11-28T21:00Z,9.9,87.0,0.0
2025-11-28T22:00Z,9.8,88.0,0.0
2025-11-28T23:00Z,9.7,87.0,0.0
2025-11-29T00:00Z,9.7,87.0,0.0
2025-11-29T01:00Z,9.6,88.0,0.0
2025-11-29T02:00Z,9.6,87.0,0.0
2025-11-29T03:00Z,9.6,86.0,0.0
2025-11-29T04:00Z,9.9,86.0,0.0
2025-11-29T05:00Z,10.2,84.0,0.0
2025-11-29T06:00Z,9.8,87.0,0.0
2025-11-29T07:00Z,9.6,89.0,24.0
2025-11-29T08:00Z,11.1,85.0,151.0
2025-11-29T09:00Z,13.1,77.0,303.0
2025-11-29T10:00Z,14.6,71.0,372.0
2025-11-29T11:00Z,16.0,64.0,430.0
2025-11-29T12:00Z,16.0,64.0,424.0
2025-11-29T13:00Z,16.2,63.0,381.0
2025-11-29T14:00Z,15.9,64.0,293.0
2025-11-29T15:00Z,15.1,71.0,148.0
2025-11-29T16:00Z,13.9,77.0,43.0
2025-11-29T17:00Z,13.2,80.0,0.0
2025-11-29T18:00Z,12.6,84.0,0.0
2025-11-29T19:00Z,12.2,85.0,0.0
2025-11-29T20:00Z,11.8,87.0,0.0
2025-11-29T21:00Z,10.9,90.0,0.0
2025-11-29T22:00Z,10.3,91.0,0.0
2025-11-29T23:00Z,9.9,91.0,0.0
2025-11-30T00:00Z,9.4,90.0,0.0
2025-11-30T01:00Z,8.8,91.0,0.0
2025-11-30T02:00Z,8.4,91.0,0.0
2025-11-30T03:00Z,8.2,90.0,0.0
2025-11-30T04:00Z,7.5,92.0,0.0
2025-11-30T05:00Z,7.1,93.0,0.0
2025-11-30T06:00Z,6.6,95.0,0.0
2025-11-30T07:00Z,6.8,93.0,24.0
2025-11-30T08:00Z,8.8,84.0,151.0
2025-11-30T09:00Z,11.2,78.0,300.0
2025-11-30T10:00Z,13.7,68.0,422.0
2025-11-30T11:00Z,15.5,61.0,493.0
2025-11-30T12:00Z,17.0,56.0,503.0
2025-11-30T13:00Z,17.6,53.0,451.0
2025-11-30T14:00Z,17.7,54.0,344.0
2025-11-30T15:00Z,17.0,55.0,199.0
2025-11-30T16:00Z,14.6,57.0,52.0
2025-11-30T17:00Z,12.9,64.0,0.0
2025-11-30T18:00Z,12.1,71.0,0.0
2025-11-30T19:00Z,11.1,73.0,0.0
2025-11-30T20:00Z,10.5,76.0,0.0
2025-11-30T21:00Z,10.1,78.0,0.0
2025-11-30T22:00Z,9.5,79.0,0.0
2025-11-30T23:00Z,8.9,80.0,0.0
2025-12-01T00:00Z,7.7,84.0,0.0
2025-12-01T01:00Z,6.1,88.0,0.0
2025-12-01T02:00Z,5.6,89.0,0.0
2025-12-01T03:00Z,5.2,90.0,0.0
2025-12-01T04:00Z,4.8,88.0,0.0
2025-12-01T05:00Z,4.8,84.0,0.0
2025-12-01T06:00Z,4.8,82.0,0.0
2025-12-01T07:00Z,4.8,79.0,21.0
2025-12-01T08:00Z,6.3,78.0,132.0
2025-12-01T09:00Z,9.4,75.0,274.0
2025-12-01T10:00Z,12.4,63.0,397.0
2025-12-01T11:00Z,14.7,53.0,490.0
2025-12-01T12:00Z,16.0,48.0,501.0
2025-12-01T13:00Z,16.7,48.0,450.0
2025-12-01T14:00Z,16.5,48.0,325.0
2025-12-01T15:00Z,15.6,64.0,189.0
2025-12-01T16:00Z,13.8,64.0,49.0
2025-12-01T17:00Z,12.5,69.0,0.0
2025-12-01T18:00Z,11.6,78.0,0.0
2025-12-01T19:00Z,10.1,83.0,0.0
2025-12-01T20:00Z,9.1,86.0,0.0
2025-12-01T21:00Z,8.3,88.0,0.0
2025-12-01T22:00Z,8.1,87.0,0.0
2025-12-01T23:00Z,7.7,87.0,0.0
2025-12-02T00:00Z,7.7,82.0,0.0
2025-12-02T01:00Z,6.8,83.0,0.0
2025-12-02T02:00Z,6.4,84.0,0.0
2025-12-02T03:00Z,6.2,86.0,0.0
2025-12-02T04:00Z,6.1,88.0,0.0
2025-12-02T05:00Z,5.9,89.0,0.0
2025-12-02T06:00Z,6.1,88.0,0.0
2025-12-02T07:00Z,6.2,87.0,22.0
2025-12-02T08:00Z,7.8,85.0,150.0
2025-12-02T09:00Z,10.8,79.0,299.0
2025-12-02T10:00Z,13.7,73.0,415.0
2025-12-02T11:00Z,15.7,70.0,482.0
2025-12-02T12:00Z,17.1,66.0,486.0
2025-12-02T13:00Z,17.5,63.0,413.0
2025-12-02T14:00Z,17.0,65.0,290.0
2025-12-02T15:00Z,16.4,71.0,166.0
2025-12-02T16:00Z,14.9,77.0,46.0
2025-12-02T17:00Z,13.9,80.0,0.0
2025-12-02T18:00Z,13.3,83.0,0.0
2025-12-02T19:00Z,11.7,90.0,0.0
2025-12-02T20:00Z,10.6,94.0,0.0
2025-12-02T21:00Z,10.1,96.0,0.0
2025-12-02T22:00Z,9.9,96.0,0.0
2025-12-02T23:00Z,9.2,99.0,0.0
2025-12-03T00:00Z,9.1,97.0,0.0
2025-12-03T01:00Z,8.3,99.0,0.0
2025-12-03T02:00Z,8.0,99.0,0.0
2025-12-03T03:00Z,7.9,98.0,0.0
2025-12-03T04:00Z,7.8,98.0,0.0
2025-12-03T05:00Z,7.4,98.0,0.0
2025-12-03T06:00Z,7.4,96.0,0.0
2025-12-03T07:00Z,7.4,96.0,21.0
2025-12-03T08:00Z,9.1,92.0,144.0
2025-12-03T09:00Z,11.9,85.0,293.0
2025-12-03T10:00Z,14.5,77.0,415.0
2025-12-03T11:00Z,16.3,69.0,474.0
2025-12-03T12:00Z,17.5,64.0,456.0
2025-12-03T13:00Z,18.2,59.0,430.0
2025-12-03T14:00Z,18.3,57.0,332.0
2025-12-03T15:00Z,17.3,68.0,188.0
2025-12-03T16:00Z,14.9,81.0,48.0
2025-12-03T17:00Z,13.9,87.0,0.0
2025-12-03T18:00Z,13.6,82.0,0.0
2025-12-03T19:00Z,12.5,81.0,0.0
2025-12-03T20:00Z,11.9,84.0,0.0
2025-12-03T21:00Z,11.5,86.0,0.0
2025-12-03T22:00Z,11.4,86.0,0.0
2025-12-03T23:00Z,10.9,89.0,0.0
2025-12-04T00:00Z,11.0,90.0,0.0
2025-12-04T01:00Z,11.0,90.0,0.0
2025-12-04T02:00Z,10.9,89.0,0.0
2025-12-04T03:00Z,10.6,89.0,0.0
2025-12-04T04:00Z,10.8,86.0,0.0
2025-12-04T05:00Z,10.5,85.0,0.0
2025-12-04T06:00Z,10.7,87.0,0.0
2025-12-04T07:00Z,11.2,83.0,12.0
2025-12-04T08:00Z,11.9,81.0,111.0
2025-12-04T09:00Z,13.9,70.0,278.0
2025-12-04T10:00Z,13.9,68.0,345.0
2025-12-04T11:00Z,14.6,63.0,411.0
2025-12-04T12:00Z,15.1,60.0,480.0
2025-12-04T13:00Z,15.1,59.0,400.0
2025-12-04T14:00Z,13.9,67.0,287.0
2025-12-04T15:00Z,13.1,69.0,164.0
2025-12-04T16:00Z,12.2,73.0,45.0
2025-12-04T17:00Z,11.4,75.0,0.0
2025-12-04T18:00Z,11.4,74.0,0.0
2025-12-04T19:00Z,10.9,77.0,0.0
2025-12-04T20:00Z,10.6,79.0,0.0
2025-12-04T21:00Z,10.1,79.0,0.0
2025-12-04T22:00Z,10.1,78.0,0.0
2025-12-04T23:00Z,10.1,76.0,0.0
2025-12-05T00:00Z,10.7,73.0,0.0
2025-12-05T01:00Z,10.0,75.0,0.0
2025-12-05T02:00Z,10.0,73.0,0.0
2025-12-05T03:00Z,9.6,74.0,0.0
2025-12-05T04:00Z,9.8,72.0,0.0
2025-12-05T05:00Z,9.9,78.0,0.0
2025-12-05T06:00Z,10.1,85.0,0.0
2025-12-05T07:00Z,10.7,86.0,17.0
2025-12-05T08:00Z,12.0,81.0,123.0
2025-12-05T09:00Z,12.8,77.0,243.0
2025-12-05T10:00Z,13.4,68.0,374.0
2025-12-05T11:00Z,12.9,72.0,344.0
2025-12-05T12:00Z,14.4,71.0,356.0
2025-12-05T13:00Z,12.9,74.0,256.0
2025-12-05T14:00Z,12.8,70.0,218.0
2025-12-05T15:00Z,12.3,72.0,146.0
2025-12-05T16:00Z,11.5,77.0,40.0
2025-12-05T17:00Z,10.8,78.0,0.0
2025-12-05T18:00Z,10.8,79.0,0.0
2025-12-05T19:00Z,10.9,79.0,0.0
2025-12-05T20:00Z,10.6,77.0,0.0
2025-12-05T21:00Z,10.9,71.0,0.0
2025-12-05T22:00Z,11.3,64.0,0.0
2025-12-05T23:00Z,11.3,68.0,0.0
2025-12-06T00:00Z,11.9,68.0,0.0
2025-12-06T01:00Z,11.9,66.0,0.0
2025-12-06T02:00Z,11.8,66.0,0.0
2025-12-06T03:00Z,11.4,69.0,0.0
2025-12-06T04:00Z,11.9,69.0,0.0
2025-12-06T05:00Z,12.3,70.0,0.0
2025-12-06T06:00Z,12.4,71.0,0.0
2025-12-06T07:00Z,12.2,72.0,17.0
2025-12-06T08:00Z,13.5,67.0,136.0
2025-12-06T09:00Z,15.1,64.0,261.0
2025-12-06T10:00Z,15.9,55.0,399.0
2025-12-06T11:00Z,16.2,52.0,420.0
2025-12-06T12:00Z,16.8,51.0,442.0
2025-12-06T13:00Z,16.7,52.0,442.0
2025-12-06T14:00Z,16.5,54.0,336.0
2025-12-06T15:00Z,15.9,56.0,196.0
2025-12-06T16:00Z,14.7,62.0,50.0
2025-12-06T17:00Z,14.2,71.0,0.0
2025-12-06T18:00Z,13.5,81.0,0.0
2025-12-06T19:00Z,14.1,78.0,0.0
2025-12-06T20:00Z,14.5,79.0,0.0
2025-12-06T21:00Z,14.6,81.0,0.0
2025-12-06T22:00Z,14.4,82.0,0.0
2025-12-06T23:00Z,14.2,84.0,0.0
2025-12-07T00:00Z,14.1,85.0,0.0
2025-12-07T01:00Z,14.0,84.0,0.0
2025-12-07T02:00Z,14.1,84.0,0.0
2025-12-07T03:00Z,13.9,87.0,0.0
2025-12-07T04:00Z,13.4,89.0,0.0
2025-12-07T05:00Z,13.4,89.0,0.0
2025-12-07T06:00Z,13.8,89.0,0.0
2025-12-07T07:00Z,14.1,87.0,15.0
2025-12-07T08:00Z,15.4,84.0,114.0
2025-12-07T09:00Z,17.0,80.0,262.0
2025-12-07T10:00Z,17.7,76.0,359.0
2025-12-07T11:00Z,18.1,75.0,395.0
2025-12-07T12:00Z,18.8,70.0,453.0
2025-12-07T13:00Z,19.2,68.0,412.0
2025-12-07T14:00Z,18.9,70.0,312.0
2025-12-07T15:00Z,18.2,74.0,164.0
2025-12-07T16:00Z,16.8,79.0,45.0
2025-12-07T17:00Z,15.6,86.0,0.0
2025-12-07T18:00Z,15.2,88.0,0.0
2025-12-07T19:00Z,14.9,90.0,0.0
2025-12-07T20:00Z,14.8,91.0,0.0
2025-12-07T21:00Z,14.6,93.0,0.0
2025-12-07T22:00Z,14.6,93.0,0.0
2025-12-07T23:00Z,14.6,93.0,0.0
2025-12-08T00:00Z,14.1,92.0,0.0
2025-12-08T01:00Z,14.1,92.0,0.0
2025-12-08T02:00Z,13.6,94.0,0.0
2025-12-08T03:00Z,13.6,94.0,0.0
2025-12-08T04:00Z,13.1,94.0,0.0
2025-12-08T05:00Z,12.9,94.0,0.0
2025-12-08T06:00Z,12.9,93.0,0.0
2025-12-08T07:00Z,13.0,93.0,16.0
2025-12-08T08:00Z,14.9,88.0,129.0
2025-12-08T09:00Z,16.8,84.0,272.0
2025-12-08T10:00Z,18.2,78.0,393.0
2025-12-08T11:00Z,19.4,69.0,462.0
2025-12-08T12:00Z,20.1,66.0,460.0
2025-12-08T13:00Z,20.4,64.0,415.0
2025-12-08T14:00Z,20.0,66.0,320.0
2025-12-08T15:00Z,19.1,71.0,188.0
2025-12-08T16:00Z,17.0,81.0,48.0
2025-12-08T17:00Z,15.6,86.0,0.0
2025-12-08T18:00Z,14.9,87.0,0.0
2025-12-08T19:00Z,14.4,89.0,0.0
2025-12-08T20:00Z,13.9,91.0,0.0
2025-12-08T21:00Z,13.3,93.0,0.0
2025-12-08T22:00Z,12.6,95.0,0.0
2025-12-08T23:00Z,11.9,96.0,0.0
2025-12-09T00:00Z,11.4,96.0,0.0
2025-12-09T01:00Z,10.9,95.0,0.0
2025-12-09T02:00Z,10.5,95.0,0.0
2025-12-09T03:00Z,9.9,96.0,0.0
2025-12-09T04:00Z,9.6,96.0,0.0
2025-12-09T05:00Z,9.4,97.0,0.0
2025-12-09T06:00Z,9.1,98.0,0.0
2025-12-09T07:00Z,8.9,98.0,15.0
2025-12-09T08:00Z,10.4,95.0,122.0
2025-12-09T09:00Z,12.8,89.0,264.0
2025-12-09T10:00Z,15.4,80.0,387.0
2025-12-09T11:00Z,17.1,74.0,454.0
2025-12-09T12:00Z,18.0,70.0,473.0
2025-12-09T13:00Z,18.4,69.0,428.0
2025-12-09T14:00Z,18.1,69.0,316.0
2025-12-09T15:00Z,17.2,75.0,170.0
2025-12-09T16:00Z,15.2,84.0,43.0
2025-12-09T17:00Z,14.4,88.0,0.0
2025-12-09T18:00Z,14.4,91.0,0.0
2025-12-09T19:00Z,13.6,96.0,0.0
2025-12-09T20:00Z,12.8,100.0,0.0
2025-12-09T21:00Z,11.9,100.0,0.0
2025-12-09T22:00Z,11.6,100.0,0.0
2025-12-09T23:00Z,11.6,99.0,0.0
2025-12-10T00:00Z,11.1,99.0,0.0
2025-12-10T01:00Z,10.1,100.0,0.0
2025-12-10T02:00Z,10.1,100.0,0.0
2025-12-10T03:00Z,10.4,100.0,0.0
2025-12-10T04:00Z,10.2,100.0,0.0
2025-12-10T05:00Z,10.0,100.0,0.0
2025-12-10T06:00Z,9.9,99.0,0.0
2025-12-10T07:00Z,9.6,99.0,9.0
2025-12-10T08:00Z,9.9,98.0,73.0
2025-12-10T09:00Z,11.0,92.0,188.0
2025-12-10T10:00Z,12.9,89.0,314.0
2025-12-10T11:00Z,14.9,79.0,440.0
2025-12-10T12:00Z,17.0,75.0,459.0
2025-12-10T13:00Z,17.8,74.0,420.0
2025-12-10T14:00Z,17.7,76.0,317.0
2025-12-10T15:00Z,17.0,83.0,185.0
2025-12-10T16:00Z,15.5,92.0,48.0
2025-12-10T17:00Z,14.7,94.0,0.0
2025-12-10T18:00Z,14.1,94.0,0.0
2025-12-10T19:00Z,12.8,91.0,0.0
2025-12-10T20:00Z,11.9,92.0,0.0
2025-12-10T21:00Z,11.6,95.0,0.0
2025-12-10T22:00Z,11.3,97.0,0.0
2025-12-10T23:00Z,11.2,97.0,0.0
2025-12-11T00:00Z,10.4,97.0,0.0
2025-12-11T01:00Z,8.9,100.0,0.0
2025-12-11T02:00Z,8.7,100.0,0.0
2025-12-11T03:00Z,8.1,100.0,0.0
2025-12-11T04:00Z,8.0,100.0,0.0
2025-12-11T05:00Z,8.0,100.0,0.0
2025-12-11T06:00Z,8.0,100.0,0.0
2025-12-11T07:00Z,8.1,100.0,8.0
2025-12-11T08:00Z,9.4,98.0,68.0
2025-12-11T09:00Z,10.9,97.0,161.0
2025-12-11T10:00Z,12.1,96.0,232.0
2025-12-11T11:00Z,13.9,91.0,337.0
2025-12-11T12:00Z,15.9,82.0,333.0
2025-12-11T13:00Z,16.6,76.0,359.0
2025-12-11T14:00Z,16.6,74.0,292.0
2025-12-11T15:00Z,16.2,79.0,181.0
2025-12-11T16:00Z,14.8,88.0,46.0
2025-12-11T17:00Z,14.2,90.0,0.0
2025-12-11T18:00Z,13.9,91.0,0.0
2025-12-11T19:00Z,13.7,92.0,0.0
2025-12-11T20:00Z,12.9,95.0,0.0
2025-12-11T21:00Z,12.1,97.0,0.0
2025-12-11T22:00Z,11.6,99.0,0.0
2025-12-11T23:00Z,11.0,100.0,0.0
2025-12-12T00:00Z,10.1,100.0,0.0
2025-12-12T01:00Z,9.2,100.0,0.0
2025-12-12T02:00Z,8.8,100.0,0.0
2025-12-12T03:00Z,8.2,100.0,0.0
2025-12-12T04:00Z,8.1,100.0,0.0
2025-12-12T05:00Z,8.0,100.0,0.0
2025-12-12T06:00Z,8.1,100.0,0.0
2025-12-12T07:00Z,8.2,99.0,9.0
2025-12-12T08:00Z,9.4,98.0,74.0
2025-12-12T09:00Z,10.8,96.0,161.0
2025-12-12T10:00Z,12.6,93.0,263.0
2025-12-12T11:00Z,14.6,88.0,376.0
2025-12-12T12:00Z,16.7,82.0,449.0
2025-12-12T13:00Z,17.2,80.0,335.0
2025-12-12T14:00Z,17.0,83.0,291.0
2025-12-12T15:00Z,16.4,86.0,171.0
2025-12-12T16:00Z,15.4,88.0,44.0
2025-12-12T17:00Z,15.0,88.0,0.0
2025-12-12T18:00Z,14.9,87.0,0.0
2025-12-12T19:00Z,14.3,89.0,0.0
2025-12-12T20:00Z,13.5,91.0,0.0
2025-12-12T21:00Z,13.1,91.0,0.0
2025-12-12T22:00Z,12.7,92.0,0.0
2025-12-12T23:00Z,12.1,93.0,0.0
2025-12-13T00:00Z,11.6,98.0,0.0
2025-12-13T01:00Z,10.9,100.0,0.0
2025-12-13T02:00Z,10.4,100.0,0.0
2025-12-13T03:00Z,9.9,100.0,0.0
2025-12-13T04:00Z,9.6,100.0,0.0
2025-12-13T05:00Z,9.3,100.0,0.0
2025-12-13T06:00Z,9.1,99.0,0.0
2025-12-13T07:00Z,8.9,100.0,9.0
2025-12-13T08:00Z,10.2,98.0,83.0
2025-12-13T09:00Z,11.8,99.0,188.0
2025-12-13T10:00Z,13.9,94.0,320.0
2025-12-13T11:00Z,16.0,86.0,421.0
2025-12-13T12:00Z,17.6,78.0,454.0
2025-12-13T13:00Z,18.1,73.0,363.0
2025-12-13T14:00Z,17.5,76.0,273.0
2025-12-13T15:00Z,16.5,84.0,137.0
2025-12-13T16:00Z,15.6,90.0,41.0
2025-12-13T17:00Z,15.1,90.0,0.0
2025-12-13T18:00Z,14.6,91.0,0.0
2025-12-13T19:00Z,13.8,92.0,0.0
2025-12-13T20:00Z,13.1,93.0,0.0
2025-12-13T21:00Z,12.6,93.0,0.0
2025-12-13T22:00Z,12.2,94.0,0.0
2025-12-13T23:00Z,11.6,95.0,0.0
2025-12-14T00:00Z,10.6,97.0,0.0
2025-12-14T01:00Z,9.7,98.0,0.0
2025-12-14T02:00Z,9.6,98.0,0.0
2025-12-14T03:00Z,8.9,98.0,0.0
2025-12-14T04:00Z,8.6,99.0,0.0
2025-12-14T05:00Z,8.1,100.0,0.0
2025-12-14T06:00Z,7.8,100.0,0.0
2025-12-14T07:00Z,8.4,100.0,9.0
2025-12-14T08:00Z,10.1,98.0,85.0
2025-12-14T09:00Z,12.2,98.0,199.0
2025-12-14T10:00Z,15.4,88.0,348.0
2025-12-14T11:00Z,17.7,80.0,438.0
2025-12-14T12:00Z,19.2,68.0,417.0
2025-12-14T13:00Z,19.5,63.0,396.0
2025-12-14T14:00Z,19.5,64.0,315.0
2025-12-14T15:00Z,18.6,68.0,183.0
2025-12-14T16:00Z,16.9,78.0,48.0
2025-12-14T17:00Z,15.8,85.0,0.0
2025-12-14T18:00Z,15.6,90.0,0.0
2025-12-14T19:00Z,15.5,89.0,0.0
2025-12-14T20:00Z,15.3,90.0,0.0
2025-12-14T21:00Z,15.4,89.0,0.0
2025-12-14T22:00Z,15.2,89.0,0.0
2025-12-14T23:00Z,14.9,90.0,0.0
2025-12-15T00:00Z,13.8,93.0,0.0
2025-12-15T01:00Z,13.1,95.0,0.0
2025-12-15T02:00Z,13.0,95.0,0.0
2025-12-15T03:00Z,13.2,94.0,0.0
2025-12-15T04:00Z,13.8,92.0,0.0
2025-12-15T05:00Z,13.8,92.0,0.0
2025-12-15T06:00Z,13.6,92.0,0.0
2025-12-15T07:00Z,14.2,91.0,10.0
2025-12-15T08:00Z,15.8,86.0,67.0
2025-12-15T09:00Z,17.2,83.0,130.0
2025-12-15T10:00Z,18.0,80.0,158.0
2025-12-15T11:00Z,19.0,74.0,240.0
2025-12-15T12:00Z,18.6,74.0,184.0
2025-12-15T13:00Z,18.6,75.0,158.0
2025-12-15T14:00Z,18.1,79.0,130.0
2025-12-15T15:00Z,17.2,82.0,33.0
2025-12-15T16:00Z,16.7,86.0,6.0
2025-12-15T17:00Z,16.6,88.0,0.0
2025-12-15T18:00Z,16.2,90.0,0.0
2025-12-15T19:00Z,16.5,89.0,0.0
2025-12-15T20:00Z,16.3,87.0,0.0
2025-12-15T21:00Z,16.0,87.0,0.0
2025-12-15T22:00Z,15.9,87.0,0.0
2025-12-15T23:00Z,15.1,90.0,0.0
2025-12-16T00:00Z,15.6,90.0,0.0
2025-12-16T01:00Z,15.4,89.0,0.0
2025-12-16T02:00Z,15.2,90.0,0.0
2025-12-16T03:00Z,14.7,92.0,0.0
2025-12-16T04:00Z,14.8,90.0,0.0
2025-12-16T05:00Z,14.7,89.0,0.0
2025-12-16T06:00Z,14.4,93.0,0.0
2025-12-16T07:00Z,14.6,91.0,5.0
2025-12-16T08:00Z,15.1,89.0,51.0
2025-12-16T09:00Z,15.8,86.0,119.0
2025-12-16T10:00Z,16.4,85.0,154.0
2025-12-16T11:00Z,17.9,79.0,330.0
2025-12-16T12:00Z,18.6,69.0,454.0
2025-12-16T13:00Z,19.5,57.0,392.0
2025-12-16T14:00Z,20.0,51.0,315.0
2025-12-16T15:00Z,19.0,59.0,196.0
2025-12-16T16:00Z,16.8,73.0,53.0
2025-12-16T17:00Z,15.9,75.0,0.0
2025-12-16T18:00Z,16.5,74.0,0.0
2025-12-16T19:00Z,16.4,74.0,0.0
2025-12-16T20:00Z,15.8,78.0,0.0
2025-12-16T21:00Z,14.9,80.0,0.0
2025-12-16T22:00Z,14.4,81.0,0.0
2025-12-16T23:00Z,14.0,82.0,0.0
2025-12-17T00:00Z,12.9,85.0,0.0
2025-12-17T01:00Z,12.0,86.0,0.0
2025-12-17T02:00Z,11.6,86.0,0.0
2025-12-17T03:00Z,11.1,88.0,0.0
2025-12-17T04:00Z,10.9,88.0,0.0
2025-12-17T05:00Z,10.9,90.0,0.0
2025-12-17T06:00Z,11.0,93.0,0.0
2025-12-17T07:00Z,10.8,94.0,9.0
2025-12-17T08:00Z,12.9,87.0,93.0
2025-12-17T09:00Z,15.5,82.0,257.0
2025-12-17T10:00Z,17.5,77.0,383.0
2025-12-17T11:00Z,18.8,70.0,429.0
2025-12-17T12:00Z,19.5,65.0,386.0
2025-12-17T13:00Z,19.8,62.0,383.0
2025-12-17T14:00Z,19.4,65.0,318.0
2025-12-17T15:00Z,18.4,73.0,170.0
2025-12-17T16:00Z,17.0,80.0,44.0
2025-12-17T17:00Z,16.1,86.0,0.0
2025-12-17T18:00Z,15.8,91.0,0.0
2025-12-17T19:00Z,14.9,95.0,0.0
2025-12-17T20:00Z,15.1,95.0,0.0
2025-12-17T21:00Z,15.1,96.0,0.0
2025-12-17T22:00Z,13.9,98.0,0.0
2025-12-17T23:00Z,13.6,99.0,0.0
2025-12-18T00:00Z,13.8,100.0,0.0
2025-12-18T01:00Z,13.5,100.0,0.0
2025-12-18T02:00Z,13.6,100.0,0.0
2025-12-18T03:00Z,12.8,100.0,0.0
2025-12-18T04:00Z,12.9,100.0,0.0
2025-12-18T05:00Z,13.4,100.0,0.0
2025-12-18T06:00Z,14.4,100.0,0.0
2025-12-18T07:00Z,15.0,99.0,6.0
2025-12-18T08:00Z,16.6,95.0,70.0
2025-12-18T09:00Z,18.4,91.0,215.0
2025-12-18T10:00Z,20.0,81.0,339.0
2025-12-18T11:00Z,20.8,68.0,407.0
2025-12-18T12:00Z,20.5,68.0,387.0
2025-12-18T13:00Z,20.1,71.0,328.0
2025-12-18T14:00Z,19.4,75.0,194.0
2025-12-18T15:00Z,18.7,78.0,134.0
2025-12-18T16:00Z,17.9,81.0,37.0
2025-12-18T17:00Z,17.5,84.0,0.0
2025-12-18T18:00Z,16.6,90.0,0.0
2025-12-18T19:00Z,16.2,92.0,0.0
2025-12-18T20:00Z,16.2,91.0,0.0
2025-12-18T21:00Z,16.1,89.0,0.0
2025-12-18T22:00Z,16.1,89.0,0.0
2025-12-18T23:00Z,15.9,88.0,0.0
2025-12-19T00:00Z,16.4,86.0,0.0
2025-12-19T01:00Z,16.0,85.0,0.0
2025-12-19T02:00Z,15.6,86.0,0.0
2025-12-19T03:00Z,15.5,86.0,0.0
2025-12-19T04:00Z,15.2,86.0,0.0
2025-12-19T05:00Z,14.6,90.0,0.0
2025-12-19T06:00Z,14.4,93.0,0.0
2025-12-19T07:00Z,14.5,95.0,2.0
2025-12-19T08:00Z,14.7,93.0,36.0
2025-12-19T09:00Z,14.9,93.0,46.0
2025-12-19T10:00Z,15.8,90.0,97.0
2025-12-19T11:00Z,16.5,85.0,202.0
2025-12-19T12:00Z,15.7,87.0,156.0
2025-12-19T13:00Z,15.9,87.0,112.0
2025-12-19T14:00Z,15.8,88.0,95.0
2025-12-19T15:00Z,15.4,86.0,44.0
2025-12-19T16:00Z,14.9,91.0,6.0
2025-12-19T17:00Z,14.4,93.0,0.0
2025-12-19T18:00Z,14.4,94.0,0.0
2025-12-19T19:00Z,14.1,96.0,0.0
2025-12-19T20:00Z,14.1,96.0,0.0
2025-12-19T21:00Z,13.9,97.0,0.0
2025-12-19T22:00Z,13.8,96.0,0.0
2025-12-19T23:00Z,13.7,95.0,0.0
2025-12-20T00:00Z,13.1,96.0,0.0
2025-12-20T01:00Z,12.8,96.0,0.0
2025-12-20T02:00Z,13.1,95.0,0.0
2025-12-20T03:00Z,12.4,96.0,0.0
2025-12-20T04:00Z,11.9,97.0,0.0
2025-12-20T05:00Z,12.2,98.0,0.0
2025-12-20T06:00Z,12.5,96.0,0.0
2025-12-20T07:00Z,12.7,97.0,6.0
2025-12-20T08:00Z,13.4,96.0,96.0
2025-12-20T09:00Z,14.9,90.0,238.0
2025-12-20T10:00Z,15.9,82.0,354.0
2025-12-20T11:00Z,16.6,75.0,360.0
2025-12-20T12:00Z,16.6,77.0,337.0
2025-12-20T13:00Z,16.9,74.0,333.0
2025-12-20T14:00Z,16.5,76.0,216.0
2025-12-20T15:00Z,15.4,81.0,75.0
2025-12-20T16:00Z,14.9,88.0,17.0
2025-12-20T17:00Z,14.4,91.0,0.0
2025-12-20T18:00Z,14.2,94.0,0.0
2025-12-20T19:00Z,14.0,94.0,0.0
2025-12-20T20:00Z,13.9,94.0,0.0
2025-12-20T21:00Z,13.6,95.0,0.0
2025-12-20T22:00Z,13.2,97.0,0.0
2025-12-20T23:00Z,12.6,99.0,0.0
2025-12-21T00:00Z,12.9,99.0,0.0
2025-12-21T01:00Z,12.6,100.0,0.0
2025-12-21T02:00Z,12.6,99.0,0.0
2025-12-21T03:00Z,12.6,100.0,0.0
2025-12-21T04:00Z,11.6,100.0,0.0
2025-12-21T05:00Z,11.7,100.0,0.0
2025-12-21T06:00Z,12.0,100.0,0.0
2025-12-21T07:00Z,11.7,100.0,6.0
2025-12-21T08:00Z,12.6,98.0,69.0
2025-12-21T09:00Z,13.5,93.0,122.0
2025-12-21T10:00Z,14.8,87.0,243.0
2025-12-21T11:00Z,15.9,80.0,350.0
2025-12-21T12:00Z,16.4,77.0,356.0
2025-12-21T13:00Z,15.6,77.0,312.0
2025-12-21T14:00Z,14.6,82.0,115.0
2025-12-21T15:00Z,14.1,84.0,110.0
2025-12-21T16:00Z,13.9,88.0,30.0
2025-12-21T17:00Z,13.4,92.0,0.0
2025-12-21T18:00Z,12.4,98.0,0.0
2025-12-21T19:00Z,12.1,97.0,0.0
2025-12-21T20:00Z,12.7,94.0,0.0
2025-12-21T21:00Z,12.8,93.0,0.0
2025-12-21T22:00Z,12.6,92.0,0.0
2025-12-21T23:00Z,12.5,92.0,0.0
2025-12-22T00:00Z,12.8,89.0,0.0
2025-12-22T01:00Z,12.0,90.0,0.0
2025-12-22T02:00Z,11.4,91.0,0.0
2025-12-22T03:00Z,11.1,91.0,0.0
2025-12-22T04:00Z,11.1,91.0,0.0
2025-12-22T05:00Z,10.2,93.0,0.0
2025-12-22T06:00Z,10.1,95.0,0.0
2025-12-22T07:00Z,9.9,94.0,8.0
2025-12-22T08:00Z,13.1,83.0,112.0
2025-12-22T09:00Z,15.1,81.0,260.0
2025-12-22T10:00Z,16.8,72.0,384.0
2025-12-22T11:00Z,17.7,64.0,459.0
2025-12-22T12:00Z,18.9,60.0,471.0
2025-12-22T13:00Z,18.9,60.0,407.0
2025-12-22T14:00Z,18.2,61.0,316.0
2025-12-22T15:00Z,17.1,62.0,162.0
2025-12-22T16:00Z,15.4,65.0,43.0
2025-12-22T17:00Z,14.2,67.0,0.0
2025-12-22T18:00Z,13.9,69.0,0.0
2025-12-22T19:00Z,13.1,71.0,0.0
2025-12-22T20:00Z,12.4,74.0,0.0
2025-12-22T21:00Z,12.0,74.0,0.0
2025-12-22T22:00Z,11.6,74.0,0.0
2025-12-22T23:00Z,10.8,76.0,0.0
2025-12-23T00:00Z,10.9,73.0,0.0
2025-12-23T01:00Z,9.8,80.0,0.0
2025-12-23T02:00Z,9.6,83.0,0.0
2025-12-23T03:00Z,10.1,84.0,0.0
2025-12-23T04:00Z,9.7,83.0,0.0
2025-12-23T05:00Z,9.4,81.0,0.0
2025-12-23T06:00Z,9.6,79.0,0.0
2025-12-23T07:00Z,9.4,82.0,2.0
2025-12-23T08:00Z,9.9,82.0,28.0
2025-12-23T09:00Z,11.1,82.0,141.0
2025-12-23T10:00Z,11.9,73.0,261.0
2025-12-23T11:00Z,13.1,56.0,426.0
2025-12-23T12:00Z,13.4,53.0,478.0
2025-12-23T13:00Z,13.7,52.0,438.0
2025-12-23T14:00Z,13.7,52.0,312.0
2025-12-23T15:00Z,13.1,58.0,197.0
2025-12-23T16:00Z,11.2,67.0,61.0
2025-12-23T17:00Z,10.2,68.0,0.0
2025-12-23T18:00Z,9.8,74.0,0.0
2025-12-23T19:00Z,8.8,81.0,0.0
2025-12-23T20:00Z,8.4,84.0,0.0
2025-12-23T21:00Z,7.5,85.0,0.0
2025-12-23T22:00Z,6.7,86.0,0.0
2025-12-23T23:00Z,6.3,84.0,0.0
2025-12-24T00:00Z,6.6,82.0,0.0
2025-12-24T01:00Z,6.6,75.0,0.0
2025-12-24T02:00Z,6.8,71.0,0.0
2025-12-24T03:00Z,6.6,72.0,0.0
2025-12-24T04:00Z,6.4,72.0,0.0
2025-12-24T05:00Z,6.4,73.0,0.0
2025-12-24T06:00Z,6.6,75.0,0.0
2025-12-24T07:00Z,6.4,76.0,8.0
2025-12-24T08:00Z,8.0,74.0,115.0
2025-12-24T09:00Z,9.9,69.0,268.0
2025-12-24T10:00Z,11.8,63.0,393.0
2025-12-24T11:00Z,13.1,59.0,468.0
2025-12-24T12:00Z,14.1,55.0,485.0
2025-12-24T13:00Z,14.8,52.0,442.0
2025-12-24T14:00Z,14.8,52.0,328.0
2025-12-24T15:00Z,14.1,59.0,205.0
2025-12-24T16:00Z,12.0,67.0,61.0
2025-12-24T17:00Z,11.3,72.0,0.0
2025-12-24T18:00Z,10.4,76.0,0.0
2025-12-24T19:00Z,10.1,72.0,0.0
2025-12-24T20:00Z,9.6,73.0,0.0
2025-12-24T21:00Z,9.4,74.0,0.0
2025-12-24T22:00Z,9.5,74.0,0.0
2025-12-24T23:00Z,9.4,75.0,0.0
2025-12-25T00:00Z,9.6,74.0,0.0
2025-12-25T01:00Z,9.6,74.0,0.0
2025-12-25T02:00Z,9.1,75.0,0.0
2025-12-25T03:00Z,9.0,75.0,0.0
2025-12-25T04:00Z,9.1,75.0,0.0
2025-12-25T05:00Z,8.4,78.0,0.0
2025-12-25T06:00Z,8.1,81.0,0.0
2025-12-25T07:00Z,8.5,81.0,7.0
2025-12-25T08:00Z,10.7,74.0,106.0
2025-12-25T09:00Z,13.1,73.0,250.0
2025-12-25T10:00Z,15.1,65.0,373.0
2025-12-25T11:00Z,16.0,59.0,450.0
2025-12-25T12:00Z,16.6,57.0,475.0
2025-12-25T13:00Z,17.1,55.0,433.0
2025-12-25T14:00Z,17.2,56.0,315.0
2025-12-25T15:00Z,16.9,62.0,205.0
2025-12-25T16:00Z,14.7,70.0,57.0
2025-12-25T17:00Z,13.8,69.0,0.0
2025-12-25T18:00Z,13.5,73.0,0.0
2025-12-25T19:00Z,12.9,64.0,0.0
2025-12-25T20:00Z,12.6,60.0,0.0
2025-12-25T21:00Z,12.1,61.0,0.0
2025-12-25T22:00Z,11.6,62.0,0.0
2025-12-25T23:00Z,11.1,62.0,0.0
2025-12-26T00:00Z,11.0,63.0,0.0
2025-12-26T01:00Z,10.7,63.0,0.0
2025-12-26T02:00Z,9.4,68.0,0.0
2025-12-26T03:00Z,9.3,66.0,0.0
2025-12-26T04:00Z,9.6,66.0,0.0
2025-12-26T05:00Z,9.5,67.0,0.0
2025-12-26T06:00Z,9.4,76.0,0.0
2025-12-26T07:00Z,10.0,79.0,5.0
2025-12-26T08:00Z,11.9,75.0,76.0
2025-12-26T09:00Z,13.4,73.0,158.0
2025-12-26T10:00Z,15.1,71.0,275.0
2025-12-26T11:00Z,16.4,69.0,369.0
2025-12-26T12:00Z,18.0,53.0,418.0
2025-12-26T13:00Z,18.2,50.0,370.0
2025-12-26T14:00Z,17.9,54.0,313.0
2025-12-26T15:00Z,16.2,63.0,129.0
2025-12-26T16:00Z,14.6,70.0,60.0
2025-12-26T17:00Z,13.4,79.0,0.0
2025-12-26T18:00Z,12.9,83.0,0.0
2025-12-26T19:00Z,13.1,83.0,0.0
2025-12-26T20:00Z,12.1,86.0,0.0
2025-12-26T21:00Z,12.1,85.0,0.0
2025-12-26T22:00Z,11.9,87.0,0.0
2025-12-26T23:00Z,10.9,90.0,0.0
2025-12-27T00:00Z,11.9,93.0,0.0
2025-12-27T01:00Z,12.4,94.0,0.0
2025-12-27T02:00Z,12.0,95.0,0.0
2025-12-27T03:00Z,11.6,94.0,0.0
2025-12-27T04:00Z,10.9,96.0,0.0
2025-12-27T05:00Z,11.0,98.0,0.0
2025-12-27T06:00Z,11.1,95.0,0.0
2025-12-27T07:00Z,10.6,96.0,6.0
2025-12-27T08:00Z,11.7,96.0,90.0
2025-12-27T09:00Z,12.9,95.0,139.0
2025-12-27T10:00Z,13.6,88.0,192.0
2025-12-27T11:00Z,13.9,85.0,260.0
2025-12-27T12:00Z,15.1,83.0,289.0
2025-12-27T13:00Z,15.8,80.0,275.0
2025-12-27T14:00Z,15.6,79.0,310.0
2025-12-27T15:00Z,14.4,84.0,144.0
2025-12-27T16:00Z,13.6,90.0,42.0
2025-12-27T17:00Z,12.4,95.0,0.0
2025-12-27T18:00Z,12.6,98.0,0.0
2025-12-27T19:00Z,12.4,97.0,0.0
2025-12-27T20:00Z,12.2,96.0,0.0
2025-12-27T21:00Z,12.1,96.0,0.0
2025-12-27T22:00Z,12.1,95.0,0.0
2025-12-27T23:00Z,12.2,96.0,0.0
2025-12-28T00:00Z,11.9,96.0,0.0
2025-12-28T01:00Z,11.6,97.0,0.0
2025-12-28T02:00Z,11.2,97.0,0.0
2025-12-28T03:00Z,10.8,98.0,0.0
2025-12-28T04:00Z,9.9,99.0,0.0
2025-12-28T05:00Z,9.8,100.0,0.0
2025-12-28T06:00Z,10.0,100.0,0.0
2025-12-28T07:00Z,10.2,99.0,4.0
2025-12-28T08:00Z,10.7,98.0,44.0
2025-12-28T09:00Z,11.4,95.0,139.0
2025-12-28T10:00Z,11.9,93.0,184.0
2025-12-28T11:00Z,12.6,87.0,238.0
2025-12-28T12:00Z,14.9,79.0,359.0
2025-12-28T13:00Z,15.7,76.0,423.0
2025-12-28T14:00Z,15.9,74.0,349.0
2025-12-28T15:00Z,15.6,75.0,215.0
2025-12-28T16:00Z,14.0,83.0,68.0
2025-12-28T17:00Z,12.7,89.0,0.0
2025-12-28T18:00Z,12.2,93.0,0.0
2025-12-28T19:00Z,11.4,95.0,0.0
2025-12-28T20:00Z,10.8,97.0,0.0
2025-12-28T21:00Z,10.6,99.0,0.0
2025-12-28T22:00Z,9.8,100.0,0.0
2025-12-28T23:00Z,9.2,100.0,0.0
2025-12-29T00:00Z,8.6,100.0,0.0
2025-12-29T01:00Z,7.8,99.0,0.0
2025-12-29T02:00Z,7.6,99.0,0.0
2025-12-29T03:00Z,7.6,100.0,0.0
2025-12-29T04:00Z,7.3,99.0,0.0
2025-12-29T05:00Z,7.7,98.0,0.0
2025-12-29T06:00Z,7.3,97.0,0.0
2025-12-29T07:00Z,6.9,99.0,5.0
2025-12-29T08:00Z,8.1,96.0,87.0
2025-12-29T09:00Z,10.1,95.0,184.0
2025-12-29T10:00Z,13.0,85.0,306.0
2025-12-29T11:00Z,15.3,74.0,415.0
2025-12-29T12:00Z,16.2,63.0,418.0
2025-12-29T13:00Z,16.8,54.0,426.0
2025-12-29T14:00Z,16.6,53.0,316.0
2025-12-29T15:00Z,15.9,60.0,191.0
2025-12-29T16:00Z,13.9,69.0,53.0
2025-12-29T17:00Z,12.9,72.0,0.0
2025-12-29T18:00Z,12.4,75.0,0.0
2025-12-29T19:00Z,11.4,80.0,0.0
2025-12-29T20:00Z,10.6,83.0,0.0
2025-12-29T21:00Z,10.1,84.0,0.0
2025-12-29T22:00Z,9.8,87.0,0.0
2025-12-29T23:00Z,8.9,91.0,0.0
2025-12-30T00:00Z,8.7,92.0,0.0
2025-12-30T01:00Z,8.1,94.0,0.0
2025-12-30T02:00Z,7.8,94.0,0.0
2025-12-30T03:00Z,7.7,93.0,0.0
2025-12-30T04:00Z,7.7,93.0,0.0
2025-12-30T05:00Z,7.4,93.0,0.0
2025-12-30T06:00Z,7.6,92.0,0.0
2025-12-30T07:00Z,7.9,91.0,6.0
2025-12-30T08:00Z,9.8,87.0,104.0
2025-12-30T09:00Z,12.6,79.0,238.0
2025-12-30T10:00Z,13.8,76.0,372.0
2025-12-30T11:00Z,14.8,71.0,458.0
2025-12-30T12:00Z,15.3,65.0,468.0
2025-12-30T13:00Z,15.3,63.0,439.0
2025-12-30T14:00Z,15.0,63.0,322.0
2025-12-30T15:00Z,14.4,67.0,211.0
2025-12-30T16:00Z,13.1,73.0,68.0
2025-12-30T17:00Z,12.1,77.0,1.0
2025-12-30T18:00Z,11.9,81.0,0.0
2025-12-30T19:00Z,11.1,85.0,0.0
2025-12-30T20:00Z,10.6,88.0,0.0
2025-12-30T21:00Z,10.3,89.0,0.0
2025-12-30T22:00Z,10.1,88.0,0.0
2025-12-30T23:00Z,9.8,89.0,0.0
2025-12-31T00:00Z,9.8,89.0,0.0
2025-12-31T01:00Z,9.6,89.0,0.0
2025-12-31T02:00Z,9.6,90.0,0.0
2025-12-31T03:00Z,9.3,92.0,0.0
2025-12-31T04:00Z,9.1,91.0,0.0
2025-12-31T05:00Z,8.8,92.0,0.0
2025-12-31T06:00Z,9.0,94.0,0.0
2025-12-31T07:00Z,9.1,94.0,6.0
2025-12-31T08:00Z,10.5,90.0,92.0
2025-12-31T09:00Z,12.1,86.0,245.0
2025-12-31T10:00Z,13.6,77.0,366.0
2025-12-31T11:00Z,14.4,71.0,400.0
2025-12-31T12:00Z,15.5,70.0,431.0
2025-12-31T13:00Z,15.9,66.0,390.0
2025-12-31T14:00Z,13.0,81.0,265.0
2025-12-31T15:00Z,12.2,84.0,118.0
2025-12-31T16:00Z,11.5,91.0,43.0
2025-12-31T17:00Z,10.6,94.0,0.0
2025-12-31T18:00Z,10.6,91.0,0.0
2025-12-31T19:00Z,9.9,95.0,0.0
2025-12-31T20:00Z,9.8,97.0,0.0
2025-12-31T21:00Z,9.3,96.0,0.0
2025-12-31T22:00Z,9.2,96.0,0.0
2025-12-31T23:00Z,8.9,96.0,0.0
2026-01-01T00:00Z,8.9,94.0,0.0
2026-01-01T01:00Z,8.7,94.0,0.0
2026-01-01T02:00Z,7.8,95.0,0.0
2026-01-01T03:00Z,7.7,96.0,0.0
2026-01-01T04:00Z,7.2,97.0,0.0
2026-01-01T05:00Z,7.4,97.0,0.0
2026-01-01T06:00Z,7.9,97.0,0.0
2026-01-01T07:00Z,7.8,97.0,6.0
2026-01-01T08:00Z,9.6,94.0,105.0
2026-01-01T09:00Z,11.4,89.0,245.0
2026-01-01T10:00Z,12.9,84.0,357.0
2026-01-01T11:00Z,14.2,72.0,444.0
2026-01-01T12:00Z,15.1,69.0,480.0
2026-01-01T13:00Z,15.6,67.0,415.0
2026-01-01T14:00Z,15.4,67.0,320.0
2026-01-01T15:00Z,15.1,66.0,209.0
2026-01-01T16:00Z,13.9,72.0,69.0
2026-01-01T17:00Z,12.7,75.0,1.0
2026-01-01T18:00Z,11.9,79.0,0.0
2026-01-01T19:00Z,10.8,87.0,0.0
2026-01-01T20:00Z,10.4,86.0,0.0
2026-01-01T21:00Z,9.9,85.0,0.0
2026-01-01T22:00Z,10.4,83.0,0.0
2026-01-01T23:00Z,10.6,79.0,0.0
2026-01-02T00:00Z,9.9,79.0,0.0
2026-01-02T01:00Z,9.1,79.0,0.0
2026-01-02T02:00Z,8.4,81.0,0.0
2026-01-02T03:00Z,8.0,79.0,0.0
2026-01-02T04:00Z,7.9,73.0,0.0
2026-01-02T05:00Z,7.8,68.0,0.0
2026-01-02T06:00Z,7.9,68.0,0.0
2026-01-02T07:00Z,7.3,71.0,7.0
2026-01-02T08:00Z,8.9,69.0,110.0
2026-01-02T09:00Z,11.1,68.0,262.0
2026-01-02T10:00Z,13.3,63.0,391.0
2026-01-02T11:00Z,14.9,59.0,471.0
2026-01-02T12:00Z,16.1,57.0,492.0
2026-01-02T13:00Z,17.1,57.0,449.0
2026-01-02T14:00Z,17.5,57.0,358.0
2026-01-02T15:00Z,17.1,64.0,221.0
2026-01-02T16:00Z,14.9,72.0,75.0
2026-01-02T17:00Z,13.8,74.0,1.0
2026-01-02T18:00Z,12.9,78.0,0.0
2026-01-02T19:00Z,11.7,82.0,0.0
2026-01-02T20:00Z,10.9,83.0,0.0
2026-01-02T21:00Z,10.8,81.0,0.0
2026-01-02T22:00Z,10.4,82.0,0.0
2026-01-02T23:00Z,10.3,81.0,0.0
2026-01-03T00:00Z,11.4,75.0,0.0
2026-01-03T01:00Z,11.5,72.0,0.0
2026-01-03T02:00Z,11.2,70.0,0.0
2026-01-03T03:00Z,10.9,71.0,0.0
2026-01-03T04:00Z,10.6,71.0,0.0
2026-01-03T05:00Z,10.4,71.0,0.0
2026-01-03T06:00Z,10.4,70.0,0.0
2026-01-03T07:00Z,10.2,71.0,6.0
2026-01-03T08:00Z,11.7,67.0,106.0
2026-01-03T09:00Z,13.8,67.0,256.0
2026-01-03T10:00Z,15.9,62.0,382.0
2026-01-03T11:00Z,17.5,58.0,455.0
2026-01-03T12:00Z,18.3,56.0,484.0
2026-01-03T13:00Z,19.1,54.0,456.0
2026-01-03T14:00Z,19.3,56.0,367.0
2026-01-03T15:00Z,18.6,66.0,230.0
2026-01-03T16:00Z,16.8,68.0,79.0
2026-01-03T17:00Z,14.6,74.0,1.0
2026-01-03T18:00Z,13.6,77.0,0.0
2026-01-03T19:00Z,12.6,75.0,0.0
2026-01-03T20:00Z,11.5,78.0,0.0
2026-01-03T21:00Z,11.9,76.0,0.0
2026-01-03T22:00Z,12.8,69.0,0.0
2026-01-03T23:00Z,13.1,65.0,0.0
2026-01-04T00:00Z,13.6,64.0,0.0
2026-01-04T01:00Z,12.7,65.0,0.0
2026-01-04T02:00Z,12.2,64.0,0.0
2026-01-04T03:00Z,11.8,65.0,0.0
2026-01-04T04:00Z,11.4,66.0,0.0
2026-01-04T05:00Z,11.6,66.0,0.0
2026-01-04T06:00Z,10.8,71.0,0.0
2026-01-04T07:00Z,11.1,69.0,6.0
2026-01-04T08:00Z,12.9,64.0,70.0
2026-01-04T09:00Z,15.1,61.0,230.0
2026-01-04T10:00Z,15.3,61.0,137.0
2026-01-04T11:00Z,15.9,57.0,161.0
2026-01-04T12:00Z,17.5,58.0,136.0
2026-01-04T13:00Z,17.6,57.0,130.0
2026-01-04T14:00Z,17.5,60.0,91.0
2026-01-04T15:00Z,17.0,64.0,81.0
2026-01-04T16:00Z,16.4,55.0,21.0
2026-01-04T17:00Z,15.9,50.0,0.0
2026-01-04T18:00Z,16.5,50.0,0.0
2026-01-04T19:00Z,15.6,55.0,0.0
2026-01-04T20:00Z,15.9,53.0,0.0
2026-01-04T21:00Z,15.8,53.0,0.0
2026-01-04T22:00Z,14.8,58.0,0.0
2026-01-04T23:00Z,14.2,59.0,0.0
2026-01-05T00:00Z,13.2,72.0,0.0
2026-01-05T01:00Z,12.3,70.0,0.0
2026-01-05T02:00Z,11.4,76.0,0.0
2026-01-05T03:00Z,10.4,77.0,0.0
2026-01-05T04:00Z,10.7,73.0,0.0
2026-01-05T05:00Z,10.1,74.0,0.0
2026-01-05T06:00Z,10.4,74.0,0.0
2026-01-05T07:00Z,10.6,73.0,6.0
2026-01-05T08:00Z,12.1,69.0,107.0
2026-01-05T09:00Z,14.1,67.0,259.0
2026-01-05T10:00Z,16.0,63.0,387.0
2026-01-05T11:00Z,17.4,59.0,468.0
2026-01-05T12:00Z,18.3,57.0,489.0
2026-01-05T13:00Z,18.8,54.0,447.0
2026-01-05T14:00Z,18.9,53.0,363.0
2026-01-05T15:00Z,18.5,61.0,231.0
2026-01-05T16:00Z,16.8,66.0,79.0
2026-01-05T17:00Z,15.1,71.0,2.0
2026-01-05T18:00Z,14.7,77.0,0.0
2026-01-05T19:00Z,13.9,78.0,0.0
2026-01-05T20:00Z,13.4,80.0,0.0
2026-01-05T21:00Z,12.4,86.0,0.0
2026-01-05T22:00Z,11.6,92.0,0.0
2026-01-05T23:00Z,10.7,95.0,0.0
2026-01-06T00:00Z,10.9,87.0,0.0
2026-01-06T01:00Z,12.5,77.0,0.0
2026-01-06T02:00Z,12.8,74.0,0.0
2026-01-06T03:00Z,12.6,74.0,0.0
2026-01-06T04:00Z,12.4,76.0,0.0
2026-01-06T05:00Z,12.1,77.0,0.0
2026-01-06T06:00Z,12.2,77.0,0.0
2026-01-06T07:00Z,12.6,73.0,6.0
2026-01-06T08:00Z,13.9,69.0,106.0
2026-01-06T09:00Z,14.6,71.0,251.0
2026-01-06T10:00Z,15.2,75.0,323.0
2026-01-06T11:00Z,15.8,70.0,450.0
2026-01-06T12:00Z,16.1,68.0,451.0
2026-01-06T13:00Z,16.0,66.0,395.0
2026-01-06T14:00Z,15.7,66.0,287.0
2026-01-06T15:00Z,15.0,71.0,131.0
2026-01-06T16:00Z,13.8,77.0,71.0
2026-01-06T17:00Z,12.7,80.0,2.0
2026-01-06T18:00Z,12.1,82.0,0.0
2026-01-06T19:00Z,11.7,86.0,0.0
2026-01-06T20:00Z,11.2,92.0,0.0
2026-01-06T21:00Z,11.1,93.0,0.0
2026-01-06T22:00Z,10.9,91.0,0.0
2026-01-06T23:00Z,10.9,90.0,0.0
2026-01-07T00:00Z,10.6,93.0,0.0
2026-01-07T01:00Z,10.6,92.0,0.0
2026-01-07T02:00Z,10.4,90.0,0.0
2026-01-07T03:00Z,10.1,89.0,0.0
2026-01-07T04:00Z,9.6,90.0,0.0
2026-01-07T05:00Z,9.4,93.0,0.0
2026-01-07T06:00Z,9.4,91.0,0.0
2026-01-07T07:00Z,9.2,87.0,2.0
2026-01-07T08:00Z,9.0,79.0,19.0
2026-01-07T09:00Z,9.4,77.0,68.0
2026-01-07T10:00Z,10.4,72.0,144.0
2026-01-07T11:00Z,10.9,60.0,165.0
2026-01-07T12:00Z,11.1,54.0,256.0
2026-01-07T13:00Z,11.1,51.0,297.0
2026-01-07T14:00Z,11.5,45.0,317.0
2026-01-07T15:00Z,11.1,47.0,235.0
2026-01-07T16:00Z,10.1,52.0,86.0
2026-01-07T17:00Z,9.5,54.0,2.0
2026-01-07T18:00Z,9.4,56.0,0.0
2026-01-07T19:00Z,8.9,56.0,0.0
2026-01-07T20:00Z,8.8,56.0,0.0
2026-01-07T21:00Z,8.6,55.0,0.0
2026-01-07T22:00Z,8.1,61.0,0.0
2026-01-07T23:00Z,7.4,75.0,0.0
2026-01-08T00:00Z,7.5,79.0,0.0
2026-01-08T01:00Z,7.4,81.0,0.0
2026-01-08T02:00Z,7.5,80.0,0.0
2026-01-08T03:00Z,7.4,80.0,0.0
2026-01-08T04:00Z,7.7,76.0,0.0
2026-01-08T05:00Z,7.8,76.0,0.0
2026-01-08T06:00Z,8.4,75.0,0.0
2026-01-08T07:00Z,8.4,75.0,6.0
2026-01-08T08:00Z,9.6,72.0,91.0
2026-01-08T09:00Z,11.1,69.0,227.0
2026-01-08T10:00Z,12.4,65.0,304.0
2026-01-08T11:00Z,13.9,61.0,438.0
2026-01-08T12:00Z,14.6,57.0,441.0
2026-01-08T13:00Z,14.6,61.0,405.0
2026-01-08T14:00Z,14.4,64.0,178.0
2026-01-08T15:00Z,14.2,67.0,191.0
2026-01-08T16:00Z,13.4,70.0,70.0
2026-01-08T17:00Z,12.9,72.0,2.0
2026-01-08T18:00Z,12.7,74.0,0.0
2026-01-08T19:00Z,12.1,77.0,0.0
2026-01-08T20:00Z,11.3,79.0,0.0
2026-01-08T21:00Z,10.5,79.0,0.0
2026-01-08T22:00Z,9.9,78.0,0.0
2026-01-08T23:00Z,9.7,78.0,0.0
2026-01-09T00:00Z,9.6,76.0,0.0
2026-01-09T01:00Z,9.3,76.0,0.0
2026-01-09T02:00Z,8.8,76.0,0.0
2026-01-09T03:00Z,8.2,76.0,0.0
2026-01-09T04:00Z,7.8,76.0,0.0
2026-01-09T05:00Z,7.6,75.0,0.0
2026-01-09T06:00Z,7.8,75.0,0.0
2026-01-09T07:00Z,7.9,73.0,7.0
2026-01-09T08:00Z,9.5,69.0,112.0
2026-01-09T09:00Z,11.6,68.0,270.0
2026-01-09T10:00Z,13.7,62.0,404.0
2026-01-09T11:00Z,15.4,58.0,489.0
2026-01-09T12:00Z,16.6,54.0,515.0
2026-01-09T13:00Z,17.4,55.0,480.0
2026-01-09T14:00Z,17.4,50.0,389.0
2026-01-09T15:00Z,16.3,53.0,249.0
2026-01-09T16:00Z,14.6,61.0,94.0
2026-01-09T17:00Z,13.1,69.0,3.0
2026-01-09T18:00Z,13.3,73.0,0.0
2026-01-09T19:00Z,13.4,73.0,0.0
2026-01-09T20:00Z,13.2,73.0,0.0
2026-01-09T21:00Z,12.7,77.0,0.0
2026-01-09T22:00Z,11.2,83.0,0.0
2026-01-09T23:00Z,10.9,83.0,0.0
2026-01-10T00:00Z,12.9,69.0,0.0
2026-01-10T01:00Z,12.7,70.0,0.0
2026-01-10T02:00Z,12.5,72.0,0.0
2026-01-10T03:00Z,12.4,76.0,0.0
2026-01-10T04:00Z,12.1,79.0,0.0
2026-01-10T05:00Z,11.6,82.0,0.0
2026-01-10T06:00Z,11.9,82.0,0.0
2026-01-10T07:00Z,11.6,80.0,2.0
2026-01-10T08:00Z,11.4,79.0,23.0
2026-01-10T09:00Z,11.6,79.0,175.0
2026-01-10T10:00Z,12.3,71.0,287.0
2026-01-10T11:00Z,12.9,66.0,317.0
2026-01-10T12:00Z,13.2,68.0,392.0
2026-01-10T13:00Z,14.5,52.0,406.0
2026-01-10T14:00Z,14.1,47.0,334.0
2026-01-10T15:00Z,13.6,48.0,241.0
2026-01-10T16:00Z,12.7,49.0,83.0
2026-01-10T17:00Z,12.1,47.0,3.0
2026-01-10T18:00Z,11.7,51.0,0.0
2026-01-10T19:00Z,11.4,52.0,0.0
2026-01-10T20:00Z,11.2,52.0,0.0
2026-01-10T21:00Z,11.1,54.0,0.0
2026-01-10T22:00Z,10.9,52.0,0.0
2026-01-10T23:00Z,10.9,54.0,0.0
2026-01-11T00:00Z,8.8,74.0,0.0
2026-01-11T01:00Z,8.9,80.0,0.0
2026-01-11T02:00Z,9.0,81.0,0.0
2026-01-11T03:00Z,9.2,79.0,0.0
2026-01-11T04:00Z,9.6,71.0,0.0
2026-01-11T05:00Z,10.1,56.0,0.0
2026-01-11T06:00Z,10.8,57.0,0.0
2026-01-11T07:00Z,10.8,47.0,7.0
2026-01-11T08:00Z,11.2,48.0,94.0
2026-01-11T09:00Z,12.3,49.0,240.0
2026-01-11T10:00Z,13.4,49.0,393.0
2026-01-11T11:00Z,14.1,41.0,496.0
2026-01-11T12:00Z,14.1,43.0,513.0
2026-01-11T13:00Z,13.8,49.0,487.0
2026-01-11T14:00Z,13.4,51.0,390.0
2026-01-11T15:00Z,12.9,50.0,249.0
2026-01-11T16:00Z,11.8,55.0,96.0
2026-01-11T17:00Z,10.8,60.0,4.0
2026-01-11T18:00Z,10.8,61.0,0.0
2026-01-11T19:00Z,11.2,61.0,0.0
2026-01-11T20:00Z,11.1,61.0,0.0
2026-01-11T21:00Z,10.7,62.0,0.0
2026-01-11T22:00Z,11.1,60.0,0.0
2026-01-11T23:00Z,11.1,62.0,0.0
2026-01-12T00:00Z,11.0,63.0,0.0
2026-01-12T01:00Z,10.5,68.0,0.0
2026-01-12T02:00Z,9.9,71.0,0.0
2026-01-12T03:00Z,9.9,72.0,0.0
2026-01-12T04:00Z,8.8,76.0,0.0
2026-01-12T05:00Z,8.1,78.0,0.0
2026-01-12T06:00Z,8.4,79.0,0.0
2026-01-12T07:00Z,7.6,81.0,6.0
2026-01-12T08:00Z,9.1,77.0,91.0
2026-01-12T09:00Z,11.2,74.0,257.0
2026-01-12T10:00Z,12.9,67.0,405.0
2026-01-12T11:00Z,13.8,61.0,487.0
2026-01-12T12:00Z,14.8,50.0,404.0
2026-01-12T13:00Z,15.0,49.0,452.0
2026-01-12T14:00Z,14.9,51.0,384.0
2026-01-12T15:00Z,14.4,54.0,259.0
2026-01-12T16:00Z,12.8,70.0,101.0
2026-01-12T17:00Z,11.4,70.0,4.0
2026-01-12T18:00Z,10.4,77.0,0.0
2026-01-12T19:00Z,9.7,77.0,0.0
2026-01-12T20:00Z,8.8,80.0,0.0
2026-01-12T21:00Z,8.4,79.0,0.0
2026-01-12T22:00Z,8.6,76.0,0.0
2026-01-12T23:00Z,8.6,74.0,0.0
2026-01-13T00:00Z,7.9,77.0,0.0
2026-01-13T01:00Z,7.1,76.0,0.0
2026-01-13T02:00Z,6.5,78.0,0.0
2026-01-13T03:00Z,6.3,80.0,0.0
2026-01-13T04:00Z,6.2,81.0,0.0
2026-01-13T05:00Z,6.0,80.0,0.0
2026-01-13T06:00Z,5.6,81.0,0.0
2026-01-13T07:00Z,5.6,80.0,7.0
2026-01-13T08:00Z,7.4,76.0,118.0
2026-01-13T09:00Z,9.2,72.0,281.0
2026-01-13T10:00Z,11.4,70.0,419.0
2026-01-13T11:00Z,13.1,66.0,507.0
2026-01-13T12:00Z,14.8,59.0,536.0
2026-01-13T13:00Z,15.5,55.0,501.0
2026-01-13T14:00Z,15.6,54.0,410.0
2026-01-13T15:00Z,15.4,59.0,270.0
2026-01-13T16:00Z,13.9,64.0,107.0
2026-01-13T17:00Z,12.4,65.0,5.0
2026-01-13T18:00Z,11.9,64.0,0.0
2026-01-13T19:00Z,11.2,63.0,0.0
2026-01-13T20:00Z,10.4,64.0,0.0
2026-01-13T21:00Z,9.6,66.0,0.0
2026-01-13T22:00Z,8.8,70.0,0.0
2026-01-13T23:00Z,8.4,71.0,0.0
2026-01-14T00:00Z,7.8,73.0,0.0
2026-01-14T01:00Z,7.3,73.0,0.0
2026-01-14T02:00Z,6.9,74.0,0.0
2026-01-14T03:00Z,6.5,74.0,0.0
2026-01-14T04:00Z,6.1,74.0,0.0
2026-01-14T05:00Z,5.7,75.0,0.0
2026-01-14T06:00Z,5.3,77.0,0.0
2026-01-14T07:00Z,4.8,78.0,8.0
2026-01-14T08:00Z,6.8,71.0,121.0
2026-01-14T09:00Z,9.6,68.0,285.0
2026-01-14T10:00Z,13.1,59.0,423.0
2026-01-14T11:00Z,15.4,54.0,511.0
2026-01-14T12:00Z,16.6,51.0,538.0
2026-01-14T13:00Z,17.5,51.0,505.0
2026-01-14T14:00Z,17.9,53.0,411.0
2026-01-14T15:00Z,17.2,57.0,272.0
2026-01-14T16:00Z,15.1,67.0,109.0
2026-01-14T17:00Z,13.0,75.0,5.0
2026-01-14T18:00Z,12.1,82.0,0.0
2026-01-14T19:00Z,11.5,83.0,0.0
2026-01-14T20:00Z,11.9,78.0,0.0
2026-01-14T21:00Z,10.9,78.0,0.0
2026-01-14T22:00Z,10.1,79.0,0.0
2026-01-14T23:00Z,9.9,80.0,0.0
2026-01-15T00:00Z,9.4,83.0,0.0
2026-01-15T01:00Z,8.5,87.0,0.0
2026-01-15T02:00Z,8.1,90.0,0.0
2026-01-15T03:00Z,7.8,92.0,0.0
2026-01-15T04:00Z,7.2,94.0,0.0
2026-01-15T05:00Z,6.6,97.0,0.0
2026-01-15T06:00Z,5.7,100.0,0.0
2026-01-15T07:00Z,4.7,100.0,7.0
2026-01-15T08:00Z,6.8,93.0,118.0
2026-01-15T09:00Z,9.2,86.0,275.0
2026-01-15T10:00Z,11.8,78.0,384.0
2026-01-15T11:00Z,14.0,70.0,464.0
2026-01-15T12:00Z,15.9,68.0,484.0
2026-01-15T13:00Z,17.1,67.0,465.0
2026-01-15T14:00Z,17.7,67.0,389.0
2026-01-15T15:00Z,17.5,70.0,263.0
2026-01-15T16:00Z,15.8,79.0,108.0
2026-01-15T17:00Z,14.2,87.0,6.0
2026-01-15T18:00Z,14.1,93.0,0.0
2026-01-15T19:00Z,13.8,97.0,0.0
2026-01-15T20:00Z,12.9,98.0,0.0
2026-01-15T21:00Z,11.8,100.0,0.0
2026-01-15T22:00Z,11.4,100.0,0.0
2026-01-15T23:00Z,11.1,100.0,0.0
2026-01-16T00:00Z,10.6,100.0,0.0
2026-01-16T01:00Z,10.8,100.0,0.0
2026-01-16T02:00Z,10.6,100.0,0.0
2026-01-16T03:00Z,10.8,98.0,0.0
2026-01-16T04:00Z,10.6,99.0,0.0
2026-01-16T05:00Z,10.8,99.0,0.0
2026-01-16T06:00Z,11.8,95.0,0.0
2026-01-16T07:00Z,12.5,95.0,5.0
2026-01-16T08:00Z,13.7,95.0,69.0
2026-01-16T09:00Z,14.6,96.0,114.0
2026-01-16T10:00Z,15.9,92.0,230.0
2026-01-16T11:00Z,16.3,89.0,262.0
2026-01-16T12:00Z,15.9,86.0,284.0
2026-01-16T13:00Z,14.6,90.0,92.0
2026-01-16T14:00Z,14.6,88.0,119.0
2026-01-16T15:00Z,13.9,91.0,78.0
2026-01-16T16:00Z,12.7,96.0,32.0
2026-01-16T17:00Z,12.6,96.0,2.0
2026-01-16T18:00Z,12.5,94.0,0.0
2026-01-16T19:00Z,12.5,95.0,0.0
2026-01-16T20:00Z,12.1,97.0,0.0
2026-01-16T21:00Z,11.9,97.0,0.0
2026-01-16T22:00Z,11.6,97.0,0.0
2026-01-16T23:00Z,11.6,97.0,0.0
2026-01-17T00:00Z,11.6,94.0,0.0
2026-01-17T01:00Z,11.3,93.0,0.0
2026-01-17T02:00Z,11.0,93.0,0.0
2026-01-17T03:00Z,10.8,93.0,0.0
2026-01-17T04:00Z,10.7,92.0,0.0
2026-01-17T05:00Z,10.9,90.0,0.0
2026-01-17T06:00Z,10.8,90.0,0.0
2026-01-17T07:00Z,10.3,92.0,6.0
2026-01-17T08:00Z,11.6,91.0,81.0
2026-01-17T09:00Z,13.2,85.0,187.0
2026-01-17T10:00Z,14.3,78.0,258.0
2026-01-17T11:00Z,14.9,73.0,277.0
2026-01-17T12:00Z,15.9,68.0,213.0
2026-01-17T13:00Z,16.5,65.0,431.0
2026-01-17T14:00Z,16.8,63.0,356.0
2026-01-17T15:00Z,16.6,64.0,200.0
2026-01-17T16:00Z,15.4,71.0,99.0
2026-01-17T17:00Z,13.9,77.0,6.0
2026-01-17T18:00Z,13.3,82.0,0.0
2026-01-17T19:00Z,12.6,86.0,0.0
2026-01-17T20:00Z,12.5,89.0,0.0
2026-01-17T21:00Z,12.7,89.0,0.0
2026-01-17T22:00Z,12.8,88.0,0.0
2026-01-17T23:00Z,12.4,88.0,0.0
2026-01-18T00:00Z,11.8,89.0,0.0
2026-01-18T01:00Z,11.6,87.0,0.0
2026-01-18T02:00Z,11.3,87.0,0.0
2026-01-18T03:00Z,10.9,88.0,0.0
2026-01-18T04:00Z,10.6,87.0,0.0
2026-01-18T05:00Z,10.1,87.0,0.0
2026-01-18T06:00Z,10.4,85.0,0.0
2026-01-18T07:00Z,10.6,84.0,7.0
2026-01-18T08:00Z,11.6,82.0,80.0
2026-01-18T09:00Z,13.2,79.0,220.0
2026-01-18T10:00Z,14.2,79.0,294.0
2026-01-18T11:00Z,15.1,75.0,355.0
2026-01-18T12:00Z,16.0,64.0,388.0
2026-01-18T13:00Z,15.9,61.0,307.0
2026-01-18T14:00Z,15.9,60.0,274.0
2026-01-18T15:00Z,15.6,63.0,210.0
2026-01-18T16:00Z,14.5,69.0,76.0
2026-01-18T17:00Z,13.8,76.0,5.0
2026-01-18T18:00Z,13.4,85.0,0.0
2026-01-18T19:00Z,12.9,87.0,0.0
2026-01-18T20:00Z,13.1,86.0,0.0
2026-01-18T21:00Z,12.7,88.0,0.0
2026-01-18T22:00Z,12.2,92.0,0.0
2026-01-18T23:00Z,12.4,91.0,0.0
2026-01-19T00:00Z,11.9,95.0,0.0
2026-01-19T01:00Z,12.4,92.0,0.0
2026-01-19T02:00Z,11.4,92.0,0.0
2026-01-19T03:00Z,11.1,94.0,0.0
2026-01-19T04:00Z,11.2,94.0,0.0
2026-01-19T05:00Z,11.2,94.0,0.0
2026-01-19T06:00Z,11.4,95.0,0.0
2026-01-19T07:00Z,11.4,95.0,4.0
2026-01-19T08:00Z,12.2,94.0,67.0
2026-01-19T09:00Z,13.8,88.0,199.0
2026-01-19T10:00Z,14.6,86.0,346.0
2026-01-19T11:00Z,15.2,81.0,296.0
2026-01-19T12:00Z,14.8,80.0,352.0
2026-01-19T13:00Z,15.3,76.0,339.0
2026-01-19T14:00Z,15.1,74.0,257.0
2026-01-19T15:00Z,14.7,76.0,222.0
2026-01-19T16:00Z,13.0,91.0,58.0
2026-01-19T17:00Z,12.9,94.0,2.0
2026-01-19T18:00Z,12.8,95.0,0.0
2026-01-19T19:00Z,13.0,94.0,0.0
2026-01-19T20:00Z,12.9,95.0,0.0
2026-01-19T21:00Z,12.7,98.0,0.0
2026-01-19T22:00Z,12.6,96.0,0.0
2026-01-19T23:00Z,12.4,95.0,0.0
2026-01-20T00:00Z,10.4,97.0,0.0
2026-01-20T01:00Z,10.5,97.0,0.0
2026-01-20T02:00Z,10.4,97.0,0.0
2026-01-20T03:00Z,10.5,97.0,0.0
2026-01-20T04:00Z,10.2,98.0,0.0
2026-01-20T05:00Z,10.6,95.0,0.0
2026-01-20T06:00Z,10.9,89.0,0.0
2026-01-20T07:00Z,10.1,90.0,1.0
2026-01-20T08:00Z,9.6,90.0,7.0
2026-01-20T09:00Z,9.2,92.0,18.0
2026-01-20T10:00Z,9.5,91.0,52.0
2026-01-20T11:00Z,9.6,91.0,32.0
2026-01-20T12:00Z,9.9,85.0,47.0
2026-01-20T13:00Z,11.2,77.0,370.0
2026-01-20T14:00Z,11.3,74.0,262.0
2026-01-20T15:00Z,11.2,75.0,187.0
2026-01-20T16:00Z,10.1,87.0,24.0
2026-01-20T17:00Z,8.9,94.0,6.0
2026-01-20T18:00Z,10.0,91.0,0.0
2026-01-20T19:00Z,9.9,90.0,0.0
2026-01-20T20:00Z,9.9,93.0,0.0
2026-01-20T21:00Z,9.3,95.0,0.0
2026-01-20T22:00Z,8.4,97.0,0.0
2026-01-20T23:00Z,8.9,96.0,0.0
2026-01-21T00:00Z,8.9,95.0,0.0
2026-01-21T01:00Z,9.2,97.0,0.0
2026-01-21T02:00Z,9.2,97.0,0.0
2026-01-21T03:00Z,9.4,97.0,0.0
2026-01-21T04:00Z,9.8,96.0,0.0
2026-01-21T05:00Z,10.2,95.0,0.0
2026-01-21T06:00Z,11.6,92.0,0.0
2026-01-21T07:00Z,11.5,92.0,2.0
2026-01-21T08:00Z,12.1,92.0,35.0
2026-01-21T09:00Z,12.4,89.0,110.0
2026-01-21T10:00Z,13.1,87.0,131.0
2026-01-21T11:00Z,13.4,87.0,254.0
2026-01-21T12:00Z,13.0,83.0,199.0
2026-01-21T13:00Z,12.4,87.0,101.0
2026-01-21T14:00Z,12.2,89.0,88.0
2026-01-21T15:00Z,11.8,86.0,50.0
2026-01-21T16:00Z,11.5,85.0,27.0
2026-01-21T17:00Z,11.1,87.0,2.0
2026-01-21T18:00Z,11.4,89.0,0.0
2026-01-21T19:00Z,11.4,89.0,0.0
2026-01-21T20:00Z,11.4,89.0,0.0
2026-01-21T21:00Z,11.1,90.0,0.0
2026-01-21T22:00Z,11.0,90.0,0.0
2026-01-21T23:00Z,10.6,92.0,0.0
2026-01-22T00:00Z,10.4,93.0,0.0
2026-01-22T01:00Z,10.0,93.0,0.0
2026-01-22T02:00Z,9.6,93.0,0.0
2026-01-22T03:00Z,9.4,93.0,0.0
2026-01-22T04:00Z,9.1,95.0,0.0
2026-01-22T05:00Z,8.9,95.0,0.0
2026-01-22T06:00Z,9.1,96.0,0.0
2026-01-22T07:00Z,9.1,95.0,9.0
2026-01-22T08:00Z,10.6,91.0,108.0
2026-01-22T09:00Z,12.5,86.0,279.0
2026-01-22T10:00Z,13.9,78.0,419.0
2026-01-22T11:00Z,15.4,68.0,508.0
2026-01-22T12:00Z,16.4,63.0,517.0
2026-01-22T13:00Z,17.2,59.0,502.0
2026-01-22T14:00Z,15.9,66.0,283.0
2026-01-22T15:00Z,15.3,69.0,182.0
2026-01-22T16:00Z,13.9,76.0,32.0
2026-01-22T17:00Z,13.0,77.0,2.0
2026-01-22T18:00Z,12.1,83.0,0.0
2026-01-22T19:00Z,12.2,84.0,0.0
2026-01-22T20:00Z,11.9,84.0,0.0
2026-01-22T21:00Z,11.3,83.0,0.0
2026-01-22T22:00Z,10.7,82.0,0.0
2026-01-22T23:00Z,10.1,82.0,0.0
2026-01-23T00:00Z,10.4,79.0,0.0
2026-01-23T01:00Z,10.1,78.0,0.0
2026-01-23T02:00Z,10.4,76.0,0.0
2026-01-23T03:00Z,10.5,77.0,0.0
2026-01-23T04:00Z,10.8,79.0,0.0
2026-01-23T05:00Z,10.9,79.0,0.0
2026-01-23T06:00Z,11.0,81.0,0.0
2026-01-23T07:00Z,10.8,83.0,9.0
2026-01-23T08:00Z,11.8,80.0,121.0
2026-01-23T09:00Z,12.9,77.0,257.0
2026-01-23T10:00Z,14.4,71.0,417.0
2026-01-23T11:00Z,15.5,63.0,457.0
2026-01-23T12:00Z,16.2,57.0,487.0
2026-01-23T13:00Z,16.5,53.0,469.0
2026-01-23T14:00Z,16.6,50.0,420.0
2026-01-23T15:00Z,16.2,54.0,275.0
2026-01-23T16:00Z,14.6,65.0,120.0
2026-01-23T17:00Z,13.2,68.0,11.0
2026-01-23T18:00Z,12.3,72.0,0.0
2026-01-23T19:00Z,11.2,77.0,0.0
2026-01-23T20:00Z,11.4,78.0,0.0
2026-01-23T21:00Z,11.2,81.0,0.0
2026-01-23T22:00Z,11.9,77.0,0.0
2026-01-23T23:00Z,12.0,75.0,0.0
2026-01-24T00:00Z,11.8,71.0,0.0
2026-01-24T01:00Z,11.5,73.0,0.0
2026-01-24T02:00Z,11.1,78.0,0.0
2026-01-24T03:00Z,10.6,81.0,0.0
2026-01-24T04:00Z,9.7,84.0,0.0
2026-01-24T05:00Z,9.6,84.0,0.0
2026-01-24T06:00Z,10.7,80.0,0.0
2026-01-24T07:00Z,10.9,78.0,4.0
2026-01-24T08:00Z,11.5,76.0,26.0
2026-01-24T09:00Z,12.1,76.0,57.0
2026-01-24T10:00Z,13.8,73.0,161.0
2026-01-24T11:00Z,14.4,78.0,244.0
2026-01-24T12:00Z,16.9,62.0,398.0
2026-01-24T13:00Z,17.0,59.0,335.0
2026-01-24T14:00Z,17.5,59.0,324.0
2026-01-24T15:00Z,15.8,72.0,43.0
2026-01-24T16:00Z,14.4,79.0,29.0
2026-01-24T17:00Z,12.1,88.0,4.0
2026-01-24T18:00Z,11.5,91.0,0.0
2026-01-24T19:00Z,10.4,85.0,0.0
2026-01-24T20:00Z,9.8,89.0,0.0
2026-01-24T21:00Z,9.8,91.0,0.0
2026-01-24T22:00Z,9.5,93.0,0.0
2026-01-24T23:00Z,9.4,91.0,0.0
2026-01-25T00:00Z,9.6,92.0,0.0
2026-01-25T01:00Z,9.4,91.0,0.0
2026-01-25T02:00Z,9.1,90.0,0.0
2026-01-25T03:00Z,8.9,90.0,0.0
2026-01-25T04:00Z,8.4,92.0,0.0
2026-01-25T05:00Z,8.1,92.0,0.0
2026-01-25T06:00Z,8.1,92.0,0.0
2026-01-25T07:00Z,7.8,92.0,10.0
2026-01-25T08:00Z,9.0,87.0,124.0
2026-01-25T09:00Z,10.3,81.0,298.0
2026-01-25T10:00Z,11.6,68.0,439.0
2026-01-25T11:00Z,12.8,58.0,534.0
2026-01-25T12:00Z,13.4,56.0,419.0
2026-01-25T13:00Z,13.0,54.0,461.0
2026-01-25T14:00Z,11.9,65.0,331.0
2026-01-25T15:00Z,11.4,67.0,253.0
2026-01-25T16:00Z,10.8,71.0,113.0
2026-01-25T17:00Z,9.9,75.0,11.0
2026-01-25T18:00Z,10.1,76.0,0.0
2026-01-25T19:00Z,9.5,79.0,0.0
2026-01-25T20:00Z,9.3,81.0,0.0
2026-01-25T21:00Z,9.4,81.0,0.0
2026-01-25T22:00Z,9.1,81.0,0.0
2026-01-25T23:00Z,9.4,78.0,0.0
2026-01-26T00:00Z,9.8,78.0,0.0
2026-01-26T01:00Z,9.5,74.0,0.0
2026-01-26T02:00Z,9.8,69.0,0.0
2026-01-26T03:00Z,10.1,66.0,0.0
2026-01-26T04:00Z,9.4,71.0,0.0
2026-01-26T05:00Z,9.3,76.0,0.0
2026-01-26T06:00Z,10.1,75.0,0.0
2026-01-26T07:00Z,9.6,78.0,10.0
2026-01-26T08:00Z,10.2,77.0,67.0
2026-01-26T09:00Z,10.7,82.0,181.0
2026-01-26T10:00Z,11.6,74.0,306.0
2026-01-26T11:00Z,11.9,71.0,395.0
2026-01-26T12:00Z,11.5,72.0,401.0
2026-01-26T13:00Z,12.1,71.0,396.0
2026-01-26T14:00Z,10.9,74.0,262.0
2026-01-26T15:00Z,10.2,79.0,154.0
2026-01-26T16:00Z,9.2,86.0,73.0
2026-01-26T17:00Z,9.2,86.0,10.0
2026-01-26T18:00Z,9.7,77.0,0.0
2026-01-26T19:00Z,9.6,76.0,0.0
2026-01-26T20:00Z,10.2,72.0,0.0
2026-01-26T21:00Z,10.1,73.0,0.0
2026-01-26T22:00Z,10.1,73.0,0.0
2026-01-26T23:00Z,10.4,71.0,0.0
2026-01-27T00:00Z,10.6,72.0,0.0
2026-01-27T01:00Z,10.1,75.0,0.0
2026-01-27T02:00Z,9.2,80.0,0.0
2026-01-27T03:00Z,8.6,82.0,0.0
2026-01-27T04:00Z,8.0,84.0,0.0
2026-01-27T05:00Z,7.8,86.0,0.0
2026-01-27T06:00Z,7.4,91.0,0.0
2026-01-27T07:00Z,7.8,91.0,12.0
2026-01-27T08:00Z,9.4,88.0,137.0
2026-01-27T09:00Z,11.7,81.0,297.0
2026-01-27T10:00Z,13.6,74.0,373.0
2026-01-27T11:00Z,14.9,67.0,407.0
2026-01-27T12:00Z,16.5,60.0,529.0
2026-01-27T13:00Z,17.2,62.0,363.0
2026-01-27T14:00Z,18.0,61.0,372.0
2026-01-27T15:00Z,18.0,64.0,284.0
2026-01-27T16:00Z,17.1,72.0,139.0
2026-01-27T17:00Z,15.1,75.0,16.0
2026-01-27T18:00Z,14.3,73.0,0.0
2026-01-27T19:00Z,13.8,74.0,0.0
2026-01-27T20:00Z,13.9,75.0,0.0
2026-01-27T21:00Z,14.2,74.0,0.0
2026-01-27T22:00Z,14.5,71.0,0.0
2026-01-27T23:00Z,14.4,70.0,0.0
2026-01-28T00:00Z,14.6,68.0,0.0
2026-01-28T01:00Z,13.8,76.0,0.0
2026-01-28T02:00Z,13.9,75.0,0.0
2026-01-28T03:00Z,14.1,73.0,0.0
2026-01-28T04:00Z,13.9,73.0,0.0
2026-01-28T05:00Z,13.1,74.0,0.0
2026-01-28T06:00Z,12.8,81.0,0.0
2026-01-28T07:00Z,12.7,82.0,10.0
2026-01-28T08:00Z,13.6,81.0,134.0
2026-01-28T09:00Z,15.4,78.0,307.0
2026-01-28T10:00Z,17.0,70.0,449.0
2026-01-28T11:00Z,18.0,60.0,539.0
2026-01-28T12:00Z,17.7,50.0,423.0
2026-01-28T13:00Z,17.7,49.0,341.0
2026-01-28T14:00Z,17.4,51.0,241.0
2026-01-28T15:00Z,16.6,60.0,108.0
2026-01-28T16:00Z,15.4,62.0,45.0
2026-01-28T17:00Z,14.5,68.0,4.0
2026-01-28T18:00Z,14.1,77.0,0.0
2026-01-28T19:00Z,13.1,83.0,0.0
2026-01-28T20:00Z,12.6,91.0,0.0
2026-01-28T21:00Z,11.4,89.0,0.0
2026-01-28T22:00Z,11.6,91.0,0.0
2026-01-28T23:00Z,11.5,88.0,0.0
2026-01-29T00:00Z,14.0,65.0,0.0
2026-01-29T01:00Z,13.4,72.0,0.0
2026-01-29T02:00Z,12.6,76.0,0.0
2026-01-29T03:00Z,12.1,79.0,0.0
2026-01-29T04:00Z,12.1,78.0,0.0
2026-01-29T05:00Z,11.9,77.0,0.0
2026-01-29T06:00Z,11.9,74.0,0.0
2026-01-29T07:00Z,12.2,73.0,11.0
2026-01-29T08:00Z,13.1,68.0,128.0
2026-01-29T09:00Z,14.6,65.0,284.0
2026-01-29T10:00Z,15.8,58.0,424.0
2026-01-29T11:00Z,16.6,53.0,502.0
2026-01-29T12:00Z,16.2,56.0,535.0
2026-01-29T13:00Z,16.0,60.0,250.0
2026-01-29T14:00Z,14.9,71.0,130.0
2026-01-29T15:00Z,14.4,77.0,54.0
2026-01-29T16:00Z,14.1,78.0,36.0
2026-01-29T17:00Z,13.6,82.0,3.0
2026-01-29T18:00Z,13.4,84.0,0.0
2026-01-29T19:00Z,13.3,83.0,0.0
2026-01-29T20:00Z,13.1,83.0,0.0
2026-01-29T21:00Z,12.6,86.0,0.0
2026-01-29T22:00Z,13.1,83.0,0.0
2026-01-29T23:00Z,13.1,88.0,0.0
2026-01-30T00:00Z,13.6,93.0,0.0
2026-01-30T01:00Z,13.6,94.0,0.0
2026-01-30T02:00Z,13.8,94.0,0.0
2026-01-30T03:00Z,13.6,96.0,0.0
2026-01-30T04:00Z,13.6,96.0,0.0
2026-01-30T05:00Z,13.6,95.0,0.0
2026-01-30T06:00Z,13.6,91.0,0.0
2026-01-30T07:00Z,13.8,89.0,3.0
2026-01-30T08:00Z,14.8,84.0,111.0
2026-01-30T09:00Z,16.4,79.0,286.0
2026-01-30T10:00Z,17.0,74.0,370.0
2026-01-30T11:00Z,17.4,72.0,459.0
2026-01-30T12:00Z,17.8,68.0,454.0
2026-01-30T13:00Z,18.1,59.0,450.0
2026-01-30T14:00Z,16.6,65.0,366.0
2026-01-30T15:00Z,15.6,67.0,245.0
2026-01-30T16:00Z,14.7,67.0,148.0
2026-01-30T17:00Z,13.9,60.0,20.0
2026-01-30T18:00Z,13.8,61.0,0.0
2026-01-30T19:00Z,12.9,67.0,0.0
2026-01-30T20:00Z,12.1,70.0,0.0
2026-01-30T21:00Z,11.5,72.0,0.0
2026-01-30T22:00Z,10.8,76.0,0.0
2026-01-30T23:00Z,10.1,81.0,0.0
2026-01-31T00:00Z,10.1,86.0,0.0
2026-01-31T01:00Z,9.8,87.0,0.0
2026-01-31T02:00Z,10.2,84.0,0.0
2026-01-31T03:00Z,10.1,82.0,0.0
2026-01-31T04:00Z,10.4,78.0,0.0
2026-01-31T05:00Z,10.0,87.0,0.0
2026-01-31T06:00Z,11.3,81.0,0.0
2026-01-31T07:00Z,11.9,82.0,13.0
2026-01-31T08:00Z,12.4,84.0,119.0
2026-01-31T09:00Z,11.9,85.0,67.0
2026-01-31T10:00Z,12.8,78.0,151.0
2026-01-31T11:00Z,13.4,74.0,206.0
2026-01-31T12:00Z,13.1,62.0,210.0
2026-01-31T13:00Z,13.2,62.0,459.0
2026-01-31T14:00Z,12.9,60.0,372.0
2026-01-31T15:00Z,12.0,66.0,237.0
2026-01-31T16:00Z,11.4,65.0,106.0
2026-01-31T17:00Z,10.8,68.0,17.0
2026-01-31T18:00Z,10.8,75.0,0.0
2026-01-31T19:00Z,10.4,76.0,0.0
2026-01-31T20:00Z,9.9,82.0,0.0
2026-01-31T21:00Z,10.2,89.0,0.0
2026-01-31T22:00Z,10.3,90.0,0.0
2026-01-31T23:00Z,10.6,87.0,0.0
2026-02-01T00:00Z,10.6,87.0,0.0
2026-02-01T01:00Z,11.1,90.0,0.0
2026-02-01T02:00Z,10.9,89.0,0.0
2026-02-01T03:00Z,10.7,90.0,0.0
2026-02-01T04:00Z,10.4,84.0,0.0
2026-02-01T05:00Z,10.1,87.0,0.0
2026-02-01T06:00Z,10.4,90.0,0.0
2026-02-01T07:00Z,10.8,81.0,15.0
2026-02-01T08:00Z,12.1,77.0,121.0
2026-02-01T09:00Z,12.4,79.0,266.0
2026-02-01T10:00Z,13.4,73.0,382.0
2026-02-01T11:00Z,13.9,66.0,484.0
2026-02-01T12:00Z,14.1,67.0,529.0
2026-02-01T13:00Z,14.1,65.0,478.0
2026-02-01T14:00Z,14.9,60.0,416.0
2026-02-01T15:00Z,14.5,59.0,312.0
2026-02-01T16:00Z,13.8,62.0,147.0
2026-02-01T17:00Z,12.7,67.0,22.0
2026-02-01T18:00Z,12.3,69.0,0.0
2026-02-01T19:00Z,11.8,72.0,0.0
2026-02-01T20:00Z,11.9,72.0,0.0
2026-02-01T21:00Z,11.9,72.0,0.0
2026-02-01T22:00Z,11.5,74.0,0.0
2026-02-01T23:00Z,10.8,78.0,0.0
2026-02-02T00:00Z,10.6,81.0,0.0
2026-02-02T01:00Z,9.7,85.0,0.0
2026-02-02T02:00Z,9.2,87.0,0.0
2026-02-02T03:00Z,8.8,88.0,0.0
2026-02-02T04:00Z,8.8,86.0,0.0
2026-02-02T05:00Z,8.5,85.0,0.0
2026-02-02T06:00Z,8.4,85.0,0.0
2026-02-02T07:00Z,8.4,82.0,17.0
2026-02-02T08:00Z,9.9,79.0,151.0
2026-02-02T09:00Z,12.1,72.0,321.0
2026-02-02T10:00Z,14.4,65.0,464.0
2026-02-02T11:00Z,16.4,58.0,558.0
2026-02-02T12:00Z,17.5,52.0,580.0
2026-02-02T13:00Z,18.5,46.0,559.0
2026-02-02T14:00Z,19.0,45.0,471.0
2026-02-02T15:00Z,18.3,51.0,331.0
2026-02-02T16:00Z,16.6,58.0,154.0
2026-02-02T17:00Z,14.6,66.0,22.0
2026-02-02T18:00Z,14.1,69.0,0.0
2026-02-02T19:00Z,14.4,65.0,0.0
2026-02-02T20:00Z,14.8,61.0,0.0
2026-02-02T21:00Z,14.2,62.0,0.0
2026-02-02T22:00Z,13.6,64.0,0.0
2026-02-02T23:00Z,13.1,64.0,0.0
2026-02-03T00:00Z,12.9,64.0,0.0
2026-02-03T01:00Z,12.9,61.0,0.0
2026-02-03T02:00Z,12.9,58.0,0.0
2026-02-03T03:00Z,12.3,60.0,0.0
2026-02-03T04:00Z,11.1,66.0,0.0
2026-02-03T05:00Z,10.7,66.0,0.0
2026-02-03T06:00Z,10.6,71.0,0.0
2026-02-03T07:00Z,10.5,77.0,13.0
2026-02-03T08:00Z,12.2,69.0,112.0
2026-02-03T09:00Z,14.9,68.0,267.0
2026-02-03T10:00Z,16.6,64.0,408.0
2026-02-03T11:00Z,17.4,61.0,479.0
2026-02-03T12:00Z,17.4,60.0,467.0
2026-02-03T13:00Z,16.9,63.0,355.0
2026-02-03T14:00Z,16.7,68.0,271.0
2026-02-03T15:00Z,16.4,73.0,146.0
2026-02-03T16:00Z,15.6,73.0,74.0
2026-02-03T17:00Z,14.7,67.0,14.0
2026-02-03T18:00Z,14.8,70.0,0.0
2026-02-03T19:00Z,14.1,72.0,0.0
2026-02-03T20:00Z,14.0,73.0,0.0
2026-02-03T21:00Z,13.6,77.0,0.0
2026-02-03T22:00Z,13.3,76.0,0.0
2026-02-03T23:00Z,12.4,80.0,0.0
2026-02-04T00:00Z,11.9,85.0,0.0
2026-02-04T01:00Z,11.1,86.0,0.0
2026-02-04T02:00Z,10.9,90.0,0.0
2026-02-04T03:00Z,10.6,89.0,0.0
2026-02-04T04:00Z,10.1,91.0,0.0
2026-02-04T05:00Z,9.9,90.0,0.0
2026-02-04T06:00Z,10.1,89.0,0.0
2026-02-04T07:00Z,9.9,88.0,17.0
2026-02-04T08:00Z,11.1,81.0,154.0
2026-02-04T09:00Z,12.4,75.0,326.0
2026-02-04T10:00Z,13.6,67.0,472.0
2026-02-04T11:00Z,14.8,58.0,532.0
2026-02-04T12:00Z,15.7,51.0,601.0
2026-02-04T13:00Z,14.8,56.0,165.0
2026-02-04T14:00Z,14.4,61.0,88.0
2026-02-04T15:00Z,14.3,61.0,90.0
2026-02-04T16:00Z,13.9,64.0,81.0
2026-02-04T17:00Z,13.4,70.0,10.0
2026-02-04T18:00Z,13.8,72.0,0.0
2026-02-04T19:00Z,13.4,75.0,0.0
2026-02-04T20:00Z,13.6,75.0,0.0
2026-02-04T21:00Z,13.2,79.0,0.0
2026-02-04T22:00Z,14.1,74.0,0.0
2026-02-04T23:00Z,14.0,69.0,0.0
2026-02-05T00:00Z,14.6,66.0,0.0
2026-02-05T01:00Z,13.8,69.0,0.0
2026-02-05T02:00Z,13.3,72.0,0.0
2026-02-05T03:00Z,12.5,76.0,0.0
2026-02-05T04:00Z,11.7,81.0,0.0
2026-02-05T05:00Z,12.0,81.0,0.0
2026-02-05T06:00Z,12.8,85.0,0.0
2026-02-05T07:00Z,12.8,87.0,15.0
2026-02-05T08:00Z,13.5,85.0,71.0
2026-02-05T09:00Z,14.9,82.0,201.0
2026-02-05T10:00Z,15.5,80.0,179.0
2026-02-05T11:00Z,15.9,80.0,169.0
2026-02-05T12:00Z,16.1,82.0,138.0
2026-02-05T13:00Z,16.9,80.0,183.0
2026-02-05T14:00Z,17.0,83.0,106.0
2026-02-05T15:00Z,18.0,82.0,253.0
2026-02-05T16:00Z,17.5,86.0,157.0
2026-02-05T17:00Z,15.4,92.0,29.0
2026-02-05T18:00Z,15.1,92.0,0.0
2026-02-05T19:00Z,14.8,90.0,0.0
2026-02-05T20:00Z,15.2,86.0,0.0
2026-02-05T21:00Z,15.2,83.0,0.0
2026-02-05T22:00Z,16.0,78.0,0.0
2026-02-05T23:00Z,16.2,76.0,0.0
2026-02-06T00:00Z,16.4,70.0,0.0
2026-02-06T01:00Z,15.6,71.0,0.0
2026-02-06T02:00Z,14.9,75.0,0.0
2026-02-06T03:00Z,13.9,79.0,0.0
2026-02-06T04:00Z,14.1,78.0,0.0
2026-02-06T05:00Z,15.8,76.0,0.0
2026-02-06T06:00Z,16.4,77.0,0.0
2026-02-06T07:00Z,16.8,75.0,20.0
2026-02-06T08:00Z,17.6,69.0,159.0
2026-02-06T09:00Z,18.7,58.0,335.0
2026-02-06T10:00Z,19.5,56.0,481.0
2026-02-06T11:00Z,20.2,55.0,582.0
2026-02-06T12:00Z,20.3,49.0,618.0
2026-02-06T13:00Z,20.2,50.0,587.0
2026-02-06T14:00Z,19.6,51.0,499.0
2026-02-06T15:00Z,18.9,53.0,357.0
2026-02-06T16:00Z,17.4,58.0,184.0
2026-02-06T17:00Z,15.8,64.0,32.0
2026-02-06T18:00Z,15.4,65.0,0.0
2026-02-06T19:00Z,14.6,70.0,0.0
2026-02-06T20:00Z,13.9,73.0,0.0
2026-02-06T21:00Z,13.7,72.0,0.0
2026-02-06T22:00Z,13.1,75.0,0.0
2026-02-06T23:00Z,12.2,78.0,0.0
2026-02-07T00:00Z,12.2,75.0,0.0
2026-02-07T01:00Z,11.6,78.0,0.0
2026-02-07T02:00Z,11.1,80.0,0.0
2026-02-07T03:00Z,10.6,80.0,0.0
2026-02-07T04:00Z,10.7,80.0,0.0
2026-02-07T05:00Z,11.1,80.0,0.0
2026-02-07T06:00Z,11.5,79.0,0.0
2026-02-07T07:00Z,11.5,80.0,6.0
2026-02-07T08:00Z,12.5,76.0,37.0
2026-02-07T09:00Z,12.8,76.0,52.0
2026-02-07T10:00Z,13.6,77.0,125.0
2026-02-07T11:00Z,14.5,77.0,184.0
2026-02-07T12:00Z,14.4,76.0,161.0
2026-02-07T13:00Z,14.2,80.0,96.0
2026-02-07T14:00Z,14.2,84.0,80.0
2026-02-07T15:00Z,12.0,88.0,88.0
2026-02-07T16:00Z,12.0,86.0,80.0
2026-02-07T17:00Z,11.4,90.0,27.0
2026-02-07T18:00Z,12.0,80.0,0.0
2026-02-07T19:00Z,11.5,81.0,0.0
2026-02-07T20:00Z,11.1,83.0,0.0
2026-02-07T21:00Z,10.9,84.0,0.0
2026-02-07T22:00Z,10.8,84.0,0.0
2026-02-07T23:00Z,9.8,88.0,0.0
2026-02-08T00:00Z,9.1,89.0,0.0
2026-02-08T01:00Z,8.8,88.0,0.0
2026-02-08T02:00Z,8.2,88.0,0.0
2026-02-08T03:00Z,7.9,87.0,0.0
2026-02-08T04:00Z,7.4,88.0,0.0
2026-02-08T05:00Z,7.4,85.0,0.0
2026-02-08T06:00Z,7.4,86.0,0.0
2026-02-08T07:00Z,8.1,83.0,21.0
2026-02-08T08:00Z,10.5,74.0,117.0
2026-02-08T09:00Z,12.6,72.0,193.0
2026-02-08T10:00Z,14.8,68.0,321.0
2026-02-08T11:00Z,15.8,63.0,414.0
2026-02-08T12:00Z,15.9,65.0,424.0
2026-02-08T13:00Z,17.1,56.0,380.0
2026-02-08T14:00Z,17.0,59.0,216.0
2026-02-08T15:00Z,16.5,61.0,181.0
2026-02-08T16:00Z,14.8,67.0,38.0
2026-02-08T17:00Z,11.6,79.0,8.0
2026-02-08T18:00Z,10.3,90.0,0.0
2026-02-08T19:00Z,10.4,90.0,0.0
2026-02-08T20:00Z,9.4,90.0,0.0
2026-02-08T21:00Z,8.8,91.0,0.0
2026-02-08T22:00Z,8.6,90.0,0.0
2026-02-08T23:00Z,8.7,89.0,0.0
2026-02-09T00:00Z,8.9,89.0,0.0
2026-02-09T01:00Z,8.7,88.0,0.0
2026-02-09T02:00Z,8.6,87.0,0.0
2026-02-09T03:00Z,8.5,86.0,0.0
2026-02-09T04:00Z,8.2,86.0,0.0
2026-02-09T05:00Z,8.6,82.0,0.0
2026-02-09T06:00Z,9.6,80.0,0.0
2026-02-09T07:00Z,10.2,80.0,16.0
2026-02-09T08:00Z,11.4,78.0,122.0
2026-02-09T09:00Z,12.1,79.0,188.0
2026-02-09T10:00Z,12.9,74.0,271.0
2026-02-09T11:00Z,14.1,68.0,426.0
2026-02-09T12:00Z,14.7,67.0,457.0
2026-02-09T13:00Z,15.4,62.0,489.0
2026-02-09T14:00Z,15.8,57.0,492.0
2026-02-09T15:00Z,14.9,64.0,321.0
2026-02-09T16:00Z,13.9,70.0,166.0
2026-02-09T17:00Z,12.9,74.0,30.0
2026-02-09T18:00Z,12.6,76.0,0.0
2026-02-09T19:00Z,12.0,78.0,0.0
2026-02-09T20:00Z,11.4,79.0,0.0
2026-02-09T21:00Z,11.2,80.0,0.0
2026-02-09T22:00Z,11.1,81.0,0.0
2026-02-09T23:00Z,11.1,83.0,0.0
2026-02-10T00:00Z,10.1,84.0,0.0
2026-02-10T01:00Z,9.7,84.0,0.0
2026-02-10T02:00Z,9.9,84.0,0.0
2026-02-10T03:00Z,10.6,82.0,0.0
2026-02-10T04:00Z,10.4,84.0,0.0
2026-02-10T05:00Z,10.6,82.0,0.0
2026-02-10T06:00Z,10.9,83.0,0.0
2026-02-10T07:00Z,11.2,81.0,14.0
2026-02-10T08:00Z,12.4,81.0,147.0
2026-02-10T09:00Z,14.5,76.0,316.0
2026-02-10T10:00Z,15.5,72.0,275.0
2026-02-10T11:00Z,16.2,73.0,476.0
2026-02-10T12:00Z,15.4,77.0,220.0
2026-02-10T13:00Z,16.1,77.0,253.0
2026-02-10T14:00Z,16.9,72.0,233.0
2026-02-10T15:00Z,16.7,72.0,172.0
2026-02-10T16:00Z,16.4,78.0,112.0
2026-02-10T17:00Z,15.6,82.0,25.0
2026-02-10T18:00Z,15.1,87.0,0.0
2026-02-10T19:00Z,15.1,89.0,0.0
2026-02-10T20:00Z,15.1,90.0,0.0
2026-02-10T21:00Z,14.8,91.0,0.0
2026-02-10T22:00Z,14.9,90.0,0.0
2026-02-10T23:00Z,14.6,90.0,0.0
2026-02-11T00:00Z,14.8,88.0,0.0
2026-02-11T01:00Z,15.2,84.0,0.0
2026-02-11T02:00Z,15.1,84.0,0.0
2026-02-11T03:00Z,15.1,85.0,0.0
2026-02-11T04:00Z,14.6,85.0,0.0
2026-02-11T05:00Z,14.6,84.0,0.0
2026-02-11T06:00Z,15.1,83.0,0.0
2026-02-11T07:00Z,15.9,80.0,12.0
2026-02-11T08:00Z,16.4,84.0,64.0
2026-02-11T09:00Z,17.0,85.0,131.0
2026-02-11T10:00Z,18.9,78.0,409.0
2026-02-11T11:00Z,18.5,79.0,477.0
2026-02-11T12:00Z,19.1,72.0,456.0
2026-02-11T13:00Z,19.2,70.0,524.0
2026-02-11T14:00Z,19.4,67.0,442.0
2026-02-11T15:00Z,19.0,70.0,315.0
2026-02-11T16:00Z,17.9,79.0,163.0
2026-02-11T17:00Z,17.1,81.0,33.0
2026-02-11T18:00Z,16.9,79.0,0.0
2026-02-11T19:00Z,16.5,76.0,0.0
2026-02-11T20:00Z,16.0,75.0,0.0
2026-02-11T21:00Z,14.6,82.0,0.0
2026-02-11T22:00Z,14.9,82.0,0.0
2026-02-11T23:00Z,16.4,82.0,0.0
2026-02-12T00:00Z,16.3,89.0,0.0
2026-02-12T01:00Z,15.6,91.0,0.0
2026-02-12T02:00Z,15.9,86.0,0.0
2026-02-12T03:00Z,15.8,83.0,0.0
2026-02-12T04:00Z,15.2,82.0,0.0
2026-02-12T05:00Z,14.9,80.0,0.0
2026-02-12T06:00Z,18.2,69.0,0.0
2026-02-12T07:00Z,18.6,67.0,24.0
2026-02-12T08:00Z,18.5,68.0,144.0
2026-02-12T09:00Z,18.0,70.0,229.0
2026-02-12T10:00Z,17.9,70.0,179.0
2026-02-12T11:00Z,17.7,70.0,557.0
2026-02-12T12:00Z,16.8,59.0,500.0
2026-02-12T13:00Z,17.6,69.0,469.0
2026-02-12T14:00Z,17.8,45.0,452.0
2026-02-12T15:00Z,16.5,53.0,299.0
2026-02-12T16:00Z,15.4,56.0,182.0
2026-02-12T17:00Z,14.4,61.0,39.0
2026-02-12T18:00Z,14.8,56.0,0.0
2026-02-12T19:00Z,14.6,56.0,0.0
2026-02-12T20:00Z,14.4,60.0,0.0
2026-02-12T21:00Z,14.3,60.0,0.0
2026-02-12T22:00Z,13.9,64.0,0.0
2026-02-12T23:00Z,13.9,65.0,0.0
2026-02-13T00:00Z,14.1,63.0,0.0
2026-02-13T01:00Z,13.9,65.0,0.0
2026-02-13T02:00Z,13.7,68.0,0.0
2026-02-13T03:00Z,13.6,68.0,0.0
2026-02-13T04:00Z,13.6,68.0,0.0
2026-02-13T05:00Z,13.6,70.0,0.0
2026-02-13T06:00Z,13.4,74.0,0.0
2026-02-13T07:00Z,13.4,77.0,32.0
2026-02-13T08:00Z,14.6,74.0,180.0
2026-02-13T09:00Z,15.9,68.0,337.0
2026-02-13T10:00Z,17.0,63.0,492.0
2026-02-13T11:00Z,18.0,59.0,592.0
2026-02-13T12:00Z,18.7,58.0,626.0
2026-02-13T13:00Z,18.8,56.0,573.0
2026-02-13T14:00Z,19.1,51.0,518.0
2026-02-13T15:00Z,19.1,50.0,389.0
2026-02-13T16:00Z,18.5,56.0,210.0
2026-02-13T17:00Z,16.3,60.0,47.0
2026-02-13T18:00Z,15.4,62.0,0.0
2026-02-13T19:00Z,14.9,68.0,0.0
2026-02-13T20:00Z,14.2,71.0,0.0
2026-02-13T21:00Z,13.3,86.0,0.0
2026-02-13T22:00Z,12.8,80.0,0.0
2026-02-13T23:00Z,11.3,84.0,0.0
2026-02-14T00:00Z,11.5,91.0,0.0
2026-02-14T01:00Z,11.7,91.0,0.0
2026-02-14T02:00Z,10.8,91.0,0.0
2026-02-14T03:00Z,10.9,92.0,0.0
2026-02-14T04:00Z,10.9,92.0,0.0
2026-02-14T05:00Z,10.8,93.0,0.0
2026-02-14T06:00Z,11.3,92.0,0.0
2026-02-14T07:00Z,11.7,90.0,23.0
2026-02-14T08:00Z,12.2,90.0,55.0
2026-02-14T09:00Z,13.8,88.0,209.0
2026-02-14T10:00Z,15.8,74.0,437.0
2026-02-14T11:00Z,14.1,68.0,628.0
2026-02-14T12:00Z,13.8,67.0,247.0
2026-02-14T13:00Z,15.9,51.0,539.0
2026-02-14T14:00Z,15.6,49.0,495.0
2026-02-14T15:00Z,14.3,62.0,314.0
2026-02-14T16:00Z,14.1,62.0,180.0
2026-02-14T17:00Z,12.9,67.0,43.0
2026-02-14T18:00Z,12.4,71.0,0.0
2026-02-14T19:00Z,11.7,76.0,0.0
2026-02-14T20:00Z,11.4,78.0,0.0
2026-02-14T21:00Z,11.3,83.0,0.0
2026-02-14T22:00Z,11.1,84.0,0.0
2026-02-14T23:00Z,11.1,86.0,0.0
2026-02-15T00:00Z,11.2,86.0,0.0
2026-02-15T01:00Z,11.4,86.0,0.0
2026-02-15T02:00Z,11.2,85.0,0.0
2026-02-15T03:00Z,11.4,82.0,0.0
2026-02-15T04:00Z,11.2,83.0,0.0
2026-02-15T05:00Z,11.4,82.0,0.0
2026-02-15T06:00Z,11.4,79.0,0.0
2026-02-15T07:00Z,11.7,79.0,29.0
2026-02-15T08:00Z,12.2,80.0,149.0
2026-02-15T09:00Z,12.9,77.0,252.0
2026-02-15T10:00Z,13.9,69.0,353.0
2026-02-15T11:00Z,14.0,67.0,409.0
2026-02-15T12:00Z,13.7,66.0,473.0
2026-02-15T13:00Z,13.6,66.0,494.0
2026-02-15T14:00Z,13.6,64.0,488.0
2026-02-15T15:00Z,12.9,60.0,311.0
2026-02-15T16:00Z,12.4,63.0,166.0
2026-02-15T17:00Z,11.8,63.0,41.0
2026-02-15T18:00Z,12.1,62.0,0.0
2026-02-15T19:00Z,12.1,61.0,0.0
2026-02-15T20:00Z,12.2,61.0,0.0
2026-02-15T21:00Z,11.9,70.0,0.0
2026-02-15T22:00Z,12.2,68.0,0.0
2026-02-15T23:00Z,12.6,67.0,0.0
2026-02-16T00:00Z,12.4,76.0,0.0
2026-02-16T01:00Z,12.1,77.0,0.0
2026-02-16T02:00Z,12.1,75.0,0.0
2026-02-16T03:00Z,12.3,74.0,0.0
2026-02-16T04:00Z,12.5,73.0,0.0
2026-02-16T05:00Z,12.2,73.0,0.0
2026-02-16T06:00Z,11.9,74.0,0.0
2026-02-16T07:00Z,12.0,74.0,35.0
2026-02-16T08:00Z,13.0,72.0,167.0
2026-02-16T09:00Z,14.2,67.0,332.0
2026-02-16T10:00Z,15.9,64.0,448.0
2026-02-16T11:00Z,16.8,60.0,514.0
2026-02-16T12:00Z,16.5,64.0,531.0
2026-02-16T13:00Z,16.3,65.0,433.0
2026-02-16T14:00Z,16.7,62.0,403.0
2026-02-16T15:00Z,16.5,64.0,297.0
2026-02-16T16:00Z,15.8,68.0,182.0
2026-02-16T17:00Z,14.6,73.0,45.0
2026-02-16T18:00Z,14.2,74.0,0.0
2026-02-16T19:00Z,14.1,75.0,0.0
2026-02-16T20:00Z,14.1,74.0,0.0
2026-02-16T21:00Z,14.1,72.0,0.0
2026-02-16T22:00Z,14.0,73.0,0.0
2026-02-16T23:00Z,14.0,75.0,0.0
2026-02-17T00:00Z,14.0,70.0,0.0
2026-02-17T01:00Z,14.9,67.0,0.0
2026-02-17T02:00Z,15.4,69.0,0.0
2026-02-17T03:00Z,14.9,77.0,0.0
2026-02-17T04:00Z,14.6,82.0,0.0
2026-02-17T05:00Z,13.8,87.0,0.0
2026-02-17T06:00Z,13.4,76.0,0.0
2026-02-17T07:00Z,13.9,68.0,20.0
2026-02-17T08:00Z,14.9,62.0,118.0
2026-02-17T09:00Z,15.9,56.0,322.0
2026-02-17T10:00Z,16.5,46.0,486.0
2026-02-17T11:00Z,16.5,49.0,611.0
2026-02-17T12:00Z,16.5,50.0,672.0
2026-02-17T13:00Z,16.4,52.0,624.0
2026-02-17T14:00Z,15.6,57.0,433.0
2026-02-17T15:00Z,15.4,57.0,373.0
2026-02-17T16:00Z,14.5,61.0,218.0
2026-02-17T17:00Z,13.4,64.0,54.0
2026-02-17T18:00Z,13.1,67.0,0.0
2026-02-17T19:00Z,12.8,68.0,0.0
2026-02-17T20:00Z,12.6,65.0,0.0
2026-02-17T21:00Z,12.6,62.0,0.0
2026-02-17T22:00Z,12.4,67.0,0.0
2026-02-17T23:00Z,12.1,71.0,0.0
2026-02-18T00:00Z,11.8,74.0,0.0
2026-02-18T01:00Z,11.4,75.0,0.0
2026-02-18T02:00Z,10.9,78.0,0.0
2026-02-18T03:00Z,9.9,84.0,0.0
2026-02-18T04:00Z,9.2,88.0,0.0
2026-02-18T05:00Z,9.2,89.0,0.0
2026-02-18T06:00Z,9.5,90.0,0.0
2026-02-18T07:00Z,10.1,89.0,41.0
2026-02-18T08:00Z,11.9,85.0,204.0
2026-02-18T09:00Z,14.2,79.0,384.0
2026-02-18T10:00Z,15.9,73.0,533.0
2026-02-18T11:00Z,17.2,66.0,557.0
2026-02-18T12:00Z,18.4,60.0,527.0
2026-02-18T13:00Z,19.0,58.0,508.0
2026-02-18T14:00Z,19.5,56.0,475.0
2026-02-18T15:00Z,19.6,55.0,392.0
2026-02-18T16:00Z,18.8,63.0,225.0
2026-02-18T17:00Z,16.5,74.0,57.0
2026-02-18T18:00Z,14.9,77.0,0.0
2026-02-18T19:00Z,14.4,75.0,0.0
2026-02-18T20:00Z,13.6,79.0,0.0
2026-02-18T21:00Z,13.6,79.0,0.0
2026-02-18T22:00Z,12.9,80.0,0.0
2026-02-18T23:00Z,12.1,82.0,0.0
2026-02-19T00:00Z,11.8,83.0,0.0
2026-02-19T01:00Z,11.8,79.0,0.0
2026-02-19T02:00Z,11.8,79.0,0.0
2026-02-19T03:00Z,11.6,79.0,0.0
2026-02-19T04:00Z,11.4,79.0,0.0
2026-02-19T05:00Z,11.3,76.0,0.0
2026-02-19T06:00Z,11.4,74.0,0.0
2026-02-19T07:00Z,11.8,72.0,46.0
2026-02-19T08:00Z,13.7,70.0,218.0
2026-02-19T09:00Z,15.9,68.0,401.0
2026-02-19T10:00Z,18.4,63.0,547.0
2026-02-19T11:00Z,19.6,58.0,640.0
2026-02-19T12:00Z,19.6,56.0,671.0
2026-02-19T13:00Z,19.0,56.0,639.0
2026-02-19T14:00Z,18.1,59.0,541.0
2026-02-19T15:00Z,16.6,63.0,386.0
2026-02-19T16:00Z,14.7,72.0,113.0
2026-02-19T17:00Z,12.9,76.0,46.0
2026-02-19T18:00Z,12.9,70.0,0.0
2026-02-19T19:00Z,12.4,72.0,0.0
2026-02-19T20:00Z,12.0,68.0,0.0
2026-02-19T21:00Z,11.8,65.0,0.0
2026-02-19T22:00Z,11.7,62.0,0.0
2026-02-19T23:00Z,11.7,64.0,0.0
2026-02-20T00:00Z,11.9,67.0,0.0
2026-02-20T01:00Z,11.4,68.0,0.0
2026-02-20T02:00Z,11.2,69.0,0.0
2026-02-20T03:00Z,11.1,71.0,0.0
2026-02-20T04:00Z,11.1,70.0,0.0
2026-02-20T05:00Z,10.9,70.0,0.0
2026-02-20T06:00Z,10.9,68.0,0.0
2026-02-20T07:00Z,11.5,66.0,44.0
2026-02-20T08:00Z,12.8,64.0,202.0
2026-02-20T09:00Z,14.1,62.0,387.0
2026-02-20T10:00Z,14.9,62.0,490.0
2026-02-20T11:00Z,14.6,62.0,554.0
2026-02-20T12:00Z,15.3,62.0,597.0
2026-02-20T13:00Z,15.1,60.0,590.0
2026-02-20T14:00Z,14.8,57.0,463.0
2026-02-20T15:00Z,14.4,58.0,347.0
2026-02-20T16:00Z,14.4,59.0,214.0
2026-02-20T17:00Z,13.4,62.0,56.0
2026-02-20T18:00Z,13.1,61.0,0.0
2026-02-20T19:00Z,12.9,64.0,0.0
2026-02-20T20:00Z,12.7,66.0,0.0
2026-02-20T21:00Z,12.4,66.0,0.0
2026-02-20T22:00Z,12.2,69.0,0.0
2026-02-20T23:00Z,12.1,71.0,0.0
2026-02-21T00:00Z,12.4,69.0,0.0
2026-02-21T01:00Z,12.8,67.0,0.0
2026-02-21T02:00Z,12.6,67.0,0.0
2026-02-21T03:00Z,12.4,64.0,0.0
2026-02-21T04:00Z,12.4,66.0,0.0
2026-02-21T05:00Z,12.1,70.0,0.0
2026-02-21T06:00Z,12.1,74.0,0.0
2026-02-21T07:00Z,12.2,74.0,47.0
2026-02-21T08:00Z,13.4,72.0,206.0
2026-02-21T09:00Z,14.7,64.0,393.0
2026-02-21T10:00Z,15.4,61.0,532.0
2026-02-21T11:00Z,16.0,56.0,631.0
2026-02-21T12:00Z,16.2,55.0,556.0
2026-02-21T13:00Z,16.2,57.0,505.0
2026-02-21T14:00Z,16.0,57.0,366.0
2026-02-21T15:00Z,15.4,64.0,355.0
2026-02-21T16:00Z,14.8,67.0,225.0
2026-02-21T17:00Z,13.4,74.0,63.0
2026-02-21T18:00Z,13.1,76.0,0.0
2026-02-21T19:00Z,12.8,78.0,0.0
2026-02-21T20:00Z,12.6,81.0,0.0
2026-02-21T21:00Z,12.4,83.0,0.0
2026-02-21T22:00Z,12.1,84.0,0.0
2026-02-21T23:00Z,12.1,84.0,0.0
2026-02-22T00:00Z,12.6,78.0,0.0
2026-02-22T01:00Z,12.1,82.0,0.0
2026-02-22T02:00Z,11.7,84.0,0.0
2026-02-22T03:00Z,11.4,86.0,0.0
2026-02-22T04:00Z,11.4,88.0,0.0
2026-02-22T05:00Z,11.4,89.0,0.0
2026-02-22T06:00Z,11.4,90.0,0.0
2026-02-22T07:00Z,11.8,90.0,44.0
2026-02-22T08:00Z,13.4,84.0,215.0
2026-02-22T09:00Z,15.2,71.0,386.0
2026-02-22T10:00Z,16.1,66.0,376.0
2026-02-22T11:00Z,17.1,59.0,513.0
2026-02-22T12:00Z,18.2,55.0,592.0
2026-02-22T13:00Z,18.6,54.0,633.0
2026-02-22T14:00Z,18.3,54.0,534.0
2026-02-22T15:00Z,18.0,55.0,388.0
2026-02-22T16:00Z,16.5,65.0,204.0
2026-02-22T17:00Z,14.9,73.0,65.0
2026-02-22T18:00Z,13.6,80.0,0.0
2026-02-22T19:00Z,12.8,82.0,0.0
2026-02-22T20:00Z,12.1,82.0,0.0
2026-02-22T21:00Z,11.4,81.0,0.0
2026-02-22T22:00Z,10.6,83.0,0.0
2026-02-22T23:00Z,9.6,87.0,0.0
2026-02-23T00:00Z,8.8,89.0,0.0
2026-02-23T01:00Z,7.4,91.0,0.0
2026-02-23T02:00Z,7.3,91.0,0.0
2026-02-23T03:00Z,7.8,88.0,0.0
2026-02-23T04:00Z,7.8,87.0,0.0
2026-02-23T05:00Z,7.6,86.0,0.0
2026-02-23T06:00Z,7.6,87.0,0.0
2026-02-23T07:00Z,8.1,85.0,56.0
2026-02-23T08:00Z,10.3,80.0,233.0
2026-02-23T09:00Z,13.2,73.0,419.0
2026-02-23T10:00Z,15.9,65.0,572.0
2026-02-23T11:00Z,18.0,57.0,671.0
2026-02-23T12:00Z,19.6,46.0,708.0
2026-02-23T13:00Z,20.4,45.0,676.0
2026-02-23T14:00Z,20.6,49.0,573.0
2026-02-23T15:00Z,20.6,50.0,431.0
2026-02-23T16:00Z,19.9,56.0,248.0
2026-02-23T17:00Z,17.2,68.0,70.0
2026-02-23T18:00Z,15.7,73.0,0.0
2026-02-23T19:00Z,14.5,72.0,0.0
2026-02-23T20:00Z,13.2,72.0,0.0
2026-02-23T21:00Z,12.3,70.0,0.0
2026-02-23T22:00Z,11.8,65.0,0.0
2026-02-23T23:00Z,11.2,63.0,0.0
2026-02-24T00:00Z,10.1,73.0,0.0
2026-02-24T01:00Z,8.9,81.0,0.0
2026-02-24T02:00Z,8.1,86.0,0.0
2026-02-24T03:00Z,7.4,85.0,0.0
2026-02-24T04:00Z,7.0,85.0,0.0
2026-02-24T05:00Z,6.8,86.0,0.0
2026-02-24T06:00Z,6.8,85.0,0.0
2026-02-24T07:00Z,7.3,84.0,60.0
2026-02-24T08:00Z,9.8,81.0,240.0
2026-02-24T09:00Z,13.2,74.0,429.0
2026-02-24T10:00Z,16.5,61.0,581.0
2026-02-24T11:00Z,18.7,50.0,680.0
2026-02-24T12:00Z,20.0,47.0,716.0
2026-02-24T13:00Z,20.8,47.0,683.0
2026-02-24T14:00Z,21.2,44.0,586.0
2026-02-24T15:00Z,21.0,41.0,436.0
2026-02-24T16:00Z,19.9,48.0,253.0
2026-02-24T17:00Z,16.9,65.0,73.0
2026-02-24T18:00Z,15.7,67.0,0.0
2026-02-24T19:00Z,14.4,71.0,0.0
2026-02-24T20:00Z,13.3,75.0,0.0
2026-02-24T21:00Z,12.1,81.0,0.0
2026-02-24T22:00Z,11.2,85.0,0.0
2026-02-24T23:00Z,10.2,88.0,0.0
2026-02-25T00:00Z,9.9,87.0,0.0
2026-02-25T01:00Z,8.4,91.0,0.0
2026-02-25T02:00Z,7.7,94.0,0.0
2026-02-25T03:00Z,7.2,95.0,0.0
2026-02-25T04:00Z,6.9,94.0,0.0
2026-02-25T05:00Z,6.7,94.0,0.0
2026-02-25T06:00Z,6.3,95.0,0.0
2026-02-25T07:00Z,7.1,91.0,63.0
2026-02-25T08:00Z,9.7,85.0,243.0
2026-02-25T09:00Z,13.5,74.0,430.0
2026-02-25T10:00Z,17.0,61.0,582.0
2026-02-25T11:00Z,19.2,54.0,681.0
2026-02-25T12:00Z,20.7,42.0,718.0
2026-02-25T13:00Z,21.7,37.0,689.0
2026-02-25T14:00Z,21.5,37.0,596.0
2026-02-25T15:00Z,20.5,39.0,448.0
2026-02-25T16:00Z,18.5,43.0,262.0
2026-02-25T17:00Z,16.6,56.0,76.0
2026-02-25T18:00Z,15.5,70.0,0.0
2026-02-25T19:00Z,13.9,76.0,0.0
2026-02-25T20:00Z,12.9,77.0,0.0
2026-02-25T21:00Z,12.4,78.0,0.0
2026-02-25T22:00Z,11.7,79.0,0.0
2026-02-25T23:00Z,11.1,81.0,0.0
2026-02-26T00:00Z,10.8,84.0,0.0
2026-02-26T01:00Z,9.9,86.0,0.0
2026-02-26T02:00Z,9.4,89.0,0.0
2026-02-26T03:00Z,9.0,92.0,0.0
2026-02-26T04:00Z,8.6,95.0,0.0
2026-02-26T05:00Z,7.9,97.0,0.0
2026-02-26T06:00Z,7.7,99.0,0.0
2026-02-26T07:00Z,9.1,93.0,65.0
2026-02-26T08:00Z,11.8,81.0,244.0
2026-02-26T09:00Z,15.1,68.0,429.0
2026-02-26T10:00Z,18.1,62.0,580.0
2026-02-26T11:00Z,20.2,59.0,677.0
2026-02-26T12:00Z,21.3,54.0,710.0
2026-02-26T13:00Z,22.5,50.0,680.0
2026-02-26T14:00Z,22.9,47.0,587.0
2026-02-26T15:00Z,22.6,47.0,440.0
2026-02-26T16:00Z,21.5,53.0,258.0
2026-02-26T17:00Z,18.4,70.0,77.0
2026-02-26T18:00Z,16.5,76.0,1.0
2026-02-26T19:00Z,14.5,84.0,0.0
2026-02-26T20:00Z,13.1,90.0,0.0
2026-02-26T21:00Z,12.5,92.0,0.0
2026-02-26T22:00Z,12.0,93.0,0.0
2026-02-26T23:00Z,11.6,95.0,0.0
2026-02-27T00:00Z,10.9,98.0,0.0
2026-02-27T01:00Z,10.1,99.0,0.0
2026-02-27T02:00Z,9.8,100.0,0.0
2026-02-27T03:00Z,9.1,100.0,0.0
2026-02-27T04:00Z,8.9,100.0,0.0
2026-02-27T05:00Z,8.6,100.0,0.0
2026-02-27T06:00Z,8.6,100.0,0.0
2026-02-27T07:00Z,9.2,98.0,61.0
2026-02-27T08:00Z,11.5,88.0,215.0
2026-02-27T09:00Z,14.4,76.0,400.0
2026-02-27T10:00Z,17.1,68.0,557.0
2026-02-27T11:00Z,19.2,64.0,669.0
2026-02-27T12:00Z,20.2,61.0,708.0
2026-02-27T13:00Z,21.6,56.0,679.0
2026-02-27T14:00Z,21.9,53.0,588.0
2026-02-27T15:00Z,21.0,55.0,442.0
2026-02-27T16:00Z,18.9,65.0,258.0
2026-02-27T17:00Z,16.0,81.0,78.0
2026-02-27T18:00Z,15.6,85.0,1.0
2026-02-27T19:00Z,15.1,88.0,0.0
2026-02-27T20:00Z,14.1,91.0,0.0
2026-02-27T21:00Z,12.9,93.0,0.0
2026-02-27T22:00Z,12.6,93.0,0.0
2026-02-27T23:00Z,12.1,94.0,0.0
2026-02-28T00:00Z,11.9,96.0,0.0
2026-02-28T01:00Z,11.5,95.0,0.0
2026-02-28T02:00Z,11.0,97.0,0.0
2026-02-28T03:00Z,10.5,97.0,0.0
2026-02-28T04:00Z,10.2,96.0,0.0
2026-02-28T05:00Z,9.6,96.0,0.0
2026-02-28T06:00Z,9.3,100.0,0.0
2026-02-28T07:00Z,9.7,97.0,68.0
2026-02-28T08:00Z,11.5,89.0,237.0
2026-02-28T09:00Z,14.4,77.0,408.0
2026-02-28T10:00Z,17.4,63.0,512.0
2026-02-28T11:00Z,19.4,58.0,504.0
2026-02-28T12:00Z,20.8,54.0,617.0
2026-02-28T13:00Z,22.4,43.0,620.0
2026-02-28T14:00Z,22.4,41.0,498.0
2026-02-28T15:00Z,21.6,45.0,284.0
2026-02-28T16:00Z,20.7,53.0,217.0
2026-02-28T17:00Z,18.1,68.0,80.0
2026-02-28T18:00Z,16.5,77.0,1.0
2026-02-28T19:00Z,14.9,84.0,0.0
2026-02-28T20:00Z,13.9,88.0,0.0
2026-02-28T21:00Z,13.8,87.0,0.0
2026-02-28T22:00Z,13.4,87.0,0.0
2026-02-28T23:00Z,13.1,87.0,0.0
2026-03-01T00:00Z,13.1,87.0,0.0
2026-03-01T01:00Z,12.1,89.0,0.0
2026-03-01T02:00Z,11.4,92.0,0.0
2026-03-01T03:00Z,10.8,94.0,0.0
2026-03-01T04:00Z,10.1,95.0,0.0
2026-03-01T05:00Z,9.4,95.0,0.0
2026-03-01T06:00Z,8.9,97.0,0.0
2026-03-01T07:00Z,10.0,91.0,74.0
2026-03-01T08:00Z,12.1,82.0,257.0
2026-03-01T09:00Z,14.8,72.0,443.0
2026-03-01T10:00Z,17.1,63.0,594.0
2026-03-01T11:00Z,18.9,58.0,692.0
2026-03-01T12:00Z,19.0,56.0,726.0
2026-03-01T13:00Z,20.2,56.0,693.0
2026-03-01T14:00Z,20.6,56.0,582.0
2026-03-01T15:00Z,20.3,52.0,400.0
2026-03-01T16:00Z,18.9,54.0,242.0
2026-03-01T17:00Z,16.5,68.0,81.0
2026-03-01T18:00Z,15.1,80.0,1.0
2026-03-01T19:00Z,13.8,90.0,0.0
2026-03-01T20:00Z,13.2,94.0,0.0
2026-03-01T21:00Z,13.1,95.0,0.0
2026-03-01T22:00Z,13.1,95.0,0.0
2026-03-01T23:00Z,13.3,94.0,0.0
2026-03-02T00:00Z,13.1,95.0,0.0
2026-03-02T01:00Z,12.9,96.0,0.0
2026-03-02T02:00Z,12.9,96.0,0.0
2026-03-02T03:00Z,13.1,96.0,0.0
2026-03-02T04:00Z,13.1,96.0,0.0
2026-03-02T05:00Z,13.1,93.0,0.0
2026-03-02T06:00Z,12.9,94.0,0.0
2026-03-02T07:00Z,13.4,92.0,52.0
2026-03-02T08:00Z,14.9,80.0,204.0
2026-03-02T09:00Z,16.5,69.0,407.0
2026-03-02T10:00Z,17.9,61.0,524.0
2026-03-02T11:00Z,18.8,57.0,636.0
2026-03-02T12:00Z,19.5,54.0,706.0
2026-03-02T13:00Z,19.8,54.0,679.0
2026-03-02T14:00Z,19.6,58.0,591.0
2026-03-02T15:00Z,18.8,63.0,447.0
2026-03-02T16:00Z,17.7,69.0,242.0
2026-03-02T17:00Z,16.1,78.0,72.0
2026-03-02T18:00Z,15.4,84.0,1.0
2026-03-02T19:00Z,14.7,89.0,0.0
2026-03-02T20:00Z,14.4,90.0,0.0
2026-03-02T21:00Z,14.2,90.0,0.0
2026-03-02T22:00Z,13.8,91.0,0.0
2026-03-02T23:00Z,13.1,92.0,0.0
2026-03-03T00:00Z,13.7,92.0,0.0
2026-03-03T01:00Z,13.4,94.0,0.0
2026-03-03T02:00Z,13.1,95.0,0.0
2026-03-03T03:00Z,13.1,94.0,0.0
2026-03-03T04:00Z,12.7,95.0,0.0
2026-03-03T05:00Z,12.4,95.0,0.0
2026-03-03T06:00Z,13.4,94.0,1.0
2026-03-03T07:00Z,14.6,90.0,67.0
2026-03-03T08:00Z,16.2,84.0,229.0
2026-03-03T09:00Z,17.6,75.0,363.0
2026-03-03T10:00Z,18.9,68.0,508.0
2026-03-03T11:00Z,19.5,64.0,570.0
2026-03-03T12:00Z,19.0,67.0,579.0
2026-03-03T13:00Z,19.5,65.0,649.0
2026-03-03T14:00Z,19.1,66.0,509.0
2026-03-03T15:00Z,18.2,70.0,372.0
2026-03-03T16:00Z,17.5,73.0,249.0
2026-03-03T17:00Z,16.4,80.0,86.0
2026-03-03T18:00Z,15.8,85.0,1.0
2026-03-03T19:00Z,15.1,88.0,0.0
2026-03-03T20:00Z,14.9,90.0,0.0
2026-03-03T21:00Z,14.6,91.0,0.0
2026-03-03T22:00Z,14.4,92.0,0.0
2026-03-03T23:00Z,14.2,92.0,0.0
2026-03-04T00:00Z,14.6,92.0,0.0
2026-03-04T01:00Z,14.5,92.0,0.0
2026-03-04T02:00Z,14.5,92.0,0.0
2026-03-04T03:00Z,14.1,92.0,0.0
2026-03-04T04:00Z,13.8,93.0,0.0
2026-03-04T05:00Z,13.6,93.0,0.0
2026-03-04T06:00Z,14.2,96.0,1.0
2026-03-04T07:00Z,15.1,92.0,79.0
2026-03-04T08:00Z,16.6,84.0,264.0
2026-03-04T09:00Z,18.3,73.0,448.0
2026-03-04T10:00Z,19.5,66.0,575.0
2026-03-04T11:00Z,20.4,61.0,669.0
2026-03-04T12:00Z,20.5,61.0,716.0
2026-03-04T13:00Z,20.5,62.0,689.0
2026-03-04T14:00Z,20.1,62.0,590.0
2026-03-04T15:00Z,19.5,65.0,446.0
2026-03-04T16:00Z,18.4,70.0,267.0
2026-03-04T17:00Z,16.9,77.0,74.0
2026-03-04T18:00Z,16.4,81.0,2.0
2026-03-04T19:00Z,15.9,84.0,0.0
2026-03-04T20:00Z,15.4,85.0,0.0
2026-03-04T21:00Z,15.1,86.0,0.0
2026-03-04T22:00Z,14.9,86.0,0.0
2026-03-04T23:00Z,14.5,87.0,0.0
2026-03-05T00:00Z,14.8,90.0,0.0
2026-03-05T01:00Z,14.7,90.0,0.0
2026-03-05T02:00Z,14.4,88.0,0.0
2026-03-05T03:00Z,14.4,87.0,0.0
2026-03-05T04:00Z,14.4,87.0,0.0
2026-03-05T05:00Z,14.4,86.0,0.0
2026-03-05T06:00Z,14.8,89.0,1.0
2026-03-05T07:00Z,15.3,86.0,46.0
2026-03-05T08:00Z,16.0,82.0,124.0
2026-03-05T09:00Z,17.4,74.0,312.0
2026-03-05T10:00Z,17.5,72.0,283.0
2026-03-05T11:00Z,18.0,69.0,355.0
2026-03-05T12:00Z,17.6,68.0,246.0
2026-03-05T13:00Z,17.3,71.0,263.0
2026-03-05T14:00Z,17.2,73.0,249.0
2026-03-05T15:00Z,17.0,74.0,194.0
2026-03-05T16:00Z,16.3,77.0,129.0
2026-03-05T17:00Z,15.6,83.0,45.0
2026-03-05T18:00Z,15.4,86.0,1.0
2026-03-05T19:00Z,15.2,88.0,0.0
2026-03-05T20:00Z,15.1,88.0,0.0
2026-03-05T21:00Z,14.8,90.0,0.0
2026-03-05T22:00Z,14.7,90.0,0.0
2026-03-05T23:00Z,14.2,92.0,0.0
2026-03-06T00:00Z,14.8,92.0,0.0
2026-03-06T01:00Z,14.9,92.0,0.0
2026-03-06T02:00Z,14.4,93.0,0.0
2026-03-06T03:00Z,13.9,96.0,0.0
2026-03-06T04:00Z,13.9,96.0,0.0
2026-03-06T05:00Z,13.9,96.0,0.0
2026-03-06T06:00Z,14.4,97.0,2.0
2026-03-06T07:00Z,14.9,94.0,78.0
2026-03-06T08:00Z,16.1,87.0,237.0
2026-03-06T09:00Z,17.6,78.0,343.0
2026-03-06T10:00Z,19.7,64.0,489.0
2026-03-06T11:00Z,20.6,62.0,638.0
2026-03-06T12:00Z,20.7,64.0,632.0
2026-03-06T13:00Z,21.1,63.0,648.0
2026-03-06T14:00Z,21.4,63.0,581.0
2026-03-06T15:00Z,19.4,68.0,395.0
2026-03-06T16:00Z,19.0,72.0,196.0
2026-03-06T17:00Z,18.0,79.0,84.0
2026-03-06T18:00Z,17.5,86.0,2.0
2026-03-06T19:00Z,16.9,86.0,0.0
2026-03-06T20:00Z,15.8,90.0,0.0
2026-03-06T21:00Z,15.0,93.0,0.0
2026-03-06T22:00Z,14.6,93.0,0.0
2026-03-06T23:00Z,14.4,93.0,0.0
2026-03-07T00:00Z,14.0,94.0,0.0
2026-03-07T01:00Z,13.6,96.0,0.0
2026-03-07T02:00Z,13.2,98.0,0.0
2026-03-07T03:00Z,13.4,99.0,0.0
2026-03-07T04:00Z,13.1,98.0,0.0
2026-03-07T05:00Z,13.2,98.0,0.0
2026-03-07T06:00Z,13.9,100.0,1.0
2026-03-07T07:00Z,14.8,95.0,44.0
2026-03-07T08:00Z,15.8,86.0,181.0
2026-03-07T09:00Z,17.4,75.0,407.0
2026-03-07T10:00Z,18.4,72.0,478.0
2026-03-07T11:00Z,19.5,69.0,635.0
2026-03-07T12:00Z,20.0,64.0,657.0
2026-03-07T13:00Z,20.0,61.0,665.0
2026-03-07T14:00Z,19.0,63.0,499.0
2026-03-07T15:00Z,19.0,59.0,328.0
2026-03-07T16:00Z,18.0,70.0,229.0
2026-03-07T17:00Z,17.0,76.0,80.0
2026-03-07T18:00Z,16.3,79.0,2.0
2026-03-07T19:00Z,15.4,88.0,0.0
2026-03-07T20:00Z,14.4,94.0,0.0
2026-03-07T21:00Z,13.7,97.0,0.0
2026-03-07T22:00Z,13.1,100.0,0.0
2026-03-07T23:00Z,13.1,100.0,0.0
2026-03-08T00:00Z,13.3,99.0,0.0
2026-03-08T01:00Z,12.4,100.0,0.0
2026-03-08T02:00Z,12.1,100.0,0.0
2026-03-08T03:00Z,12.4,100.0,0.0
2026-03-08T04:00Z,12.4,100.0,0.0
2026-03-08T05:00Z,12.4,100.0,0.0
2026-03-08T06:00Z,13.2,100.0,2.0
2026-03-08T07:00Z,14.1,97.0,62.0
2026-03-08T08:00Z,15.4,86.0,200.0
2026-03-08T09:00Z,17.0,75.0,343.0
2026-03-08T10:00Z,18.8,66.0,549.0
2026-03-08T11:00Z,19.6,65.0,687.0
2026-03-08T12:00Z,19.8,62.0,727.0
2026-03-08T13:00Z,20.1,62.0,696.0
2026-03-08T14:00Z,19.1,66.0,603.0
2026-03-08T15:00Z,18.7,69.0,385.0
2026-03-08T16:00Z,18.0,72.0,260.0
2026-03-08T17:00Z,17.0,76.0,95.0
2026-03-08T18:00Z,16.3,78.0,3.0
2026-03-08T19:00Z,15.0,84.0,0.0
2026-03-08T20:00Z,14.1,90.0,0.0
2026-03-08T21:00Z,13.9,92.0,0.0
2026-03-08T22:00Z,13.4,94.0,0.0
2026-03-08T23:00Z,13.1,94.0,0.0
2026-03-09T00:00Z,12.6,96.0,0.0
2026-03-09T01:00Z,12.2,96.0,0.0
2026-03-09T02:00Z,12.1,96.0,0.0
2026-03-09T03:00Z,11.9,97.0,0.0
2026-03-09T04:00Z,11.2,100.0,0.0
2026-03-09T05:00Z,11.1,100.0,0.0
2026-03-09T06:00Z,11.6,100.0,2.0
2026-03-09T07:00Z,12.1,99.0,72.0
2026-03-09T08:00Z,13.1,97.0,178.0
2026-03-09T09:00Z,14.9,89.0,295.0
2026-03-09T10:00Z,16.5,78.0,419.0
2026-03-09T11:00Z,17.4,71.0,434.0
2026-03-09T12:00Z,18.4,64.0,549.0
2026-03-09T13:00Z,18.4,61.0,395.0
2026-03-09T14:00Z,18.1,57.0,279.0
2026-03-09T15:00Z,18.0,57.0,318.0
2026-03-09T16:00Z,17.0,64.0,156.0
2026-03-09T17:00Z,15.8,73.0,44.0
2026-03-09T18:00Z,14.9,81.0,1.0
2026-03-09T19:00Z,13.6,89.0,0.0
2026-03-09T20:00Z,13.4,91.0,0.0
2026-03-09T21:00Z,13.1,93.0,0.0
2026-03-09T22:00Z,12.9,93.0,0.0
2026-03-09T23:00Z,12.5,94.0,0.0
2026-03-10T00:00Z,12.4,93.0,0.0
2026-03-10T01:00Z,12.1,95.0,0.0
2026-03-10T02:00Z,11.6,95.0,0.0
2026-03-10T03:00Z,11.2,97.0,0.0
2026-03-10T04:00Z,10.9,98.0,0.0
2026-03-10T05:00Z,10.9,98.0,0.0
2026-03-10T06:00Z,12.1,97.0,4.0
2026-03-10T07:00Z,13.4,94.0,85.0
2026-03-10T08:00Z,15.1,86.0,265.0
2026-03-10T09:00Z,16.1,79.0,438.0
2026-03-10T10:00Z,17.1,76.0,558.0
2026-03-10T11:00Z,18.1,68.0,661.0
2026-03-10T12:00Z,17.9,63.0,654.0
2026-03-10T13:00Z,18.5,57.0,560.0
2026-03-10T14:00Z,17.9,60.0,442.0
2026-03-10T15:00Z,17.5,64.0,330.0
2026-03-10T16:00Z,16.9,68.0,234.0
2026-03-10T17:00Z,15.6,77.0,99.0
2026-03-10T18:00Z,15.0,80.0,4.0
2026-03-10T19:00Z,14.4,84.0,0.0
2026-03-10T20:00Z,13.8,88.0,0.0
2026-03-10T21:00Z,13.3,91.0,0.0
2026-03-10T22:00Z,12.9,93.0,0.0
2026-03-10T23:00Z,12.6,94.0,0.0
2026-03-11T00:00Z,12.9,92.0,0.0
2026-03-11T01:00Z,12.6,93.0,0.0
2026-03-11T02:00Z,12.4,95.0,0.0
2026-03-11T03:00Z,11.7,96.0,0.0
2026-03-11T04:00Z,11.8,96.0,0.0
2026-03-11T05:00Z,11.6,95.0,0.0
2026-03-11T06:00Z,12.4,94.0,5.0
2026-03-11T07:00Z,13.4,91.0,104.0
2026-03-11T08:00Z,14.9,84.0,287.0
2026-03-11T09:00Z,16.1,76.0,441.0
2026-03-11T10:00Z,17.4,68.0,600.0
2026-03-11T11:00Z,18.1,62.0,679.0
2026-03-11T12:00Z,18.2,62.0,644.0
2026-03-11T13:00Z,18.5,60.0,653.0
2026-03-11T14:00Z,18.2,60.0,548.0
2026-03-11T15:00Z,18.0,61.0,432.0
2026-03-11T16:00Z,17.4,64.0,281.0
2026-03-11T17:00Z,16.2,72.0,98.0
2026-03-11T18:00Z,15.1,78.0,4.0
2026-03-11T19:00Z,14.3,83.0,0.0
2026-03-11T20:00Z,13.2,89.0,0.0
2026-03-11T21:00Z,12.5,92.0,0.0
2026-03-11T22:00Z,11.9,95.0,0.0
2026-03-11T23:00Z,11.1,100.0,0.0
2026-03-12T00:00Z,10.6,100.0,0.0
2026-03-12T01:00Z,9.5,100.0,0.0
2026-03-12T02:00Z,9.8,100.0,0.0
2026-03-12T03:00Z,9.4,100.0,0.0
2026-03-12T04:00Z,9.4,100.0,0.0
2026-03-12T05:00Z,9.9,100.0,0.0
2026-03-12T06:00Z,10.5,100.0,3.0
2026-03-12T07:00Z,10.9,98.0,53.0
2026-03-12T08:00Z,11.6,95.0,153.0
2026-03-12T09:00Z,13.1,88.0,359.0
2026-03-12T10:00Z,15.3,78.0,542.0
2026-03-12T11:00Z,16.6,69.0,601.0
2026-03-12T12:00Z,18.4,60.0,656.0
2026-03-12T13:00Z,15.4,75.0,503.0
2026-03-12T14:00Z,15.4,75.0,236.0
2026-03-12T15:00Z,16.5,71.0,390.0
2026-03-12T16:00Z,15.9,71.0,269.0
2026-03-12T17:00Z,14.0,86.0,73.0
2026-03-12T18:00Z,13.1,88.0,4.0
2026-03-12T19:00Z,12.9,90.0,0.0
2026-03-12T20:00Z,12.8,92.0,0.0
2026-03-12T21:00Z,12.5,94.0,0.0
2026-03-12T22:00Z,12.3,94.0,0.0
2026-03-12T23:00Z,11.9,94.0,0.0
2026-03-13T00:00Z,11.6,94.0,0.0
2026-03-13T01:00Z,11.3,94.0,0.0
2026-03-13T02:00Z,11.0,94.0,0.0
2026-03-13T03:00Z,10.6,95.0,0.0
2026-03-13T04:00Z,10.4,95.0,0.0
2026-03-13T05:00Z,9.9,95.0,0.0
2026-03-13T06:00Z,10.3,94.0,6.0
2026-03-13T07:00Z,11.6,89.0,115.0
2026-03-13T08:00Z,13.4,84.0,307.0
2026-03-13T09:00Z,14.7,78.0,485.0
2026-03-13T10:00Z,15.7,70.0,578.0
2026-03-13T11:00Z,16.2,64.0,566.0
2026-03-13T12:00Z,14.9,70.0,469.0
2026-03-13T13:00Z,15.1,68.0,548.0
2026-03-13T14:00Z,15.4,65.0,401.0
2026-03-13T15:00Z,14.1,74.0,414.0
2026-03-13T16:00Z,14.1,69.0,206.0
2026-03-13T17:00Z,13.2,78.0,92.0
2026-03-13T18:00Z,12.8,81.0,4.0
2026-03-13T19:00Z,12.4,82.0,0.0
2026-03-13T20:00Z,11.9,86.0,0.0
2026-03-13T21:00Z,11.6,88.0,0.0
2026-03-13T22:00Z,11.1,91.0,0.0
2026-03-13T23:00Z,10.5,91.0,0.0
2026-03-14T00:00Z,10.5,92.0,0.0
2026-03-14T01:00Z,10.4,93.0,0.0
2026-03-14T02:00Z,10.1,93.0,0.0
2026-03-14T03:00Z,9.9,94.0,0.0
2026-03-14T04:00Z,9.9,94.0,0.0
2026-03-14T05:00Z,9.8,94.0,0.0
2026-03-14T06:00Z,9.6,81.0,5.0
2026-03-14T07:00Z,10.6,90.0,78.0
2026-03-14T08:00Z,12.4,86.0,251.0
2026-03-14T09:00Z,14.1,78.0,433.0
2026-03-14T10:00Z,15.6,68.0,630.0
2026-03-14T11:00Z,16.8,58.0,735.0
2026-03-14T12:00Z,17.8,52.0,778.0
2026-03-14T13:00Z,18.3,50.0,736.0
2026-03-14T14:00Z,18.8,47.0,604.0
2026-03-14T15:00Z,18.5,48.0,403.0
2026-03-14T16:00Z,18.0,51.0,298.0
2026-03-14T17:00Z,16.0,68.0,107.0
2026-03-14T18:00Z,15.4,62.0,5.0
2026-03-14T19:00Z,14.0,74.0,0.0
2026-03-14T20:00Z,13.4,79.0,0.0
2026-03-14T21:00Z,13.6,78.0,0.0
2026-03-14T22:00Z,13.8,77.0,0.0
2026-03-14T23:00Z,13.9,75.0,0.0
2026-03-15T00:00Z,13.1,84.0,0.0
2026-03-15T01:00Z,12.2,83.0,0.0
2026-03-15T02:00Z,11.8,85.0,0.0
2026-03-15T03:00Z,11.4,87.0,0.0
2026-03-15T04:00Z,10.9,87.0,0.0
2026-03-15T05:00Z,10.6,90.0,0.0
2026-03-15T06:00Z,10.4,90.0,2.0
2026-03-15T07:00Z,10.8,85.0,46.0
2026-03-15T08:00Z,10.9,82.0,143.0
2026-03-15T09:00Z,11.2,78.0,161.0
2026-03-15T10:00Z,11.2,71.0,399.0
2026-03-15T11:00Z,10.9,75.0,203.0
2026-03-15T12:00Z,12.1,69.0,253.0
2026-03-15T13:00Z,10.9,79.0,197.0
2026-03-15T14:00Z,10.8,76.0,316.0
2026-03-15T15:00Z,11.4,69.0,214.0
2026-03-15T16:00Z,11.4,59.0,176.0
2026-03-15T17:00Z,10.6,64.0,74.0
2026-03-15T18:00Z,9.9,70.0,4.0
2026-03-15T19:00Z,9.2,75.0,0.0
2026-03-15T20:00Z,8.6,77.0,0.0
2026-03-15T21:00Z,7.8,80.0,0.0
2026-03-15T22:00Z,7.2,84.0,0.0
2026-03-15T23:00Z,6.8,86.0,0.0
2026-03-16T00:00Z,7.1,82.0,0.0
2026-03-16T01:00Z,5.8,85.0,0.0
2026-03-16T02:00Z,5.8,85.0,0.0
2026-03-16T03:00Z,5.8,84.0,0.0
2026-03-16T04:00Z,5.9,82.0,0.0
2026-03-16T05:00Z,6.2,82.0,0.0
2026-03-16T06:00Z,6.8,83.0,8.0
2026-03-16T07:00Z,8.4,80.0,66.0
2026-03-16T08:00Z,10.6,78.0,221.0
2026-03-16T09:00Z,12.1,79.0,311.0
2026-03-16T10:00Z,12.5,83.0,296.0
2026-03-16T11:00Z,13.6,81.0,465.0
2026-03-16T12:00Z,14.9,75.0,383.0
2026-03-16T13:00Z,15.9,67.0,533.0
2026-03-16T14:00Z,14.6,69.0,370.0
2026-03-16T15:00Z,14.1,75.0,318.0
2026-03-16T16:00Z,13.2,81.0,157.0
2026-03-16T17:00Z,13.4,76.0,44.0
2026-03-16T18:00Z,12.2,82.0,4.0
2026-03-16T19:00Z,12.5,82.0,0.0
2026-03-16T20:00Z,12.7,75.0,0.0
2026-03-16T21:00Z,12.6,81.0,0.0
2026-03-16T22:00Z,12.6,79.0,0.0
2026-03-16T23:00Z,12.8,80.0,0.0
2026-03-17T00:00Z,13.2,78.0,0.0
2026-03-17T01:00Z,13.6,78.0,0.0
2026-03-17T02:00Z,13.6,78.0,0.0
2026-03-17T03:00Z,13.1,82.0,0.0
2026-03-17T04:00Z,12.1,91.0,0.0
2026-03-17T05:00Z,12.5,86.0,0.0
2026-03-17T06:00Z,12.8,84.0,6.0
2026-03-17T07:00Z,13.3,85.0,90.0
2026-03-17T08:00Z,14.4,82.0,164.0
2026-03-17T09:00Z,15.9,75.0,264.0
2026-03-17T10:00Z,16.5,74.0,459.0
2026-03-17T11:00Z,15.9,78.0,376.0
2026-03-17T12:00Z,15.8,79.0,483.0
2026-03-17T13:00Z,16.3,77.0,445.0
2026-03-17T14:00Z,15.9,76.0,440.0
2026-03-17T15:00Z,16.4,71.0,461.0
2026-03-17T16:00Z,15.0,78.0,251.0
2026-03-17T17:00Z,14.1,83.0,90.0
2026-03-17T18:00Z,13.8,85.0,6.0
2026-03-17T19:00Z,13.6,85.0,0.0
2026-03-17T20:00Z,12.9,86.0,0.0
2026-03-17T21:00Z,12.3,90.0,0.0
2026-03-17T22:00Z,12.2,94.0,0.0
2026-03-17T23:00Z,12.0,95.0,0.0
2026-03-18T00:00Z,11.8,91.0,0.0
2026-03-18T01:00Z,11.6,90.0,0.0
2026-03-18T02:00Z,11.4,90.0,0.0
2026-03-18T03:00Z,11.1,91.0,0.0
2026-03-18T04:00Z,10.7,92.0,0.0
2026-03-18T05:00Z,10.4,93.0,0.0
2026-03-18T06:00Z,10.7,92.0,10.0
2026-03-18T07:00Z,12.2,85.0,129.0
2026-03-18T08:00Z,13.7,82.0,318.0
2026-03-18T09:00Z,15.4,72.0,509.0
2026-03-18T10:00Z,16.2,68.0,438.0
2026-03-18T11:00Z,17.3,62.0,643.0
2026-03-18T12:00Z,17.9,58.0,629.0
2026-03-18T13:00Z,17.5,60.0,581.0
2026-03-18T14:00Z,16.6,67.0,517.0
2026-03-18T15:00Z,15.4,76.0,409.0
2026-03-18T16:00Z,15.1,77.0,268.0
2026-03-18T17:00Z,14.1,80.0,111.0
2026-03-18T18:00Z,13.6,82.0,7.0
2026-03-18T19:00Z,12.8,86.0,0.0
2026-03-18T20:00Z,12.6,85.0,0.0
2026-03-18T21:00Z,11.9,86.0,0.0
2026-03-18T22:00Z,12.2,81.0,0.0
2026-03-18T23:00Z,11.3,83.0,0.0
2026-03-19T00:00Z,11.4,84.0,0.0
2026-03-19T01:00Z,10.8,83.0,0.0
2026-03-19T02:00Z,10.2,85.0,0.0
2026-03-19T03:00Z,9.2,90.0,0.0
2026-03-19T04:00Z,9.0,88.0,0.0
2026-03-19T05:00Z,8.7,87.0,0.0
2026-03-19T06:00Z,9.5,86.0,13.0
2026-03-19T07:00Z,10.9,80.0,144.0
2026-03-19T08:00Z,13.1,74.0,340.0
2026-03-19T09:00Z,14.7,61.0,518.0
2026-03-19T10:00Z,15.2,58.0,437.0
2026-03-19T11:00Z,15.8,59.0,569.0
2026-03-19T12:00Z,16.3,60.0,515.0
2026-03-19T13:00Z,16.5,58.0,648.0
2026-03-19T14:00Z,15.7,62.0,503.0
2026-03-19T15:00Z,15.4,64.0,435.0
2026-03-19T16:00Z,14.2,69.0,266.0
2026-03-19T17:00Z,13.1,74.0,100.0
2026-03-19T18:00Z,12.3,79.0,8.0
2026-03-19T19:00Z,11.4,82.0,0.0
2026-03-19T20:00Z,11.1,81.0,0.0
2026-03-19T21:00Z,10.7,83.0,0.0
2026-03-19T22:00Z,10.6,84.0,0.0
2026-03-19T23:00Z,9.4,91.0,0.0
2026-03-20T00:00Z,8.9,92.0,0.0
2026-03-20T01:00Z,7.7,96.0,0.0
2026-03-20T02:00Z,6.8,100.0,0.0
2026-03-20T03:00Z,6.6,100.0,0.0
2026-03-20T04:00Z,7.2,100.0,0.0
2026-03-20T05:00Z,7.6,99.0,0.0
2026-03-20T06:00Z,7.9,99.0,6.0
2026-03-20T07:00Z,9.2,94.0,84.0
2026-03-20T08:00Z,12.6,83.0,317.0
2026-03-20T09:00Z,14.6,70.0,494.0
2026-03-20T10:00Z,15.8,63.0,675.0
2026-03-20T11:00Z,16.4,59.0,711.0
2026-03-20T12:00Z,16.5,55.0,570.0
2026-03-20T13:00Z,15.9,60.0,480.0
2026-03-20T14:00Z,15.6,62.0,513.0
2026-03-20T15:00Z,15.4,62.0,453.0
2026-03-20T16:00Z,14.6,66.0,287.0
2026-03-20T17:00Z,13.6,72.0,116.0
2026-03-20T18:00Z,12.6,79.0,9.0
2026-03-20T19:00Z,11.6,80.0,0.0
2026-03-20T20:00Z,10.9,83.0,0.0
2026-03-20T21:00Z,10.2,84.0,0.0
2026-03-20T22:00Z,9.4,86.0,0.0
2026-03-20T23:00Z,8.7,87.0,0.0
2026-03-21T00:00Z,8.9,88.0,0.0
2026-03-21T01:00Z,7.7,91.0,0.0
2026-03-21T02:00Z,7.8,92.0,0.0
2026-03-21T03:00Z,7.5,94.0,0.0
2026-03-21T04:00Z,7.1,96.0,0.0
2026-03-21T05:00Z,6.9,95.0,0.0
2026-03-21T06:00Z,7.6,94.0,13.0
2026-03-21T07:00Z,8.8,93.0,117.0
2026-03-21T08:00Z,11.7,83.0,286.0
2026-03-21T09:00Z,14.1,71.0,499.0
2026-03-21T10:00Z,15.1,62.0,663.0
2026-03-21T11:00Z,15.8,54.0,774.0
2026-03-21T12:00Z,16.4,51.0,803.0
2026-03-21T13:00Z,16.9,51.0,792.0
2026-03-21T14:00Z,16.4,55.0,628.0
2026-03-21T15:00Z,15.8,61.0,462.0
2026-03-21T16:00Z,15.1,63.0,274.0
2026-03-21T17:00Z,14.2,66.0,116.0
2026-03-21T18:00Z,13.9,71.0,10.0
2026-03-21T19:00Z,12.9,74.0,0.0
2026-03-21T20:00Z,11.8,79.0,0.0
2026-03-21T21:00Z,11.4,82.0,0.0
2026-03-21T22:00Z,11.2,83.0,0.0
2026-03-21T23:00Z,10.9,81.0,0.0
2026-03-22T00:00Z,10.7,86.0,0.0
2026-03-22T01:00Z,10.5,85.0,0.0
2026-03-22T02:00Z,9.6,91.0,0.0
2026-03-22T03:00Z,9.8,91.0,0.0
2026-03-22T04:00Z,8.2,93.0,0.0
2026-03-22T05:00Z,7.9,95.0,0.0
2026-03-22T06:00Z,8.8,98.0,17.0
2026-03-22T07:00Z,10.6,91.0,154.0
2026-03-22T08:00Z,13.3,80.0,342.0
2026-03-22T09:00Z,14.9,63.0,542.0
2026-03-22T10:00Z,15.7,58.0,642.0
2026-03-22T11:00Z,16.4,55.0,745.0
2026-03-22T12:00Z,17.1,51.0,760.0
2026-03-22T13:00Z,16.9,53.0,598.0
2026-03-22T14:00Z,16.0,57.0,419.0
2026-03-22T15:00Z,15.9,56.0,329.0
2026-03-22T16:00Z,15.1,59.0,132.0
2026-03-22T17:00Z,14.4,67.0,45.0
2026-03-22T18:00Z,14.3,68.0,6.0
2026-03-22T19:00Z,13.8,72.0,0.0
2026-03-22T20:00Z,13.6,74.0,0.0
2026-03-22T21:00Z,13.4,76.0,0.0
2026-03-22T22:00Z,13.1,81.0,0.0
2026-03-22T23:00Z,12.8,85.0,0.0
2026-03-23T00:00Z,12.2,83.0,0.0
2026-03-23T01:00Z,11.8,88.0,0.0
2026-03-23T02:00Z,11.1,89.0,0.0
2026-03-23T03:00Z,10.7,90.0,0.0
2026-03-23T04:00Z,10.1,93.0,0.0
2026-03-23T05:00Z,9.7,96.0,0.0
2026-03-23T06:00Z,9.9,98.0,18.0
2026-03-23T07:00Z,11.3,91.0,143.0
2026-03-23T08:00Z,13.1,83.0,323.0
2026-03-23T09:00Z,14.6,75.0,468.0
2026-03-23T10:00Z,15.5,70.0,596.0
2026-03-23T11:00Z,16.1,66.0,609.0
2026-03-23T12:00Z,16.3,62.0,635.0
2026-03-23T13:00Z,16.7,58.0,629.0
2026-03-23T14:00Z,16.4,59.0,524.0
2026-03-23T15:00Z,15.2,64.0,453.0
2026-03-23T16:00Z,13.4,78.0,224.0
2026-03-23T17:00Z,13.3,78.0,102.0
2026-03-23T18:00Z,12.7,83.0,10.0
2026-03-23T19:00Z,12.0,89.0,0.0
2026-03-23T20:00Z,11.4,90.0,0.0
2026-03-23T21:00Z,10.9,88.0,0.0
2026-03-23T22:00Z,10.5,89.0,0.0
2026-03-23T23:00Z,10.1,89.0,0.0
2026-03-24T00:00Z,9.7,90.0,0.0
2026-03-24T01:00Z,9.3,91.0,0.0
2026-03-24T02:00Z,9.1,92.0,0.0
2026-03-24T03:00Z,9.2,92.0,0.0
2026-03-24T04:00Z,9.1,93.0,0.0
2026-03-24T05:00Z,8.8,94.0,0.0
2026-03-24T06:00Z,9.4,93.0,18.0
2026-03-24T07:00Z,11.1,86.0,150.0
2026-03-24T08:00Z,12.4,79.0,289.0
2026-03-24T09:00Z,14.1,69.0,493.0
2026-03-24T10:00Z,14.8,68.0,623.0
2026-03-24T11:00Z,15.1,66.0,716.0
2026-03-24T12:00Z,15.7,57.0,696.0
2026-03-24T13:00Z,16.1,54.0,693.0
2026-03-24T14:00Z,15.9,51.0,623.0
2026-03-24T15:00Z,15.4,52.0,494.0
2026-03-24T16:00Z,14.8,55.0,320.0
2026-03-24T17:00Z,13.8,62.0,129.0
2026-03-24T18:00Z,12.8,68.0,12.0
2026-03-24T19:00Z,11.6,73.0,0.0
2026-03-24T20:00Z,11.1,75.0,0.0
2026-03-24T21:00Z,10.8,76.0,0.0
2026-03-24T22:00Z,10.6,75.0,0.0
2026-03-24T23:00Z,10.3,75.0,0.0
2026-03-25T00:00Z,10.1,81.0,0.0
2026-03-25T01:00Z,9.6,83.0,0.0
2026-03-25T02:00Z,9.8,82.0,0.0
2026-03-25T03:00Z,9.8,83.0,0.0
2026-03-25T04:00Z,9.6,85.0,0.0
2026-03-25T05:00Z,9.4,87.0,0.0
2026-03-25T06:00Z,10.0,85.0,22.0
2026-03-25T07:00Z,11.6,83.0,169.0
2026-03-25T08:00Z,13.8,76.0,370.0
2026-03-25T09:00Z,15.4,64.0,565.0
2026-03-25T10:00Z,16.4,58.0,708.0
2026-03-25T11:00Z,17.2,52.0,766.0
2026-03-25T12:00Z,17.2,51.0,578.0
2026-03-25T13:00Z,17.4,51.0,527.0
2026-03-25T14:00Z,17.1,54.0,489.0
2026-03-25T15:00Z,16.9,55.0,452.0
2026-03-25T16:00Z,16.5,54.0,325.0
2026-03-25T17:00Z,15.2,62.0,143.0
2026-03-25T18:00Z,13.7,70.0,13.0
2026-03-25T19:00Z,12.6,73.0,0.0
2026-03-25T20:00Z,11.4,79.0,0.0
2026-03-25T21:00Z,10.4,83.0,0.0
2026-03-25T22:00Z,10.1,85.0,0.0
2026-03-25T23:00Z,9.4,86.0,0.0
2026-03-26T00:00Z,9.2,87.0,0.0
2026-03-26T01:00Z,8.8,86.0,0.0
2026-03-26T02:00Z,8.5,88.0,0.0
2026-03-26T03:00Z,8.1,90.0,0.0
2026-03-26T04:00Z,7.8,90.0,0.0
2026-03-26T05:00Z,7.5,87.0,0.0
2026-03-26T06:00Z,9.6,82.0,24.0
2026-03-26T07:00Z,11.6,78.0,172.0
2026-03-26T08:00Z,14.1,70.0,369.0
2026-03-26T09:00Z,14.8,66.0,531.0
2026-03-26T10:00Z,14.6,68.0,535.0
2026-03-26T11:00Z,14.3,69.0,585.0
2026-03-26T12:00Z,14.2,66.0,594.0
2026-03-26T13:00Z,13.1,63.0,190.0
2026-03-26T14:00Z,13.2,61.0,298.0
2026-03-26T15:00Z,12.6,60.0,211.0
2026-03-26T16:00Z,12.4,61.0,160.0
2026-03-26T17:00Z,11.9,59.0,142.0
2026-03-26T18:00Z,11.1,58.0,12.0
2026-03-26T19:00Z,10.9,59.0,0.0
2026-03-26T20:00Z,10.9,57.0,0.0
2026-03-26T21:00Z,10.6,56.0,0.0
2026-03-26T22:00Z,10.5,53.0,0.0
2026-03-26T23:00Z,10.2,51.0,0.0
2026-03-27T00:00Z,10.1,55.0,0.0
2026-03-27T01:00Z,9.6,61.0,0.0
2026-03-27T02:00Z,9.2,61.0,0.0
2026-03-27T03:00Z,9.2,60.0,0.0
2026-03-27T04:00Z,9.4,55.0,0.0
2026-03-27T05:00Z,9.1,59.0,0.0
2026-03-27T06:00Z,9.5,64.0,26.0
2026-03-27T07:00Z,10.6,62.0,166.0
2026-03-27T08:00Z,11.9,55.0,354.0
2026-03-27T09:00Z,12.6,53.0,527.0
2026-03-27T10:00Z,13.2,46.0,651.0
2026-03-27T11:00Z,13.6,46.0,747.0
2026-03-27T12:00Z,13.2,45.0,733.0
2026-03-27T13:00Z,12.9,45.0,718.0
2026-03-27T14:00Z,12.1,50.0,512.0
2026-03-27T15:00Z,11.4,53.0,454.0
2026-03-27T16:00Z,10.8,60.0,266.0
2026-03-27T17:00Z,9.8,65.0,108.0
2026-03-27T18:00Z,9.3,69.0,12.0
2026-03-27T19:00Z,8.9,69.0,0.0
2026-03-27T20:00Z,8.6,72.0,0.0
2026-03-27T21:00Z,8.5,74.0,0.0
2026-03-27T22:00Z,8.2,75.0,0.0
2026-03-27T23:00Z,7.8,78.0,0.0
2026-03-28T00:00Z,7.8,83.0,0.0
2026-03-28T01:00Z,7.7,82.0,0.0
2026-03-28T02:00Z,7.7,81.0,0.0
2026-03-28T03:00Z,7.5,82.0,0.0
2026-03-28T04:00Z,7.6,83.0,0.0
2026-03-28T05:00Z,8.2,77.0,0.0
2026-03-28T06:00Z,9.8,68.0,26.0
2026-03-28T07:00Z,11.2,68.0,170.0
2026-03-28T08:00Z,12.9,66.0,339.0
2026-03-28T09:00Z,13.9,55.0,468.0
2026-03-28T10:00Z,15.0,49.0,691.0
2026-03-28T11:00Z,15.8,43.0,788.0
2026-03-28T12:00Z,16.1,42.0,602.0
2026-03-28T13:00Z,15.1,51.0,593.0
2026-03-28T14:00Z,14.5,52.0,382.0
2026-03-28T15:00Z,14.2,53.0,362.0
2026-03-28T16:00Z,13.8,52.0,289.0
2026-03-28T17:00Z,12.8,59.0,115.0
2026-03-28T18:00Z,11.6,65.0,15.0
2026-03-28T19:00Z,10.8,70.0,0.0
2026-03-28T20:00Z,10.6,69.0,0.0
2026-03-28T21:00Z,10.0,72.0,0.0
2026-03-28T22:00Z,9.6,74.0,0.0
2026-03-28T23:00Z,9.2,77.0,0.0
2026-03-29T00:00Z,9.2,79.0,0.0
2026-03-29T01:00Z,8.6,83.0,0.0
2026-03-29T02:00Z,9.3,81.0,0.0
2026-03-29T03:00Z,9.6,83.0,0.0
2026-03-29T04:00Z,10.1,84.0,0.0
2026-03-29T05:00Z,10.2,86.0,0.0
2026-03-29T06:00Z,10.2,90.0,17.0
2026-03-29T07:00Z,11.1,87.0,82.0
2026-03-29T08:00Z,11.7,86.0,130.0
2026-03-29T09:00Z,13.6,75.0,314.0
2026-03-29T10:00Z,15.4,61.0,524.0
2026-03-29T11:00Z,16.3,54.0,686.0
2026-03-29T12:00Z,16.4,51.0,655.0
2026-03-29T13:00Z,16.1,53.0,462.0
2026-03-29T14:00Z,15.5,56.0,395.0
2026-03-29T15:00Z,15.0,59.0,283.0
2026-03-29T16:00Z,14.8,60.0,170.0
2026-03-29T17:00Z,13.5,68.0,58.0
2026-03-29T18:00Z,13.0,70.0,14.0
2026-03-29T19:00Z,12.3,73.0,0.0
2026-03-29T20:00Z,11.4,78.0,0.0
2026-03-29T21:00Z,11.1,80.0,0.0
2026-03-29T22:00Z,10.9,80.0,0.0
2026-03-29T23:00Z,10.9,80.0,0.0
2026-03-30T00:00Z,10.6,80.0,0.0
2026-03-30T01:00Z,9.6,86.0,0.0
2026-03-30T02:00Z,9.1,89.0,0.0
2026-03-30T03:00Z,8.6,91.0,0.0
2026-03-30T04:00Z,8.2,92.0,0.0
2026-03-30T05:00Z,8.1,91.0,0.0
2026-03-30T06:00Z,9.1,89.0,32.0
2026-03-30T07:00Z,10.9,84.0,187.0
2026-03-30T08:00Z,13.1,77.0,386.0
2026-03-30T09:00Z,15.1,65.0,577.0
2026-03-30T10:00Z,16.0,56.0,667.0
2026-03-30T11:00Z,16.3,56.0,710.0
2026-03-30T12:00Z,15.6,62.0,583.0
2026-03-30T13:00Z,16.5,58.0,625.0
2026-03-30T14:00Z,16.5,57.0,535.0
2026-03-30T15:00Z,15.1,67.0,340.0
2026-03-30T16:00Z,15.0,65.0,291.0
2026-03-30T17:00Z,13.9,72.0,136.0
2026-03-30T18:00Z,13.2,75.0,15.0
2026-03-30T19:00Z,12.7,76.0,0.0
2026-03-30T20:00Z,11.9,77.0,0.0
2026-03-30T21:00Z,11.6,79.0,0.0
2026-03-30T22:00Z,11.6,78.0,0.0
2026-03-30T23:00Z,11.6,75.0,0.0
2026-03-31T00:00Z,11.4,76.0,0.0
2026-03-31T01:00Z,11.1,81.0,0.0
2026-03-31T02:00Z,11.2,82.0,0.0
2026-03-31T03:00Z,11.2,80.0,0.0
2026-03-31T04:00Z,11.1,78.0,0.0
2026-03-31T05:00Z,10.6,82.0,0.0
2026-03-31T06:00Z,10.3,89.0,15.0
2026-03-31T07:00Z,10.8,84.0,86.0
2026-03-31T08:00Z,11.7,79.0,312.0
2026-03-31T09:00Z,11.1,80.0,238.0
2026-03-31T10:00Z,12.6,72.0,463.0
2026-03-31T11:00Z,12.8,66.0,638.0
2026-03-31T12:00Z,12.2,67.0,733.0
2026-03-31T13:00Z,11.9,63.0,679.0
2026-03-31T14:00Z,12.2,60.0,562.0
2026-03-31T15:00Z,12.6,58.0,507.0
2026-03-31T16:00Z,11.4,65.0,288.0
2026-03-31T17:00Z,10.6,66.0,139.0
2026-03-31T18:00Z,8.8,78.0,18.0
2026-03-31T19:00Z,8.3,80.0,0.0
2026-03-31T20:00Z,7.8,83.0,0.0
2026-03-31T21:00Z,8.4,77.0,0.0
2026-03-31T22:00Z,8.1,76.0,0.0
2026-03-31T23:00Z,8.6,73.0,0.0
2026-04-01T00:00Z,8.0,78.0,0.0
2026-04-01T01:00Z,8.8,69.0,0.0
2026-04-01T02:00Z,9.1,63.0,0.0
2026-04-01T03:00Z,9.2,61.0,0.0
2026-04-01T04:00Z,9.2,65.0,0.0
2026-04-01T05:00Z,9.1,67.0,0.0
2026-04-01T06:00Z,8.9,75.0,24.0
2026-04-01T07:00Z,9.6,77.0,88.0
2026-04-01T08:00Z,9.4,80.0,149.0
2026-04-01T09:00Z,10.2,79.0,306.0
2026-04-01T10:00Z,9.6,84.0,75.0
2026-04-01T11:00Z,9.8,85.0,106.0
2026-04-01T12:00Z,10.3,83.0,154.0
2026-04-01T13:00Z,12.1,75.0,582.0
2026-04-01T14:00Z,11.5,80.0,447.0
2026-04-01T15:00Z,11.0,85.0,323.0
2026-04-01T16:00Z,10.2,83.0,97.0
2026-04-01T17:00Z,10.0,83.0,39.0
2026-04-01T18:00Z,9.4,85.0,3.0
2026-04-01T19:00Z,9.6,86.0,0.0
2026-04-01T20:00Z,9.6,84.0,0.0
2026-04-01T21:00Z,9.1,85.0,0.0
2026-04-01T22:00Z,9.4,84.0,0.0
2026-04-01T23:00Z,9.8,81.0,0.0
2026-04-02T00:00Z,9.7,79.0,0.0
2026-04-02T01:00Z,9.9,77.0,0.0
2026-04-02T02:00Z,9.4,80.0,0.0
2026-04-02T03:00Z,9.1,83.0,0.0
2026-04-02T04:00Z,9.1,83.0,0.0
2026-04-02T05:00Z,9.1,84.0,0.0
2026-04-02T06:00Z,9.4,82.0,37.0
2026-04-02T07:00Z,10.4,79.0,169.0
2026-04-02T08:00Z,11.7,75.0,309.0
2026-04-02T09:00Z,12.8,73.0,465.0
2026-04-02T10:00Z,13.8,70.0,576.0
2026-04-02T11:00Z,14.5,65.0,698.0
2026-04-02T12:00Z,13.2,67.0,762.0
2026-04-02T13:00Z,12.8,72.0,540.0
2026-04-02T14:00Z,14.4,66.0,512.0
2026-04-02T15:00Z,13.9,62.0,474.0
2026-04-02T16:00Z,12.6,69.0,258.0
2026-04-02T17:00Z,11.1,79.0,102.0
2026-04-02T18:00Z,11.5,80.0,9.0
2026-04-02T19:00Z,10.9,80.0,0.0
2026-04-02T20:00Z,10.6,82.0,0.0
2026-04-02T21:00Z,10.9,78.0,0.0
2026-04-02T22:00Z,11.2,74.0,0.0
2026-04-02T23:00Z,11.5,74.0,0.0
2026-04-03T00:00Z,11.2,70.0,0.0
2026-04-03T01:00Z,10.7,71.0,0.0
2026-04-03T02:00Z,10.1,75.0,0.0
2026-04-03T03:00Z,10.1,79.0,0.0
2026-04-03T04:00Z,10.1,79.0,0.0
2026-04-03T05:00Z,10.6,78.0,0.0
2026-04-03T06:00Z,11.4,73.0,37.0
2026-04-03T07:00Z,12.7,68.0,165.0
2026-04-03T08:00Z,13.6,70.0,294.0
2026-04-03T09:00Z,13.6,69.0,266.0
2026-04-03T10:00Z,15.6,59.0,554.0
2026-04-03T11:00Z,15.2,57.0,525.0
2026-04-03T12:00Z,15.4,62.0,487.0
2026-04-03T13:00Z,15.3,66.0,513.0
2026-04-03T14:00Z,14.4,69.0,372.0
2026-04-03T15:00Z,14.0,67.0,282.0
2026-04-03T16:00Z,13.2,75.0,165.0
2026-04-03T17:00Z,12.2,84.0,108.0
2026-04-03T18:00Z,12.2,83.0,13.0
2026-04-03T19:00Z,11.9,84.0,0.0
2026-04-03T20:00Z,12.1,86.0,0.0
2026-04-03T21:00Z,11.9,88.0,0.0
2026-04-03T22:00Z,11.9,87.0,0.0
2026-04-03T23:00Z,11.6,88.0,0.0
2026-04-04T00:00Z,12.1,89.0,0.0
2026-04-04T01:00Z,11.9,91.0,0.0
2026-04-04T02:00Z,12.2,89.0,0.0
2026-04-04T03:00Z,12.1,90.0,0.0
2026-04-04T04:00Z,11.8,89.0,0.0
2026-04-04T05:00Z,11.8,89.0,0.0
2026-04-04T06:00Z,12.3,88.0,43.0
2026-04-04T07:00Z,13.9,83.0,206.0
2026-04-04T08:00Z,15.6,78.0,405.0
2026-04-04T09:00Z,17.0,68.0,586.0
2026-04-04T10:00Z,18.0,59.0,726.0
2026-04-04T11:00Z,18.5,55.0,803.0
2026-04-04T12:00Z,18.8,56.0,825.0
2026-04-04T13:00Z,18.5,55.0,769.0
2026-04-04T14:00Z,18.0,54.0,650.0
2026-04-04T15:00Z,17.5,57.0,460.0
2026-04-04T16:00Z,16.7,65.0,353.0
2026-04-04T17:00Z,15.4,74.0,157.0
2026-04-04T18:00Z,14.2,79.0,21.0
2026-04-04T19:00Z,13.4,83.0,0.0
2026-04-04T20:00Z,12.9,86.0,0.0
2026-04-04T21:00Z,12.6,89.0,0.0
2026-04-04T22:00Z,12.2,91.0,0.0
2026-04-04T23:00Z,11.9,92.0,0.0
2026-04-05T00:00Z,11.4,94.0,0.0
2026-04-05T01:00Z,10.9,94.0,0.0
2026-04-05T02:00Z,10.6,94.0,0.0
2026-04-05T03:00Z,10.2,94.0,0.0
2026-04-05T04:00Z,9.9,95.0,0.0
2026-04-05T05:00Z,9.8,95.0,0.0
2026-04-05T06:00Z,10.7,94.0,46.0
2026-04-05T07:00Z,12.9,88.0,198.0
2026-04-05T08:00Z,15.0,76.0,380.0
2026-04-05T09:00Z,16.4,68.0,446.0
2026-04-05T10:00Z,17.8,60.0,584.0
2026-04-05T11:00Z,19.0,52.0,711.0
2026-04-05T12:00Z,19.7,50.0,763.0
2026-04-05T13:00Z,20.4,45.0,755.0
2026-04-05T14:00Z,20.1,48.0,634.0
2026-04-05T15:00Z,19.7,52.0,514.0
2026-04-05T16:00Z,18.6,59.0,347.0
2026-04-05T17:00Z,17.1,68.0,163.0
2026-04-05T18:00Z,15.6,76.0,23.0
2026-04-05T19:00Z,14.2,83.0,0.0
2026-04-05T20:00Z,13.1,87.0,0.0
2026-04-05T21:00Z,12.4,88.0,0.0
2026-04-05T22:00Z,11.7,90.0,0.0
2026-04-05T23:00Z,11.1,92.0,0.0
2026-04-06T00:00Z,10.3,96.0,0.0
2026-04-06T01:00Z,9.4,98.0,0.0
2026-04-06T02:00Z,9.2,97.0,0.0
2026-04-06T03:00Z,8.9,95.0,0.0
2026-04-06T04:00Z,8.8,93.0,0.0
2026-04-06T05:00Z,8.6,92.0,0.0
2026-04-06T06:00Z,9.5,90.0,51.0
2026-04-06T07:00Z,11.1,88.0,221.0
2026-04-06T08:00Z,13.9,82.0,422.0
2026-04-06T09:00Z,17.0,67.0,608.0
2026-04-06T10:00Z,19.0,54.0,752.0
2026-04-06T11:00Z,20.4,49.0,840.0
2026-04-06T12:00Z,21.0,48.0,864.0
2026-04-06T13:00Z,21.8,48.0,822.0
2026-04-06T14:00Z,21.6,51.0,718.0
2026-04-06T15:00Z,20.9,57.0,560.0
2026-04-06T16:00Z,19.6,63.0,367.0
2026-04-06T17:00Z,18.2,68.0,168.0
2026-04-06T18:00Z,16.4,79.0,24.0
2026-04-06T19:00Z,14.9,83.0,0.0
2026-04-06T20:00Z,13.9,85.0,0.0
2026-04-06T21:00Z,13.1,87.0,0.0
2026-04-06T22:00Z,12.2,89.0,0.0
2026-04-06T23:00Z,11.1,93.0,0.0
2026-04-07T00:00Z,10.9,94.0,0.0
2026-04-07T01:00Z,9.9,94.0,0.0
2026-04-07T02:00Z,9.5,93.0,0.0
2026-04-07T03:00Z,9.6,91.0,0.0
2026-04-07T04:00Z,9.6,89.0,0.0
2026-04-07T05:00Z,9.1,89.0,0.0
2026-04-07T06:00Z,10.5,87.0,54.0
2026-04-07T07:00Z,12.6,81.0,228.0
2026-04-07T08:00Z,16.2,73.0,433.0
2026-04-07T09:00Z,19.7,60.0,620.0
2026-04-07T10:00Z,22.3,51.0,765.0
2026-04-07T11:00Z,24.0,40.0,851.0
2026-04-07T12:00Z,25.0,33.0,876.0
2026-04-07T13:00Z,25.2,32.0,833.0
2026-04-07T14:00Z,24.6,34.0,728.0
2026-04-07T15:00Z,23.8,37.0,569.0
2026-04-07T16:00Z,22.6,41.0,374.0
2026-04-07T17:00Z,20.4,51.0,172.0
2026-04-07T18:00Z,18.5,55.0,25.0
2026-04-07T19:00Z,16.8,57.0,0.0
2026-04-07T20:00Z,15.6,62.0,0.0
2026-04-07T21:00Z,15.4,59.0,0.0
2026-04-07T22:00Z,14.6,63.0,0.0
2026-04-07T23:00Z,14.6,64.0,0.0
2026-04-08T00:00Z,14.2,67.0,0.0
2026-04-08T01:00Z,13.1,69.0,0.0
2026-04-08T02:00Z,12.4,72.0,0.0
2026-04-08T03:00Z,11.9,71.0,0.0
2026-04-08T04:00Z,11.2,75.0,0.0
2026-04-08T05:00Z,10.8,77.0,0.0
2026-04-08T06:00Z,12.1,77.0,56.0
2026-04-08T07:00Z,14.2,74.0,226.0
2026-04-08T08:00Z,17.6,67.0,416.0
2026-04-08T09:00Z,20.6,58.0,607.0
2026-04-08T10:00Z,22.9,56.0,750.0
2026-04-08T11:00Z,24.6,52.0,830.0
2026-04-08T12:00Z,25.7,45.0,854.0
2026-04-08T13:00Z,26.5,44.0,785.0
2026-04-08T14:00Z,26.2,47.0,611.0
2026-04-08T15:00Z,24.6,55.0,370.0
2026-04-08T16:00Z,22.8,60.0,243.0
2026-04-08T17:00Z,21.0,66.0,134.0
2026-04-08T18:00Z,19.0,72.0,22.0
2026-04-08T19:00Z,17.6,78.0,0.0
2026-04-08T20:00Z,16.7,80.0,0.0
2026-04-08T21:00Z,15.8,84.0,0.0
2026-04-08T22:00Z,14.8,89.0,0.0
2026-04-08T23:00Z,14.1,91.0,0.0
2026-04-09T00:00Z,13.4,97.0,0.0
2026-04-09T01:00Z,12.2,100.0,0.0
2026-04-09T02:00Z,12.2,100.0,0.0
2026-04-09T03:00Z,12.1,100.0,0.0
2026-04-09T04:00Z,11.4,100.0,0.0
2026-04-09T05:00Z,10.9,100.0,0.0
2026-04-09T06:00Z,11.9,99.0,52.0
2026-04-09T07:00Z,14.1,96.0,208.0
2026-04-09T08:00Z,17.4,83.0,415.0
2026-04-09T09:00Z,20.7,66.0,619.0
2026-04-09T10:00Z,23.0,52.0,766.0
2026-04-09T11:00Z,24.4,46.0,853.0
2026-04-09T12:00Z,24.9,40.0,877.0
2026-04-09T13:00Z,25.8,39.0,828.0
2026-04-09T14:00Z,25.6,41.0,702.0
2026-04-09T15:00Z,24.9,47.0,565.0
2026-04-09T16:00Z,23.5,52.0,375.0
2026-04-09T17:00Z,21.6,58.0,175.0
2026-04-09T18:00Z,19.1,71.0,27.0
2026-04-09T19:00Z,17.9,72.0,0.0
2026-04-09T20:00Z,16.8,75.0,0.0
2026-04-09T21:00Z,15.9,78.0,0.0
2026-04-09T22:00Z,15.4,82.0,0.0
2026-04-09T23:00Z,15.1,85.0,0.0
2026-04-10T00:00Z,15.0,84.0,0.0
2026-04-10T01:00Z,13.6,86.0,0.0
2026-04-10T02:00Z,12.9,87.0,0.0
2026-04-10T03:00Z,12.3,88.0,0.0
2026-04-10T04:00Z,12.0,88.0,0.0
2026-04-10T05:00Z,11.6,90.0,0.0
2026-04-10T06:00Z,12.6,87.0,62.0
2026-04-10T07:00Z,14.6,85.0,238.0
2026-04-10T08:00Z,18.2,76.0,442.0
2026-04-10T09:00Z,21.5,66.0,628.0
2026-04-10T10:00Z,23.9,56.0,772.0
2026-04-10T11:00Z,25.5,42.0,859.0
2026-04-10T12:00Z,26.7,31.0,880.0
2026-04-10T13:00Z,27.2,30.0,835.0
2026-04-10T14:00Z,26.6,36.0,729.0
2026-04-10T15:00Z,25.7,44.0,571.0
2026-04-10T16:00Z,24.6,48.0,378.0
2026-04-10T17:00Z,22.7,52.0,178.0
2026-04-10T18:00Z,20.2,65.0,28.0
2026-04-10T19:00Z,18.8,68.0,0.0
2026-04-10T20:00Z,17.5,73.0,0.0
2026-04-10T21:00Z,16.9,74.0,0.0
2026-04-10T22:00Z,15.5,83.0,0.0
2026-04-10T23:00Z,14.8,86.0,0.0
2026-04-11T00:00Z,14.5,88.0,0.0
2026-04-11T01:00Z,13.2,90.0,0.0
2026-04-11T02:00Z,13.4,87.0,0.0
2026-04-11T03:00Z,12.7,86.0,0.0
2026-04-11T04:00Z,12.1,88.0,0.0
2026-04-11T05:00Z,11.6,90.0,0.0
2026-04-11T06:00Z,13.0,91.0,64.0
2026-04-11T07:00Z,15.6,77.0,240.0
2026-04-11T08:00Z,19.0,66.0,443.0
2026-04-11T09:00Z,21.9,55.0,629.0
2026-04-11T10:00Z,24.3,46.0,773.0
2026-04-11T11:00Z,26.0,39.0,856.0
2026-04-11T12:00Z,27.0,29.0,878.0
2026-04-11T13:00Z,27.4,26.0,838.0
2026-04-11T14:00Z,27.0,25.0,733.0
2026-04-11T15:00Z,26.1,27.0,574.0
2026-04-11T16:00Z,24.8,31.0,379.0
2026-04-11T17:00Z,22.6,38.0,181.0
2026-04-11T18:00Z,20.6,44.0,29.0
2026-04-11T19:00Z,19.4,47.0,0.0
2026-04-11T20:00Z,18.5,51.0,0.0
2026-04-11T21:00Z,18.0,56.0,0.0
2026-04-11T22:00Z,17.8,56.0,0.0
2026-04-11T23:00Z,17.1,61.0,0.0
2026-04-12T00:00Z,17.2,64.0,0.0
2026-04-12T01:00Z,17.5,64.0,0.0
2026-04-12T02:00Z,16.8,72.0,0.0
2026-04-12T03:00Z,16.8,71.0,0.0
2026-04-12T04:00Z,16.9,72.0,0.0
2026-04-12T05:00Z,16.9,72.0,0.0
2026-04-12T06:00Z,17.9,65.0,36.0
2026-04-12T07:00Z,18.5,64.0,49.0
2026-04-12T08:00Z,19.4,62.0,128.0
2026-04-12T09:00Z,19.9,63.0,150.0
2026-04-12T10:00Z,20.2,64.0,127.0
2026-04-12T11:00Z,21.0,61.0,357.0
2026-04-12T12:00Z,22.1,59.0,789.0
2026-04-12T13:00Z,23.2,56.0,802.0
2026-04-12T14:00Z,23.5,55.0,717.0
2026-04-12T15:00Z,23.5,55.0,550.0
2026-04-12T16:00Z,23.0,57.0,302.0
2026-04-12T17:00Z,21.5,62.0,174.0
2026-04-12T18:00Z,18.2,88.0,25.0
2026-04-12T19:00Z,17.5,93.0,0.0
2026-04-12T20:00Z,17.1,73.0,0.0
2026-04-12T21:00Z,16.9,72.0,0.0
2026-04-12T22:00Z,15.9,81.0,0.0
2026-04-12T23:00Z,15.1,86.0,0.0
2026-04-13T00:00Z,15.9,79.0,0.0
2026-04-13T01:00Z,15.4,79.0,0.0
2026-04-13T02:00Z,14.9,82.0,0.0
2026-04-13T03:00Z,14.4,83.0,0.0
2026-04-13T04:00Z,14.6,79.0,0.0
2026-04-13T05:00Z,14.6,77.0,1.0
2026-04-13T06:00Z,16.0,72.0,68.0
2026-04-13T07:00Z,17.7,67.0,240.0
2026-04-13T08:00Z,19.2,61.0,437.0
2026-04-13T09:00Z,20.8,55.0,616.0
2026-04-13T10:00Z,22.0,50.0,740.0
2026-04-13T11:00Z,22.5,50.0,763.0
2026-04-13T12:00Z,22.7,47.0,762.0
2026-04-13T13:00Z,21.7,52.0,667.0
2026-04-13T14:00Z,21.0,58.0,575.0
2026-04-13T15:00Z,19.6,62.0,260.0
2026-04-13T16:00Z,18.7,67.0,191.0
2026-04-13T17:00Z,18.7,65.0,147.0
2026-04-13T18:00Z,17.2,75.0,19.0
2026-04-13T19:00Z,16.6,80.0,0.0
2026-04-13T20:00Z,16.0,87.0,0.0
2026-04-13T21:00Z,15.5,95.0,0.0
2026-04-13T22:00Z,15.0,98.0,0.0
2026-04-13T23:00Z,14.2,98.0,0.0
2026-04-14T00:00Z,14.4,92.0,0.0
2026-04-14T01:00Z,13.9,94.0,0.0
2026-04-14T02:00Z,13.4,94.0,0.0
2026-04-14T03:00Z,13.2,95.0,0.0
2026-04-14T04:00Z,13.1,95.0,0.0
2026-04-14T05:00Z,12.9,96.0,1.0
2026-04-14T06:00Z,13.9,92.0,57.0
2026-04-14T07:00Z,14.5,87.0,125.0
2026-04-14T08:00Z,14.6,83.0,90.0
2026-04-14T09:00Z,15.2,84.0,255.0
2026-04-14T10:00Z,14.9,86.0,115.0
2026-04-14T11:00Z,15.3,85.0,172.0
2026-04-14T12:00Z,16.6,75.0,598.0
2026-04-14T13:00Z,16.0,75.0,329.0
2026-04-14T14:00Z,15.5,82.0,347.0
2026-04-14T15:00Z,14.1,90.0,94.0
2026-04-14T16:00Z,14.1,88.0,50.0
2026-04-14T17:00Z,14.0,86.0,48.0
2026-04-14T18:00Z,13.7,85.0,16.0
2026-04-14T19:00Z,13.2,85.0,0.0
2026-04-14T20:00Z,13.5,83.0,0.0
2026-04-14T21:00Z,13.5,82.0,0.0
2026-04-14T22:00Z,13.3,82.0,0.0
2026-04-14T23:00Z,13.1,82.0,0.0
2026-04-15T00:00Z,13.1,78.0,0.0
2026-04-15T01:00Z,12.9,79.0,0.0
2026-04-15T02:00Z,12.9,79.0,0.0
2026-04-15T03:00Z,13.1,79.0,0.0
2026-04-15T04:00Z,12.9,81.0,0.0
2026-04-15T05:00Z,12.9,83.0,1.0
2026-04-15T06:00Z,13.8,85.0,59.0
2026-04-15T07:00Z,14.6,83.0,124.0
2026-04-15T08:00Z,14.9,85.0,192.0
2026-04-15T09:00Z,16.5,78.0,409.0
2026-04-15T10:00Z,17.9,71.0,623.0
2026-04-15T11:00Z,19.0,66.0,752.0
2026-04-15T12:00Z,18.0,73.0,511.0
2026-04-15T13:00Z,17.5,75.0,576.0
2026-04-15T14:00Z,17.8,74.0,495.0
2026-04-15T15:00Z,16.9,78.0,329.0
2026-04-15T16:00Z,16.5,79.0,303.0
2026-04-15T17:00Z,15.1,86.0,105.0
2026-04-15T18:00Z,14.4,90.0,10.0
2026-04-15T19:00Z,14.4,92.0,0.0
2026-04-15T20:00Z,14.1,93.0,0.0
2026-04-15T21:00Z,14.1,91.0,0.0
2026-04-15T22:00Z,14.0,92.0,0.0
2026-04-15T23:00Z,13.9,91.0,0.0
2026-04-16T00:00Z,13.9,90.0,0.0
2026-04-16T01:00Z,13.9,90.0,0.0
2026-04-16T02:00Z,13.8,91.0,0.0
2026-04-16T03:00Z,13.9,92.0,0.0
2026-04-16T04:00Z,14.0,94.0,0.0
2026-04-16T05:00Z,14.1,94.0,1.0
2026-04-16T06:00Z,14.1,94.0,47.0
2026-04-16T07:00Z,15.1,91.0,78.0
2026-04-16T08:00Z,16.9,85.0,298.0
2026-04-16T09:00Z,17.6,80.0,326.0
2026-04-16T10:00Z,18.2,76.0,321.0
2026-04-16T11:00Z,20.0,69.0,622.0
2026-04-16T12:00Z,18.5,71.0,487.0
2026-04-16T13:00Z,19.5,75.0,564.0
2026-04-16T14:00Z,20.1,70.0,635.0
2026-04-16T15:00Z,19.9,72.0,478.0
2026-04-16T16:00Z,19.3,71.0,294.0
2026-04-16T17:00Z,18.1,79.0,163.0
2026-04-16T18:00Z,16.9,83.0,33.0
2026-04-16T19:00Z,15.9,84.0,0.0
2026-04-16T20:00Z,15.3,85.0,0.0
2026-04-16T21:00Z,14.8,87.0,0.0
2026-04-16T22:00Z,14.4,89.0,0.0
2026-04-16T23:00Z,14.1,91.0,0.0
2026-04-17T00:00Z,14.1,92.0,0.0
2026-04-17T01:00Z,13.8,92.0,0.0
2026-04-17T02:00Z,13.7,92.0,0.0
2026-04-17T03:00Z,13.6,92.0,0.0
2026-04-17T04:00Z,13.5,91.0,0.0
2026-04-17T05:00Z,13.4,91.0,2.0
2026-04-17T06:00Z,14.4,87.0,75.0
2026-04-17T07:00Z,15.8,82.0,235.0
2026-04-17T08:00Z,17.1,75.0,398.0
2026-04-17T09:00Z,18.6,69.0,559.0
2026-04-17T10:00Z,19.5,67.0,623.0
2026-04-17T11:00Z,20.1,64.0,638.0
2026-04-17T12:00Z,20.8,60.0,674.0
2026-04-17T13:00Z,21.1,58.0,756.0
2026-04-17T14:00Z,20.9,59.0,641.0
2026-04-17T15:00Z,20.4,63.0,519.0
2026-04-17T16:00Z,19.5,67.0,345.0
2026-04-17T17:00Z,18.2,73.0,183.0
2026-04-17T18:00Z,17.1,77.0,35.0
2026-04-17T19:00Z,15.9,82.0,0.0
2026-04-17T20:00Z,15.1,85.0,0.0
2026-04-17T21:00Z,14.5,87.0,0.0
2026-04-17T22:00Z,14.1,88.0,0.0
2026-04-17T23:00Z,13.6,89.0,0.0
2026-04-18T00:00Z,13.3,91.0,0.0
2026-04-18T01:00Z,12.9,92.0,0.0
2026-04-18T02:00Z,12.8,92.0,0.0
2026-04-18T03:00Z,12.6,91.0,0.0
2026-04-18T04:00Z,12.6,91.0,0.0
2026-04-18T05:00Z,12.4,90.0,2.0
2026-04-18T06:00Z,13.6,85.0,82.0
2026-04-18T07:00Z,15.6,78.0,258.0
2026-04-18T08:00Z,17.8,71.0,455.0
2026-04-18T09:00Z,19.6,67.0,633.0
2026-04-18T10:00Z,21.0,64.0,769.0
2026-04-18T11:00Z,22.0,62.0,851.0
2026-04-18T12:00Z,22.7,59.0,868.0
2026-04-18T13:00Z,23.0,57.0,827.0
2026-04-18T14:00Z,22.8,56.0,722.0
2026-04-18T15:00Z,22.0,58.0,569.0
2026-04-18T16:00Z,20.9,61.0,382.0
2026-04-18T17:00Z,19.5,66.0,188.0
2026-04-18T18:00Z,18.2,70.0,37.0
2026-04-18T19:00Z,16.9,75.0,0.0
2026-04-18T20:00Z,15.8,78.0,0.0
2026-04-18T21:00Z,15.1,79.0,0.0
2026-04-18T22:00Z,14.6,79.0,0.0
2026-04-18T23:00Z,14.2,79.0,0.0
2026-04-19T00:00Z,14.0,80.0,0.0
2026-04-19T01:00Z,13.4,82.0,0.0
2026-04-19T02:00Z,12.8,84.0,0.0
2026-04-19T03:00Z,12.1,86.0,0.0
2026-04-19T04:00Z,11.6,88.0,0.0
2026-04-19T05:00Z,11.3,88.0,3.0
2026-04-19T06:00Z,12.6,86.0,86.0
2026-04-19T07:00Z,14.8,80.0,265.0
2026-04-19T08:00Z,17.4,68.0,463.0
2026-04-19T09:00Z,19.4,61.0,641.0
2026-04-19T10:00Z,21.1,59.0,775.0
2026-04-19T11:00Z,22.4,56.0,854.0
2026-04-19T12:00Z,23.4,53.0,872.0
2026-04-19T13:00Z,23.7,52.0,823.0
2026-04-19T14:00Z,23.2,54.0,704.0
2026-04-19T15:00Z,22.6,56.0,569.0
2026-04-19T16:00Z,21.5,59.0,386.0
2026-04-19T17:00Z,20.1,64.0,192.0
2026-04-19T18:00Z,18.0,72.0,39.0
2026-04-19T19:00Z,16.6,79.0,0.0
2026-04-19T20:00Z,15.8,83.0,0.0
2026-04-19T21:00Z,14.9,88.0,0.0
2026-04-19T22:00Z,13.9,89.0,0.0
2026-04-19T23:00Z,13.4,88.0,0.0
2026-04-20T00:00Z,12.8,93.0,0.0
2026-04-20T01:00Z,11.9,95.0,0.0
2026-04-20T02:00Z,11.8,97.0,0.0
2026-04-20T03:00Z,11.8,98.0,0.0
2026-04-20T04:00Z,11.6,100.0,0.0
2026-04-20T05:00Z,11.6,100.0,3.0
2026-04-20T06:00Z,13.3,100.0,88.0
2026-04-20T07:00Z,16.2,90.0,267.0
2026-04-20T08:00Z,19.2,74.0,465.0
2026-04-20T09:00Z,21.6,65.0,643.0
2026-04-20T10:00Z,23.5,59.0,779.0
2026-04-20T11:00Z,24.9,55.0,859.0
2026-04-20T12:00Z,25.5,52.0,878.0
2026-04-20T13:00Z,26.5,50.0,834.0
2026-04-20T14:00Z,27.0,47.0,722.0
2026-04-20T15:00Z,26.9,45.0,559.0
2026-04-20T16:00Z,26.0,48.0,372.0
2026-04-20T17:00Z,23.6,65.0,187.0
2026-04-20T18:00Z,21.1,76.0,39.0
2026-04-20T19:00Z,19.3,83.0,0.0
2026-04-20T20:00Z,18.2,86.0,0.0
2026-04-20T21:00Z,17.7,84.0,0.0
2026-04-20T22:00Z,17.5,82.0,0.0
2026-04-20T23:00Z,16.8,87.0,0.0
2026-04-21T00:00Z,16.2,92.0,0.0
2026-04-21T01:00Z,15.0,95.0,0.0
2026-04-21T02:00Z,14.4,96.0,0.0
2026-04-21T03:00Z,14.1,95.0,0.0
2026-04-21T04:00Z,14.1,94.0,0.0
2026-04-21T05:00Z,13.9,96.0,3.0
2026-04-21T06:00Z,14.8,96.0,87.0
2026-04-21T07:00Z,17.2,90.0,254.0
2026-04-21T08:00Z,19.9,84.0,430.0
2026-04-21T09:00Z,22.5,75.0,628.0
2026-04-21T10:00Z,24.7,65.0,773.0
2026-04-21T11:00Z,26.2,58.0,858.0
2026-04-21T12:00Z,26.9,53.0,879.0
2026-04-21T13:00Z,27.5,53.0,808.0
2026-04-21T14:00Z,26.5,55.0,731.0
2026-04-21T15:00Z,25.2,53.0,553.0
2026-04-21T16:00Z,23.6,58.0,363.0
2026-04-21T17:00Z,21.6,70.0,186.0
2026-04-21T18:00Z,20.1,81.0,40.0
2026-04-21T19:00Z,18.9,86.0,0.0
2026-04-21T20:00Z,18.0,92.0,0.0
2026-04-21T21:00Z,17.5,93.0,0.0
2026-04-21T22:00Z,16.9,96.0,0.0
2026-04-21T23:00Z,16.4,98.0,0.0
2026-04-22T00:00Z,16.0,100.0,0.0
2026-04-22T01:00Z,15.2,100.0,0.0
2026-04-22T02:00Z,15.1,100.0,0.0
2026-04-22T03:00Z,14.9,100.0,0.0
2026-04-22T04:00Z,14.8,100.0,0.0
2026-04-22T05:00Z,14.8,100.0,2.0
2026-04-22T06:00Z,15.6,100.0,49.0
2026-04-22T07:00Z,16.3,98.0,142.0
2026-04-22T08:00Z,18.5,90.0,308.0
2026-04-22T09:00Z,21.1,78.0,522.0
2026-04-22T10:00Z,23.6,63.0,728.0
2026-04-22T11:00Z,25.4,50.0,842.0
2026-04-22T12:00Z,25.9,48.0,868.0
2026-04-22T13:00Z,26.0,48.0,832.0
2026-04-22T14:00Z,25.0,52.0,689.0
2026-04-22T15:00Z,23.8,57.0,534.0
2026-04-22T16:00Z,22.4,64.0,301.0
2026-04-22T17:00Z,21.1,70.0,162.0
2026-04-22T18:00Z,19.0,79.0,40.0
2026-04-22T19:00Z,17.5,89.0,0.0
2026-04-22T20:00Z,17.0,93.0,0.0
2026-04-22T21:00Z,16.5,96.0,0.0
2026-04-22T22:00Z,16.5,95.0,0.0
2026-04-22T23:00Z,16.0,97.0,0.0
2026-04-23T00:00Z,15.7,99.0,0.0
2026-04-23T01:00Z,15.1,100.0,0.0
2026-04-23T02:00Z,14.6,100.0,0.0
2026-04-23T03:00Z,14.5,100.0,0.0
2026-04-23T04:00Z,14.9,100.0,0.0
2026-04-23T05:00Z,15.3,99.0,3.0
2026-04-23T06:00Z,16.9,93.0,69.0
2026-04-23T07:00Z,18.1,82.0,257.0
2026-04-23T08:00Z,19.1,74.0,426.0
2026-04-23T09:00Z,19.6,70.0,548.0
2026-04-23T10:00Z,20.5,61.0,763.0
2026-04-23T11:00Z,21.0,57.0,848.0
2026-04-23T12:00Z,20.9,59.0,881.0
2026-04-23T13:00Z,20.8,59.0,802.0
2026-04-23T14:00Z,19.9,60.0,627.0
2026-04-23T15:00Z,19.3,61.0,548.0
2026-04-23T16:00Z,18.5,62.0,369.0
2026-04-23T17:00Z,17.7,65.0,197.0
2026-04-23T18:00Z,17.0,70.0,42.0
2026-04-23T19:00Z,16.5,79.0,0.0
2026-04-23T20:00Z,16.1,82.0,0.0
2026-04-23T21:00Z,15.6,82.0,0.0
2026-04-23T22:00Z,15.1,82.0,0.0
2026-04-23T23:00Z,14.6,81.0,0.0
2026-04-24T00:00Z,13.9,85.0,0.0
2026-04-24T01:00Z,13.0,85.0,0.0
2026-04-24T02:00Z,12.6,84.0,0.0
2026-04-24T03:00Z,12.3,82.0,0.0
2026-04-24T04:00Z,12.1,82.0,0.0
2026-04-24T05:00Z,12.4,81.0,5.0
2026-04-24T06:00Z,14.2,78.0,104.0
2026-04-24T07:00Z,15.9,64.0,293.0
2026-04-24T08:00Z,17.1,52.0,497.0
2026-04-24T09:00Z,18.0,49.0,676.0
2026-04-24T10:00Z,18.9,49.0,807.0
2026-04-24T11:00Z,19.7,47.0,892.0
2026-04-24T12:00Z,20.5,43.0,914.0
2026-04-24T13:00Z,20.2,44.0,869.0
2026-04-24T14:00Z,19.5,47.0,761.0
2026-04-24T15:00Z,19.0,48.0,603.0
2026-04-24T16:00Z,18.4,50.0,410.0
2026-04-24T17:00Z,18.0,54.0,207.0
2026-04-24T18:00Z,17.1,63.0,46.0
2026-04-24T19:00Z,15.9,66.0,0.0
2026-04-24T20:00Z,15.0,67.0,0.0
2026-04-24T21:00Z,14.2,70.0,0.0
2026-04-24T22:00Z,13.5,75.0,0.0
2026-04-24T23:00Z,12.8,78.0,0.0
2026-04-25T00:00Z,12.2,85.0,0.0
2026-04-25T01:00Z,11.2,88.0,0.0
2026-04-25T02:00Z,10.9,91.0,0.0
2026-04-25T03:00Z,11.1,92.0,0.0
2026-04-25T04:00Z,11.0,93.0,0.0
2026-04-25T05:00Z,11.1,95.0,6.0
2026-04-25T06:00Z,12.9,89.0,106.0
2026-04-25T07:00Z,15.1,78.0,291.0
2026-04-25T08:00Z,17.3,70.0,491.0
2026-04-25T09:00Z,19.1,61.0,672.0
2026-04-25T10:00Z,20.4,53.0,707.0
2026-04-25T11:00Z,21.0,51.0,792.0
2026-04-25T12:00Z,21.1,51.0,830.0
2026-04-25T13:00Z,21.5,50.0,856.0
2026-04-25T14:00Z,21.1,49.0,757.0
2026-04-25T15:00Z,20.4,51.0,601.0
2026-04-25T16:00Z,19.8,55.0,407.0
2026-04-25T17:00Z,19.2,62.0,208.0
2026-04-25T18:00Z,18.3,68.0,48.0
2026-04-25T19:00Z,16.9,73.0,0.0
2026-04-25T20:00Z,15.8,80.0,0.0
2026-04-25T21:00Z,14.9,88.0,0.0
2026-04-25T22:00Z,14.4,91.0,0.0
2026-04-25T23:00Z,14.1,92.0,0.0
2026-04-26T00:00Z,13.7,92.0,0.0
2026-04-26T01:00Z,12.9,94.0,0.0
2026-04-26T02:00Z,12.6,96.0,0.0
2026-04-26T03:00Z,12.1,94.0,0.0
2026-04-26T04:00Z,11.9,92.0,0.0
2026-04-26T05:00Z,11.9,93.0,6.0
2026-04-26T06:00Z,13.2,91.0,107.0
2026-04-26T07:00Z,15.4,77.0,291.0
2026-04-26T08:00Z,18.0,64.0,488.0
2026-04-26T09:00Z,20.2,57.0,664.0
2026-04-26T10:00Z,21.9,52.0,797.0
2026-04-26T11:00Z,23.5,49.0,876.0
2026-04-26T12:00Z,23.6,48.0,891.0
2026-04-26T13:00Z,24.6,49.0,780.0
2026-04-26T14:00Z,24.0,52.0,469.0
2026-04-26T15:00Z,23.6,53.0,455.0
2026-04-26T16:00Z,23.0,57.0,312.0
2026-04-26T17:00Z,22.0,62.0,167.0
2026-04-26T18:00Z,20.1,70.0,43.0
2026-04-26T19:00Z,18.5,75.0,0.0
2026-04-26T20:00Z,17.4,79.0,0.0
2026-04-26T21:00Z,16.6,86.0,0.0
2026-04-26T22:00Z,16.0,88.0,0.0
2026-04-26T23:00Z,15.9,87.0,0.0
2026-04-27T00:00Z,15.8,89.0,0.0
2026-04-27T01:00Z,15.2,91.0,0.0
2026-04-27T02:00Z,15.1,95.0,0.0
2026-04-27T03:00Z,14.9,94.0,0.0
2026-04-27T04:00Z,14.9,95.0,0.0
2026-04-27T05:00Z,14.7,96.0,6.0
2026-04-27T06:00Z,16.2,89.0,102.0
2026-04-27T07:00Z,17.8,81.0,233.0
2026-04-27T08:00Z,19.5,75.0,387.0
2026-04-27T09:00Z,21.0,71.0,499.0
2026-04-27T10:00Z,22.6,65.0,682.0
2026-04-27T11:00Z,24.1,58.0,864.0
2026-04-27T12:00Z,24.4,57.0,849.0
2026-04-27T13:00Z,24.6,54.0,663.0
2026-04-27T14:00Z,23.4,49.0,280.0
2026-04-27T15:00Z,23.0,45.0,414.0
2026-04-27T16:00Z,22.2,47.0,331.0
2026-04-27T17:00Z,21.1,55.0,183.0
2026-04-27T18:00Z,19.5,63.0,48.0
2026-04-27T19:00Z,18.0,72.0,0.0
2026-04-27T20:00Z,16.9,79.0,0.0
2026-04-27T21:00Z,15.9,85.0,0.0
2026-04-27T22:00Z,15.4,87.0,0.0
2026-04-27T23:00Z,14.9,90.0,0.0
2026-04-28T00:00Z,14.6,94.0,0.0
2026-04-28T01:00Z,14.1,95.0,0.0
2026-04-28T02:00Z,13.8,96.0,0.0
2026-04-28T03:00Z,13.8,97.0,0.0
2026-04-28T04:00Z,13.1,100.0,0.0
2026-04-28T05:00Z,13.0,100.0,8.0
2026-04-28T06:00Z,14.9,96.0,109.0
2026-04-28T07:00Z,17.1,85.0,291.0
2026-04-28T08:00Z,19.4,72.0,492.0
2026-04-28T09:00Z,21.2,63.0,667.0
2026-04-28T10:00Z,22.8,58.0,794.0
2026-04-28T11:00Z,24.0,53.0,867.0
2026-04-28T12:00Z,25.0,46.0,889.0
2026-04-28T13:00Z,25.7,43.0,847.0
2026-04-28T14:00Z,25.5,42.0,744.0
2026-04-28T15:00Z,24.6,45.0,591.0
2026-04-28T16:00Z,23.4,52.0,394.0
2026-04-28T17:00Z,22.0,58.0,186.0
2026-04-28T18:00Z,20.5,66.0,48.0
2026-04-28T19:00Z,18.9,74.0,0.0
2026-04-28T20:00Z,17.9,81.0,0.0
2026-04-28T21:00Z,17.3,85.0,0.0
2026-04-28T22:00Z,17.2,83.0,0.0
2026-04-28T23:00Z,16.8,84.0,0.0
2026-04-29T00:00Z,17.0,84.0,0.0
2026-04-29T01:00Z,16.9,84.0,0.0
2026-04-29T02:00Z,16.7,85.0,0.0
2026-04-29T03:00Z,16.5,86.0,0.0
2026-04-29T04:00Z,16.1,87.0,0.0
2026-04-29T05:00Z,16.0,89.0,8.0
2026-04-29T06:00Z,17.5,87.0,111.0
2026-04-29T07:00Z,19.1,79.0,245.0
2026-04-29T08:00Z,20.9,71.0,488.0
2026-04-29T09:00Z,22.6,65.0,655.0
2026-04-29T10:00Z,24.4,55.0,798.0
2026-04-29T11:00Z,25.2,49.0,860.0
2026-04-29T12:00Z,25.4,46.0,868.0
2026-04-29T13:00Z,25.2,46.0,847.0
2026-04-29T14:00Z,24.6,47.0,745.0
2026-04-29T15:00Z,23.9,51.0,552.0
2026-04-29T16:00Z,22.9,55.0,377.0
2026-04-29T17:00Z,21.5,62.0,209.0
2026-04-29T18:00Z,20.2,69.0,49.0
2026-04-29T19:00Z,19.0,78.0,0.0
2026-04-29T20:00Z,18.5,80.0,0.0
2026-04-29T21:00Z,18.5,81.0,0.0
2026-04-29T22:00Z,18.2,83.0,0.0
2026-04-29T23:00Z,17.0,89.0,0.0
2026-04-30T00:00Z,17.1,89.0,0.0
2026-04-30T01:00Z,15.9,95.0,0.0
2026-04-30T02:00Z,15.8,98.0,0.0
2026-04-30T03:00Z,15.0,100.0,0.0
2026-04-30T04:00Z,15.1,100.0,0.0
2026-04-30T05:00Z,15.1,99.0,8.0
2026-04-30T06:00Z,15.8,98.0,96.0
2026-04-30T07:00Z,17.7,91.0,224.0
2026-04-30T08:00Z,20.9,78.0,476.0
2026-04-30T09:00Z,23.9,66.0,661.0
2026-04-30T10:00Z,26.1,56.0,794.0
2026-04-30T11:00Z,27.6,51.0,874.0
2026-04-30T12:00Z,28.5,45.0,892.0
2026-04-30T13:00Z,27.4,52.0,842.0
2026-04-30T14:00Z,24.1,66.0,737.0
2026-04-30T15:00Z,23.6,67.0,569.0
2026-04-30T16:00Z,22.5,72.0,403.0
2026-04-30T17:00Z,20.8,79.0,211.0
2026-04-30T18:00Z,19.2,87.0,53.0
2026-04-30T19:00Z,18.2,90.0,0.0
2026-04-30T20:00Z,17.7,93.0,0.0
2026-04-30T21:00Z,17.4,96.0,0.0
2026-04-30T22:00Z,17.1,97.0,0.0
2026-04-30T23:00Z,16.9,95.0,0.0
2026-05-01T00:00Z,16.5,97.0,0.0
2026-05-01T01:00Z,15.9,97.0,0.0
2026-05-01T02:00Z,15.8,98.0,0.0
2026-05-01T03:00Z,15.4,100.0,0.0
2026-05-01T04:00Z,15.0,100.0,0.0
2026-05-01T05:00Z,15.1,100.0,8.0
2026-05-01T06:00Z,17.5,91.0,92.0
2026-05-01T07:00Z,19.1,79.0,290.0
2026-05-01T08:00Z,20.4,71.0,454.0
2026-05-01T09:00Z,21.2,69.0,592.0
2026-05-01T10:00Z,21.6,68.0,615.0
2026-05-01T11:00Z,22.0,69.0,595.0
2026-05-01T12:00Z,22.6,65.0,563.0
2026-05-01T13:00Z,22.1,65.0,735.0
2026-05-01T14:00Z,21.5,59.0,629.0
2026-05-01T15:00Z,20.7,66.0,500.0
2026-05-01T16:00Z,19.4,76.0,267.0
2026-05-01T17:00Z,18.6,73.0,151.0
2026-05-01T18:00Z,18.0,77.0,35.0
2026-05-01T19:00Z,17.5,79.0,0.0
2026-05-01T20:00Z,17.1,75.0,0.0
2026-05-01T21:00Z,16.5,69.0,0.0
2026-05-01T22:00Z,16.2,66.0,0.0
2026-05-01T23:00Z,15.8,70.0,0.0
2026-05-02T00:00Z,15.6,70.0,0.0
2026-05-02T01:00Z,14.9,72.0,0.0
2026-05-02T02:00Z,14.6,70.0,0.0
2026-05-02T03:00Z,14.3,69.0,0.0
2026-05-02T04:00Z,13.9,72.0,0.0
2026-05-02T05:00Z,13.9,74.0,11.0
2026-05-02T06:00Z,15.7,70.0,124.0
2026-05-02T07:00Z,17.4,54.0,311.0
2026-05-02T08:00Z,18.3,48.0,515.0
2026-05-02T09:00Z,19.1,46.0,683.0
2026-05-02T10:00Z,19.7,45.0,804.0
2026-05-02T11:00Z,20.0,44.0,899.0
2026-05-02T12:00Z,20.5,42.0,924.0
2026-05-02T13:00Z,20.6,43.0,878.0
2026-05-02T14:00Z,20.0,47.0,762.0
2026-05-02T15:00Z,19.5,44.0,585.0
2026-05-02T16:00Z,18.7,41.0,424.0
2026-05-02T17:00Z,17.6,47.0,230.0
2026-05-02T18:00Z,16.9,53.0,61.0
2026-05-02T19:00Z,15.9,61.0,0.0
2026-05-02T20:00Z,15.1,68.0,0.0
2026-05-02T21:00Z,14.7,71.0,0.0
2026-05-02T22:00Z,14.1,77.0,0.0
2026-05-02T23:00Z,13.2,82.0,0.0
2026-05-03T00:00Z,12.9,80.0,0.0
2026-05-03T01:00Z,11.3,84.0,0.0
2026-05-03T02:00Z,10.6,85.0,0.0
2026-05-03T03:00Z,10.0,87.0,0.0
2026-05-03T04:00Z,9.8,89.0,0.0
2026-05-03T05:00Z,10.7,87.0,12.0
2026-05-03T06:00Z,13.2,79.0,114.0
2026-05-03T07:00Z,16.0,65.0,318.0
2026-05-03T08:00Z,18.4,54.0,522.0
2026-05-03T09:00Z,20.2,47.0,694.0
2026-05-03T10:00Z,22.0,41.0,819.0
2026-05-03T11:00Z,23.5,38.0,893.0
2026-05-03T12:00Z,24.5,36.0,889.0
2026-05-03T13:00Z,25.4,35.0,786.0
2026-05-03T14:00Z,25.5,35.0,697.0
2026-05-03T15:00Z,23.9,43.0,577.0
2026-05-03T16:00Z,22.9,49.0,418.0
2026-05-03T17:00Z,21.5,55.0,206.0
2026-05-03T18:00Z,20.1,66.0,52.0
2026-05-03T19:00Z,18.9,74.0,0.0
2026-05-03T20:00Z,18.3,77.0,0.0
2026-05-03T21:00Z,18.5,72.0,0.0
2026-05-03T22:00Z,18.5,61.0,0.0
2026-05-03T23:00Z,18.0,60.0,0.0
2026-05-04T00:00Z,17.5,61.0,0.0
2026-05-04T01:00Z,17.0,61.0,0.0
2026-05-04T02:00Z,16.5,65.0,0.0
2026-05-04T03:00Z,16.1,69.0,0.0
2026-05-04T04:00Z,15.9,73.0,0.0
2026-05-04T05:00Z,15.9,75.0,12.0
2026-05-04T06:00Z,17.3,74.0,124.0
2026-05-04T07:00Z,19.5,68.0,305.0
2026-05-04T08:00Z,22.4,59.0,497.0
2026-05-04T09:00Z,24.8,50.0,668.0
2026-05-04T10:00Z,26.8,44.0,798.0
2026-05-04T11:00Z,28.1,41.0,877.0
2026-05-04T12:00Z,28.2,40.0,888.0
2026-05-04T13:00Z,28.4,37.0,682.0
2026-05-04T14:00Z,27.2,41.0,420.0
2026-05-04T15:00Z,26.7,44.0,530.0
2026-05-04T16:00Z,25.7,46.0,387.0
2026-05-04T17:00Z,23.9,51.0,176.0
2026-05-04T18:00Z,22.5,56.0,43.0
2026-05-04T19:00Z,21.4,59.0,0.0
2026-05-04T20:00Z,20.9,59.0,0.0
2026-05-04T21:00Z,20.2,62.0,0.0
2026-05-04T22:00Z,19.8,61.0,0.0
2026-05-04T23:00Z,18.8,64.0,0.0
2026-05-05T00:00Z,18.5,67.0,0.0
2026-05-05T01:00Z,17.6,68.0,0.0
2026-05-05T02:00Z,17.5,64.0,0.0
2026-05-05T03:00Z,17.5,61.0,0.0
2026-05-05T04:00Z,17.1,61.0,0.0
2026-05-05T05:00Z,17.4,59.0,13.0
2026-05-05T06:00Z,18.3,64.0,113.0
2026-05-05T07:00Z,20.4,54.0,307.0
2026-05-05T08:00Z,22.8,48.0,506.0
2026-05-05T09:00Z,24.8,44.0,675.0
2026-05-05T10:00Z,26.4,39.0,799.0
2026-05-05T11:00Z,27.5,37.0,838.0
2026-05-05T12:00Z,27.6,34.0,816.0
2026-05-05T13:00Z,27.6,35.0,827.0
2026-05-05T14:00Z,26.8,35.0,612.0
2026-05-05T15:00Z,26.0,36.0,550.0
2026-05-05T16:00Z,24.0,42.0,246.0
2026-05-05T17:00Z,22.6,50.0,192.0
2026-05-05T18:00Z,21.8,57.0,31.0
2026-05-05T19:00Z,20.1,68.0,0.0
2026-05-05T20:00Z,19.2,73.0,0.0
2026-05-05T21:00Z,18.5,77.0,0.0
2026-05-05T22:00Z,18.0,79.0,0.0
2026-05-05T23:00Z,17.8,82.0,0.0
2026-05-06T00:00Z,17.1,87.0,0.0
2026-05-06T01:00Z,17.1,90.0,0.0
2026-05-06T02:00Z,17.0,92.0,0.0
2026-05-06T03:00Z,16.8,93.0,0.0
2026-05-06T04:00Z,16.0,97.0,0.0
2026-05-06T05:00Z,15.9,98.0,14.0
2026-05-06T06:00Z,17.4,93.0,125.0
2026-05-06T07:00Z,18.9,85.0,155.0
2026-05-06T08:00Z,20.0,79.0,198.0
2026-05-06T09:00Z,20.9,75.0,234.0
2026-05-06T10:00Z,20.7,74.0,134.0
2026-05-06T11:00Z,21.9,66.0,363.0
2026-05-06T12:00Z,22.0,64.0,334.0
2026-05-06T13:00Z,21.6,64.0,430.0
2026-05-06T14:00Z,22.0,63.0,700.0
2026-05-06T15:00Z,21.8,64.0,570.0
2026-05-06T16:00Z,20.8,70.0,370.0
2026-05-06T17:00Z,19.5,76.0,166.0
2026-05-06T18:00Z,18.6,84.0,63.0
2026-05-06T19:00Z,17.9,89.0,0.0
2026-05-06T20:00Z,17.8,89.0,0.0
2026-05-06T21:00Z,17.4,90.0,0.0
2026-05-06T22:00Z,17.4,88.0,0.0
2026-05-06T23:00Z,17.2,87.0,0.0
2026-05-07T00:00Z,17.1,86.0,0.0
2026-05-07T01:00Z,16.8,87.0,0.0
2026-05-07T02:00Z,16.6,87.0,0.0
2026-05-07T03:00Z,16.5,87.0,0.0
2026-05-07T04:00Z,16.2,87.0,0.0
2026-05-07T05:00Z,16.3,89.0,15.0
2026-05-07T06:00Z,17.5,88.0,130.0
2026-05-07T07:00Z,19.4,79.0,314.0
2026-05-07T08:00Z,21.0,66.0,506.0
2026-05-07T09:00Z,21.9,59.0,625.0
2026-05-07T10:00Z,22.5,55.0,781.0
2026-05-07T11:00Z,23.0,53.0,847.0
2026-05-07T12:00Z,22.8,53.0,873.0
2026-05-07T13:00Z,22.9,51.0,665.0
2026-05-07T14:00Z,23.0,51.0,665.0
2026-05-07T15:00Z,22.4,52.0,439.0
2026-05-07T16:00Z,20.8,58.0,127.0
2026-05-07T17:00Z,19.4,66.0,67.0
2026-05-07T18:00Z,18.3,77.0,6.0
2026-05-07T19:00Z,17.9,85.0,0.0
2026-05-07T20:00Z,17.7,86.0,0.0
2026-05-07T21:00Z,17.5,87.0,0.0
2026-05-07T22:00Z,16.8,92.0,0.0
2026-05-07T23:00Z,16.5,96.0,0.0
2026-05-08T00:00Z,17.0,88.0,0.0
2026-05-08T01:00Z,16.3,93.0,0.0
2026-05-08T02:00Z,15.9,94.0,0.0
2026-05-08T03:00Z,15.6,97.0,0.0
2026-05-08T04:00Z,15.3,97.0,0.0
2026-05-08T05:00Z,15.4,96.0,16.0
2026-05-08T06:00Z,16.6,94.0,134.0
2026-05-08T07:00Z,19.0,80.0,317.0
2026-05-08T08:00Z,21.0,66.0,517.0
2026-05-08T09:00Z,22.5,58.0,639.0
2026-05-08T10:00Z,23.7,52.0,684.0
2026-05-08T11:00Z,24.7,48.0,791.0
2026-05-08T12:00Z,24.7,49.0,865.0
2026-05-08T13:00Z,25.1,48.0,847.0
2026-05-08T14:00Z,25.0,49.0,749.0
2026-05-08T15:00Z,24.0,53.0,604.0
2026-05-08T16:00Z,22.5,60.0,423.0
2026-05-08T17:00Z,20.5,68.0,230.0
2026-05-08T18:00Z,19.2,77.0,66.0
2026-05-08T19:00Z,18.3,83.0,1.0
2026-05-08T20:00Z,17.9,88.0,0.0
2026-05-08T21:00Z,17.5,89.0,0.0
2026-05-08T22:00Z,16.9,94.0,0.0
2026-05-08T23:00Z,16.5,96.0,0.0
2026-05-09T00:00Z,16.1,98.0,0.0
2026-05-09T01:00Z,15.6,99.0,0.0
2026-05-09T02:00Z,15.1,100.0,0.0
2026-05-09T03:00Z,14.9,99.0,0.0
2026-05-09T04:00Z,14.9,100.0,0.0
2026-05-09T05:00Z,15.1,99.0,15.0
2026-05-09T06:00Z,16.5,93.0,113.0
2026-05-09T07:00Z,18.8,77.0,277.0
2026-05-09T08:00Z,21.0,65.0,489.0
2026-05-09T09:00Z,22.9,60.0,634.0
2026-05-09T10:00Z,24.5,54.0,635.0
2026-05-09T11:00Z,25.6,48.0,603.0
2026-05-09T12:00Z,26.6,45.0,502.0
2026-05-09T13:00Z,25.5,47.0,654.0
2026-05-09T14:00Z,25.0,47.0,643.0
2026-05-09T15:00Z,24.2,48.0,471.0
2026-05-09T16:00Z,23.2,51.0,377.0
2026-05-09T17:00Z,22.1,57.0,216.0
2026-05-09T18:00Z,21.4,62.0,52.0
2026-05-09T19:00Z,21.1,61.0,1.0
2026-05-09T20:00Z,20.8,61.0,0.0
2026-05-09T21:00Z,19.6,69.0,0.0
2026-05-09T22:00Z,18.8,80.0,0.0
2026-05-09T23:00Z,18.4,86.0,0.0
2026-05-10T00:00Z,18.1,85.0,0.0
2026-05-10T01:00Z,17.8,88.0,0.0
2026-05-10T02:00Z,17.9,87.0,0.0
2026-05-10T03:00Z,18.1,83.0,0.0
2026-05-10T04:00Z,17.7,84.0,0.0
2026-05-10T05:00Z,17.5,84.0,18.0
2026-05-10T06:00Z,18.9,79.0,139.0
2026-05-10T07:00Z,20.0,70.0,325.0
2026-05-10T08:00Z,21.5,62.0,517.0
2026-05-10T09:00Z,23.0,53.0,679.0
2026-05-10T10:00Z,24.0,50.0,819.0
2026-05-10T11:00Z,24.9,47.0,904.0
2026-05-10T12:00Z,25.8,43.0,922.0
2026-05-10T13:00Z,26.4,41.0,876.0
2026-05-10T14:00Z,26.4,40.0,770.0
2026-05-10T15:00Z,25.8,41.0,623.0
2026-05-10T16:00Z,24.8,43.0,438.0
2026-05-10T17:00Z,23.3,47.0,238.0
2026-05-10T18:00Z,21.7,54.0,72.0
2026-05-10T19:00Z,20.2,62.0,1.0
2026-05-10T20:00Z,19.3,68.0,0.0
2026-05-10T21:00Z,18.5,72.0,0.0
2026-05-10T22:00Z,18.0,75.0,0.0
2026-05-10T23:00Z,17.2,80.0,0.0
2026-05-11T00:00Z,16.5,88.0,0.0
2026-05-11T01:00Z,15.5,92.0,0.0
2026-05-11T02:00Z,15.1,92.0,0.0
2026-05-11T03:00Z,14.8,95.0,0.0
2026-05-11T04:00Z,15.0,91.0,0.0
2026-05-11T05:00Z,15.9,87.0,17.0
2026-05-11T06:00Z,18.4,78.0,127.0
2026-05-11T07:00Z,21.2,67.0,298.0
2026-05-11T08:00Z,23.9,59.0,492.0
2026-05-11T09:00Z,26.8,50.0,666.0
2026-05-11T10:00Z,29.1,42.0,770.0
2026-05-11T11:00Z,31.0,36.0,886.0
2026-05-11T12:00Z,32.3,31.0,904.0
2026-05-11T13:00Z,33.5,29.0,870.0
2026-05-11T14:00Z,33.7,29.0,760.0
2026-05-11T15:00Z,32.2,33.0,561.0
2026-05-11T16:00Z,31.0,34.0,414.0
2026-05-11T17:00Z,29.2,40.0,237.0
2026-05-11T18:00Z,28.5,44.0,72.0
2026-05-11T19:00Z,24.3,59.0,1.0
2026-05-11T20:00Z,21.6,64.0,0.0
2026-05-11T21:00Z,20.4,69.0,0.0
2026-05-11T22:00Z,19.8,67.0,0.0
2026-05-11T23:00Z,19.2,62.0,0.0
2026-05-12T00:00Z,18.5,62.0,0.0
2026-05-12T01:00Z,17.9,67.0,0.0
2026-05-12T02:00Z,17.4,71.0,0.0
2026-05-12T03:00Z,17.0,73.0,0.0
2026-05-12T04:00Z,16.9,76.0,0.0
2026-05-12T05:00Z,17.0,78.0,20.0
2026-05-12T06:00Z,18.5,69.0,147.0
2026-05-12T07:00Z,20.5,60.0,334.0
2026-05-12T08:00Z,22.3,51.0,486.0
2026-05-12T09:00Z,24.2,44.0,704.0
2026-05-12T10:00Z,26.0,38.0,825.0
2026-05-12T11:00Z,27.0,36.0,842.0
2026-05-12T12:00Z,28.2,34.0,869.0
2026-05-12T13:00Z,27.9,35.0,741.0
2026-05-12T14:00Z,27.7,36.0,661.0
2026-05-12T15:00Z,26.8,39.0,453.0
2026-05-12T16:00Z,25.0,47.0,269.0
2026-05-12T17:00Z,23.5,55.0,148.0
2026-05-12T18:00Z,22.6,57.0,59.0
2026-05-12T19:00Z,21.3,62.0,2.0
2026-05-12T20:00Z,21.0,64.0,0.0
2026-05-12T21:00Z,20.5,66.0,0.0
2026-05-12T22:00Z,20.2,66.0,0.0
2026-05-12T23:00Z,19.9,67.0,0.0
2026-05-13T00:00Z,19.2,57.0,0.0
2026-05-13T01:00Z,18.2,58.0,0.0
2026-05-13T02:00Z,17.8,61.0,0.0
2026-05-13T03:00Z,17.6,66.0,0.0
2026-05-13T04:00Z,17.5,71.0,0.0
2026-05-13T05:00Z,18.0,72.0,14.0
2026-05-13T06:00Z,19.3,68.0,112.0
2026-05-13T07:00Z,21.0,55.0,257.0
2026-05-13T08:00Z,22.5,48.0,485.0
2026-05-13T09:00Z,24.0,45.0,696.0
2026-05-13T10:00Z,25.8,37.0,852.0
2026-05-13T11:00Z,26.5,32.0,919.0
2026-05-13T12:00Z,26.6,33.0,910.0
2026-05-13T13:00Z,26.1,33.0,828.0
2026-05-13T14:00Z,25.6,33.0,752.0
2026-05-13T15:00Z,24.5,37.0,613.0
2026-05-13T16:00Z,22.8,47.0,434.0
2026-05-13T17:00Z,21.5,50.0,250.0
2026-05-13T18:00Z,20.4,53.0,80.0
2026-05-13T19:00Z,19.4,59.0,2.0
2026-05-13T20:00Z,18.6,64.0,0.0
2026-05-13T21:00Z,18.0,67.0,0.0
2026-05-13T22:00Z,17.6,69.0,0.0
2026-05-13T23:00Z,17.2,72.0,0.0
2026-05-14T00:00Z,16.7,72.0,0.0
2026-05-14T01:00Z,15.9,78.0,0.0
2026-05-14T02:00Z,15.6,79.0,0.0
2026-05-14T03:00Z,15.4,80.0,0.0
2026-05-14T04:00Z,15.1,81.0,0.0
2026-05-14T05:00Z,15.2,79.0,23.0
2026-05-14T06:00Z,17.1,71.0,159.0
2026-05-14T07:00Z,19.8,58.0,355.0
2026-05-14T08:00Z,21.5,47.0,553.0
2026-05-14T09:00Z,23.0,41.0,725.0
2026-05-14T10:00Z,24.4,37.0,841.0
2026-05-14T11:00Z,25.6,32.0,911.0
2026-05-14T12:00Z,26.9,28.0,923.0
2026-05-14T13:00Z,27.5,27.0,900.0
2026-05-14T14:00Z,27.5,27.0,758.0
2026-05-14T15:00Z,26.0,33.0,588.0
2026-05-14T16:00Z,23.0,49.0,336.0
2026-05-14T17:00Z,21.5,51.0,152.0
2026-05-14T18:00Z,21.6,47.0,38.0
2026-05-14T19:00Z,21.5,48.0,1.0
2026-05-14T20:00Z,20.9,64.0,0.0
2026-05-14T21:00Z,20.7,67.0,0.0
2026-05-14T22:00Z,20.4,68.0,0.0
2026-05-14T23:00Z,19.8,73.0,0.0
2026-05-15T00:00Z,19.6,77.0,0.0
2026-05-15T01:00Z,19.5,76.0,0.0
2026-05-15T02:00Z,18.6,78.0,0.0
2026-05-15T03:00Z,18.1,80.0,0.0
2026-05-15T04:00Z,17.8,82.0,0.0
2026-05-15T05:00Z,17.6,83.0,22.0
2026-05-15T06:00Z,19.4,74.0,147.0
2026-05-15T07:00Z,21.6,64.0,304.0
2026-05-15T08:00Z,23.9,50.0,430.0
2026-05-15T09:00Z,26.0,40.0,692.0
2026-05-15T10:00Z,27.0,35.0,829.0
2026-05-15T11:00Z,27.5,33.0,879.0
2026-05-15T12:00Z,28.4,27.0,790.0
2026-05-15T13:00Z,28.5,26.0,685.0
2026-05-15T14:00Z,28.5,24.0,691.0
2026-05-15T15:00Z,27.9,25.0,578.0
2026-05-15T16:00Z,26.2,29.0,195.0
2026-05-15T17:00Z,24.0,38.0,107.0
2026-05-15T18:00Z,21.7,57.0,41.0
2026-05-15T19:00Z,20.9,67.0,1.0
2026-05-15T20:00Z,21.1,55.0,0.0
2026-05-15T21:00Z,21.2,49.0,0.0
2026-05-15T22:00Z,20.9,51.0,0.0
2026-05-15T23:00Z,20.5,55.0,0.0
2026-05-16T00:00Z,19.5,67.0,0.0
2026-05-16T01:00Z,19.0,70.0,0.0
2026-05-16T02:00Z,18.9,72.0,0.0
2026-05-16T03:00Z,18.8,72.0,0.0
2026-05-16T04:00Z,18.1,75.0,0.0
2026-05-16T05:00Z,17.1,76.0,19.0
2026-05-16T06:00Z,17.4,71.0,148.0
2026-05-16T07:00Z,18.0,64.0,318.0
2026-05-16T08:00Z,19.2,55.0,512.0
2026-05-16T09:00Z,20.3,46.0,727.0
2026-05-16T10:00Z,21.5,40.0,814.0
2026-05-16T11:00Z,22.0,37.0,817.0
2026-05-16T12:00Z,22.7,37.0,832.0
2026-05-16T13:00Z,22.5,33.0,905.0
2026-05-16T14:00Z,22.1,32.0,813.0
2026-05-16T15:00Z,21.5,35.0,660.0
2026-05-16T16:00Z,20.5,39.0,470.0
2026-05-16T17:00Z,19.3,44.0,226.0
2026-05-16T18:00Z,18.5,48.0,66.0
2026-05-16T19:00Z,17.6,53.0,3.0
2026-05-16T20:00Z,17.1,56.0,0.0
2026-05-16T21:00Z,16.6,59.0,0.0
2026-05-16T22:00Z,16.3,60.0,0.0
2026-05-16T23:00Z,16.0,61.0,0.0
2026-05-17T00:00Z,16.1,62.0,0.0
2026-05-17T01:00Z,16.1,60.0,0.0
2026-05-17T02:00Z,15.6,62.0,0.0
2026-05-17T03:00Z,15.3,63.0,0.0
2026-05-17T04:00Z,15.1,66.0,0.0
2026-05-17T05:00Z,14.1,81.0,9.0
2026-05-17T06:00Z,15.1,80.0,53.0
2026-05-17T07:00Z,17.3,65.0,324.0
2026-05-17T08:00Z,19.0,50.0,535.0
2026-05-17T09:00Z,19.8,46.0,603.0
2026-05-17T10:00Z,20.2,45.0,676.0
2026-05-17T11:00Z,20.5,45.0,477.0
2026-05-17T12:00Z,22.0,40.0,714.0
2026-05-17T13:00Z,22.0,39.0,815.0
2026-05-17T14:00Z,21.9,39.0,770.0
2026-05-17T15:00Z,21.2,41.0,581.0
2026-05-17T16:00Z,20.5,44.0,430.0
2026-05-17T17:00Z,19.4,50.0,260.0
2026-05-17T18:00Z,18.4,53.0,88.0
2026-05-17T19:00Z,17.4,62.0,3.0
2026-05-17T20:00Z,16.5,69.0,0.0
2026-05-17T21:00Z,15.8,74.0,0.0
2026-05-17T22:00Z,15.2,77.0,0.0
2026-05-17T23:00Z,14.8,79.0,0.0
2026-05-18T00:00Z,14.4,81.0,0.0
2026-05-18T01:00Z,13.9,81.0,0.0
2026-05-18T02:00Z,13.7,81.0,0.0
2026-05-18T03:00Z,13.4,83.0,0.0
2026-05-18T04:00Z,13.1,85.0,0.0
2026-05-18T05:00Z,13.5,83.0,27.0
2026-05-18T06:00Z,15.6,78.0,168.0
2026-05-18T07:00Z,17.7,68.0,362.0
2026-05-18T08:00Z,19.2,57.0,560.0
2026-05-18T09:00Z,20.5,48.0,731.0
2026-05-18T10:00Z,21.5,44.0,859.0
2026-05-18T11:00Z,22.8,39.0,930.0
2026-05-18T12:00Z,23.6,33.0,943.0
2026-05-18T13:00Z,23.6,33.0,790.0
2026-05-18T14:00Z,23.0,38.0,650.0
2026-05-18T15:00Z,22.2,46.0,614.0
2026-05-18T16:00Z,21.6,46.0,397.0
2026-05-18T17:00Z,20.7,47.0,245.0
2026-05-18T18:00Z,19.5,51.0,86.0
2026-05-18T19:00Z,18.1,63.0,3.0
2026-05-18T20:00Z,17.4,73.0,0.0
2026-05-18T21:00Z,16.9,77.0,0.0
2026-05-18T22:00Z,16.2,81.0,0.0
2026-05-18T23:00Z,15.5,83.0,0.0
2026-05-19T00:00Z,14.9,82.0,0.0
2026-05-19T01:00Z,14.1,83.0,0.0
2026-05-19T02:00Z,13.6,84.0,0.0
2026-05-19T03:00Z,13.2,86.0,0.0
2026-05-19T04:00Z,13.0,87.0,0.0
2026-05-19T05:00Z,13.6,84.0,27.0
2026-05-19T06:00Z,15.8,78.0,168.0
2026-05-19T07:00Z,18.2,65.0,362.0
2026-05-19T08:00Z,20.0,56.0,557.0
2026-05-19T09:00Z,21.6,47.0,726.0
2026-05-19T10:00Z,22.9,44.0,854.0
2026-05-19T11:00Z,23.9,38.0,901.0
2026-05-19T12:00Z,25.0,35.0,897.0
2026-05-19T13:00Z,25.4,34.0,894.0
2026-05-19T14:00Z,25.4,33.0,796.0
2026-05-19T15:00Z,25.2,31.0,646.0
2026-05-19T16:00Z,24.8,31.0,461.0
2026-05-19T17:00Z,23.6,35.0,262.0
2026-05-19T18:00Z,22.2,41.0,89.0
2026-05-19T19:00Z,20.5,55.0,3.0
2026-05-19T20:00Z,19.5,64.0,0.0
2026-05-19T21:00Z,18.9,68.0,0.0
2026-05-19T22:00Z,18.1,73.0,0.0
2026-05-19T23:00Z,17.2,77.0,0.0
2026-05-20T00:00Z,16.7,77.0,0.0
2026-05-20T01:00Z,15.6,80.0,0.0
2026-05-20T02:00Z,15.0,82.0,0.0
2026-05-20T03:00Z,14.4,83.0,0.0
2026-05-20T04:00Z,14.1,82.0,0.0
2026-05-20T05:00Z,14.4,80.0,28.0
2026-05-20T06:00Z,16.3,72.0,170.0
2026-05-20T07:00Z,19.4,56.0,365.0
2026-05-20T08:00Z,22.0,40.0,561.0
2026-05-20T09:00Z,24.0,32.0,733.0
2026-05-20T10:00Z,25.7,29.0,863.0
2026-05-20T11:00Z,27.0,28.0,936.0
2026-05-20T12:00Z,27.5,33.0,949.0
2026-05-20T13:00Z,26.5,43.0,901.0
2026-05-20T14:00Z,25.6,47.0,790.0
2026-05-20T15:00Z,25.0,48.0,645.0
2026-05-20T16:00Z,24.1,51.0,462.0
2026-05-20T17:00Z,23.1,52.0,265.0
2026-05-20T18:00Z,22.4,47.0,90.0
2026-05-20T19:00Z,21.3,50.0,4.0
2026-05-20T20:00Z,20.6,55.0,0.0
2026-05-20T21:00Z,19.9,62.0,0.0
2026-05-20T22:00Z,19.2,65.0,0.0
2026-05-20T23:00Z,18.6,69.0,0.0
2026-05-21T00:00Z,18.1,69.0,0.0
2026-05-21T01:00Z,17.2,72.0,0.0
2026-05-21T02:00Z,16.7,74.0,0.0
2026-05-21T03:00Z,16.1,76.0,0.0
2026-05-21T04:00Z,15.8,80.0,0.0
2026-05-21T05:00Z,16.2,82.0,29.0
2026-05-21T06:00Z,18.2,75.0,169.0
2026-05-21T07:00Z,20.5,67.0,361.0
2026-05-21T08:00Z,22.5,58.0,554.0
2026-05-21T09:00Z,24.3,50.0,719.0
2026-05-21T10:00Z,25.4,47.0,809.0
2026-05-21T11:00Z,25.9,46.0,868.0
2026-05-21T12:00Z,26.0,39.0,916.0
2026-05-21T13:00Z,25.9,36.0,888.0
2026-05-21T14:00Z,25.5,39.0,805.0
2026-05-21T15:00Z,25.0,42.0,654.0
2026-05-21T16:00Z,24.7,42.0,467.0
2026-05-21T17:00Z,23.9,43.0,271.0
2026-05-21T18:00Z,22.8,47.0,94.0
2026-05-21T19:00Z,21.5,51.0,4.0
2026-05-21T20:00Z,20.5,59.0,0.0
2026-05-21T21:00Z,19.6,66.0,0.0
2026-05-21T22:00Z,19.0,72.0,0.0
2026-05-21T23:00Z,18.2,79.0,0.0
2026-05-22T00:00Z,17.8,80.0,0.0
2026-05-22T01:00Z,17.0,83.0,0.0
2026-05-22T02:00Z,16.5,85.0,0.0
2026-05-22T03:00Z,16.1,87.0,0.0
2026-05-22T04:00Z,15.7,89.0,0.0
2026-05-22T05:00Z,16.0,88.0,30.0
2026-05-22T06:00Z,18.2,77.0,170.0
2026-05-22T07:00Z,20.7,67.0,363.0
2026-05-22T08:00Z,23.0,55.0,557.0
2026-05-22T09:00Z,25.1,45.0,727.0
2026-05-22T10:00Z,26.9,37.0,855.0
2026-05-22T11:00Z,27.9,33.0,896.0
2026-05-22T12:00Z,28.5,31.0,945.0
2026-05-22T13:00Z,28.2,32.0,901.0
2026-05-22T14:00Z,27.5,34.0,798.0
2026-05-22T15:00Z,26.9,35.0,652.0
2026-05-22T16:00Z,26.4,33.0,469.0
2026-05-22T17:00Z,25.0,37.0,274.0
2026-05-22T18:00Z,22.8,53.0,96.0
2026-05-22T19:00Z,21.0,65.0,5.0
2026-05-22T20:00Z,20.1,73.0,0.0
2026-05-22T21:00Z,19.5,78.0,0.0
2026-05-22T22:00Z,19.0,82.0,0.0
2026-05-22T23:00Z,18.4,85.0,0.0
2026-05-23T00:00Z,17.9,84.0,0.0
2026-05-23T01:00Z,17.0,90.0,0.0
2026-05-23T02:00Z,16.3,93.0,0.0
2026-05-23T03:00Z,15.9,94.0,0.0
2026-05-23T04:00Z,15.4,93.0,0.0
2026-05-23T05:00Z,15.8,90.0,31.0
2026-05-23T06:00Z,17.8,76.0,177.0
2026-05-23T07:00Z,20.8,61.0,372.0
2026-05-23T08:00Z,23.3,44.0,569.0
2026-05-23T09:00Z,25.2,33.0,742.0
2026-05-23T10:00Z,26.6,28.0,871.0
2026-05-23T11:00Z,27.4,28.0,945.0
2026-05-23T12:00Z,28.1,26.0,959.0
2026-05-23T13:00Z,27.7,28.0,915.0
2026-05-23T14:00Z,27.2,28.0,812.0
2026-05-23T15:00Z,26.5,30.0,662.0
2026-05-23T16:00Z,25.9,33.0,477.0
2026-05-23T17:00Z,25.0,37.0,278.0
2026-05-23T18:00Z,23.9,41.0,97.0
2026-05-23T19:00Z,22.6,48.0,5.0
2026-05-23T20:00Z,21.8,53.0,0.0
2026-05-23T21:00Z,21.1,60.0,0.0
2026-05-23T22:00Z,20.6,63.0,0.0
2026-05-23T23:00Z,20.0,67.0,0.0
2026-05-24T00:00Z,18.9,72.0,0.0
2026-05-24T01:00Z,17.9,75.0,0.0
2026-05-24T02:00Z,17.0,80.0,0.0
2026-05-24T03:00Z,16.4,82.0,0.0
2026-05-24T04:00Z,15.8,83.0,0.0
2026-05-24T05:00Z,16.4,77.0,31.0
2026-05-24T06:00Z,18.8,73.0,174.0
2026-05-24T07:00Z,21.0,70.0,363.0
2026-05-24T08:00Z,23.1,54.0,556.0
2026-05-24T09:00Z,25.1,42.0,728.0
2026-05-24T10:00Z,26.3,35.0,857.0
2026-05-24T11:00Z,26.6,33.0,933.0
2026-05-24T12:00Z,27.1,32.0,953.0
2026-05-24T13:00Z,26.9,33.0,898.0
2026-05-24T14:00Z,26.5,33.0,791.0
2026-05-24T15:00Z,26.0,34.0,645.0
2026-05-24T16:00Z,25.2,38.0,465.0
2026-05-24T17:00Z,24.1,44.0,272.0
2026-05-24T18:00Z,22.9,53.0,98.0
2026-05-24T19:00Z,21.8,63.0,5.0
2026-05-24T20:00Z,21.1,71.0,0.0
2026-05-24T21:00Z,20.6,77.0,0.0
2026-05-24T22:00Z,20.1,81.0,0.0
2026-05-24T23:00Z,19.5,84.0,0.0
