timestamp_utc,hour,day_of_year,temperature_c,humidity_pct,solar_irradiance_wpm2,pv_power_w,thermal_demand_w,occupancy
2025-05-24T00:00Z,0,144,16.6,73.0,0.0,0.0,2700.0,0.15
2025-05-24T01:00Z,1,144,16.8,71.0,0.0,0.0,2600.0,0.15
2025-05-24T02:00Z,2,144,16.8,71.0,0.0,0.0,2600.0,0.15
2025-05-24T03:00Z,3,144,16.9,71.0,0.0,0.0,2550.0,0.15
2025-05-24T04:00Z,4,144,16.5,73.0,0.0,0.0,2750.0,0.15
2025-05-24T05:00Z,5,144,16.7,73.0,18.0,32.4,2650.0,0.15
2025-05-24T06:00Z,6,144,17.7,67.0,94.0,169.2,2150.0,0.15
2025-05-24T07:00Z,7,144,18.6,63.0,161.0,289.8,1700.0,0.15
2025-05-24T08:00Z,8,144,20.8,53.0,393.0,707.4,600.0,0.15
2025-05-24T09:00Z,9,144,22.2,45.0,531.0,955.8,100.0,0.15
2025-05-24T10:00Z,10,144,22.5,44.0,499.0,898.2,250.0,0.15
2025-05-24T11:00Z,11,144,23.0,43.0,439.0,790.2,500.0,0.15
2025-05-24T12:00Z,12,144,23.4,40.0,441.0,793.8,700.0,0.15
2025-05-24T13:00Z,13,144,22.5,48.0,491.0,883.8,250.0,0.15
2025-05-24T14:00Z,14,144,21.4,53.0,429.0,772.2,300.0,0.15
2025-05-24T15:00Z,15,144,20.2,59.0,315.0,567.0,900.0,0.15
2025-05-24T16:00Z,16,144,19.8,65.0,147.0,264.6,1100.0,0.15
2025-05-24T17:00Z,17,144,19.7,64.0,105.0,189.0,1150.0,0.15
2025-05-24T18:00Z,18,144,17.8,78.0,59.0,106.2,2100.0,0.15
2025-05-24T19:00Z,19,144,17.9,76.0,4.0,7.2,2050.0,0.15
2025-05-24T20:00Z,20,144,18.0,72.0,0.0,0.0,2000.0,0.15
2025-05-24T21:00Z,21,144,17.4,72.0,0.0,0.0,2300.0,0.15
2025-05-24T22:00Z,22,144,17.0,75.0,0.0,0.0,2500.0,0.15
2025-05-24T23:00Z,23,144,16.7,76.0,0.0,0.0,2650.0,0.15
2025-05-25T00:00Z,0,145,16.5,76.0,0.0,0.0,2750.0,0.15
2025-05-25T01:00Z,1,145,16.6,76.0,0.0,0.0,2700.0,0.15
2025-05-25T02:00Z,2,145,16.5,82.0,0.0,0.0,2750.0,0.15
2025-05-25T03:00Z,3,145,16.5,85.0,0.0,0.0,2750.0,0.15
2025-05-25T04:00Z,4,145,16.5,85.0,0.0,0.0,2750.0,0.15
2025-05-25T05:00Z,5,145,16.8,84.0,26.0,46.8,2600.0,0.15
2025-05-25T06:00Z,6,145,18.0,78.0,135.0,243.0,2000.0,0.15
2025-05-25T07:00Z,7,145,19.6,68.0,315.0,567.0,1200.0,0.15
2025-05-25T08:00Z,8,145,20.8,62.0,459.0,826.2,600.0,0.15
2025-05-25T09:00Z,9,145,21.9,57.0,637.0,1146.6,50.0,0.15
2025-05-25T10:00Z,10,145,22.6,51.0,736.0,1324.8,300.0,0.15
2025-05-25T11:00Z,11,145,23.8,41.0,818.0,1472.4,900.0,0.15
2025-05-25T12:00Z,12,145,24.5,38.0,874.0,1573.2,1250.0,0.15
2025-05-25T13:00Z,13,145,24.9,38.0,879.0,1582.2,1450.0,0.15
2025-05-25T14:00Z,14,145,24.7,38.0,774.0,1393.2,1350.0,0.15
2025-05-25T15:00Z,15,145,24.0,41.0,647.0,1164.6,1000.0,0.15
2025-05-25T16:00Z,16,145,23.1,45.0,460.0,828.0,550.0,0.15
2025-05-25T17:00Z,17,145,22.0,51.0,237.0,426.6,0.0,0.15
2025-05-25T18:00Z,18,145,20.6,59.0,94.0,169.2,700.0,0.15
2025-05-25T19:00Z,19,145,19.6,64.0,5.0,9.0,1200.0,0.15
2025-05-25T20:00Z,20,145,18.7,72.0,0.0,0.0,1650.0,0.15
2025-05-25T21:00Z,21,145,18.0,77.0,0.0,0.0,2000.0,0.15
2025-05-25T22:00Z,22,145,17.5,80.0,0.0,0.0,2250.0,0.15
2025-05-25T23:00Z,23,145,17.0,84.0,0.0,0.0,2500.0,0.15
2025-05-26T00:00Z,0,146,16.4,88.0,0.0,0.0,2800.0,0.15
2025-05-26T01:00Z,1,146,15.9,89.0,0.0,0.0,3050.0,0.15
2025-05-26T02:00Z,2,146,15.4,90.0,0.0,0.0,3300.0,0.15
2025-05-26T03:00Z,3,146,15.0,90.0,0.0,0.0,3500.0,0.15
2025-05-26T04:00Z,4,146,14.5,90.0,0.0,0.0,3750.0,0.15
2025-05-26T05:00Z,5,146,14.8,87.0,31.0,55.8,3600.0,0.15
2025-05-26T06:00Z,6,146,16.4,78.0,169.0,304.2,2800.0,0.15
2025-05-26T07:00Z,7,146,19.2,63.0,356.0,640.8,1400.0,0.15
2025-05-26T08:00Z,8,146,21.9,47.0,547.0,984.6,50.0,0.85
2025-05-26T09:00Z,9,146,24.0,38.0,716.0,1288.8,1000.0,0.85
2025-05-26T10:00Z,10,146,25.8,32.0,844.0,1519.2,1900.0,0.85
2025-05-26T11:00Z,11,146,27.4,26.0,918.0,1652.4,2700.0,0.85
2025-05-26T12:00Z,12,146,28.1,24.0,935.0,1683.0,3050.0,0.85
2025-05-26T13:00Z,13,146,28.2,24.0,892.0,1605.6,3100.0,0.85
2025-05-26T14:00Z,14,146,28.4,23.0,792.0,1425.6,3200.0,0.85
2025-05-26T15:00Z,15,146,28.1,24.0,645.0,1161.0,3050.0,0.85
2025-05-26T16:00Z,16,146,26.7,31.0,464.0,835.2,2350.0,0.85
2025-05-26T17:00Z,17,146,25.0,39.0,269.0,484.2,1500.0,0.85
2025-05-26T18:00Z,18,146,23.7,46.0,97.0,174.6,850.0,0.15
2025-05-26T19:00Z,19,146,22.1,54.0,6.0,10.8,50.0,0.15
2025-05-26T20:00Z,20,146,21.0,61.0,0.0,0.0,500.0,0.15
2025-05-26T21:00Z,21,146,20.1,67.0,0.0,0.0,950.0,0.15
2025-05-26T22:00Z,22,146,19.5,75.0,0.0,0.0,1250.0,0.15
2025-05-26T23:00Z,23,146,19.1,65.0,0.0,0.0,1450.0,0.15
2025-05-27T00:00Z,0,147,18.9,53.0,0.0,0.0,1550.0,0.15
2025-05-27T01:00Z,1,147,17.9,53.0,0.0,0.0,2050.0,0.15
2025-05-27T02:00Z,2,147,17.0,56.0,0.0,0.0,2500.0,0.15
2025-05-27T03:00Z,3,147,16.1,61.0,0.0,0.0,2950.0,0.15
2025-05-27T04:00Z,4,147,15.4,66.0,0.0,0.0,3300.0,0.15
2025-05-27T05:00Z,5,147,15.8,66.0,32.0,57.6,3100.0,0.15
2025-05-27T06:00Z,6,147,17.8,59.0,170.0,306.0,2100.0,0.15
2025-05-27T07:00Z,7,147,20.9,49.0,358.0,644.4,550.0,0.15
2025-05-27T08:00Z,8,147,23.6,43.0,548.0,986.4,800.0,0.85
2025-05-27T09:00Z,9,147,26.0,36.0,715.0,1287.0,2000.0,0.85
2025-05-27T10:00Z,10,147,27.4,33.0,839.0,1510.2,2700.0,0.85
2025-05-27T11:00Z,11,147,28.5,31.0,900.0,1620.0,3250.0,0.85
2025-05-27T12:00Z,12,147,29.0,29.0,866.0,1558.8,3500.0,0.85
2025-05-27T13:00Z,13,147,29.6,29.0,874.0,1573.2,3800.0,0.85
2025-05-27T14:00Z,14,147,29.9,28.0,789.0,1420.2,3950.0,0.85
2025-05-27T15:00Z,15,147,29.1,29.0,643.0,1157.4,3550.0,0.85
2025-05-27T16:00Z,16,147,28.0,31.0,464.0,835.2,3000.0,0.85
2025-05-27T17:00Z,17,147,26.0,35.0,271.0,487.8,2000.0,0.85
2025-05-27T18:00Z,18,147,23.9,42.0,99.0,178.2,950.0,0.15
2025-05-27T19:00Z,19,147,22.0,49.0,6.0,10.8,0.0,0.15
2025-05-27T20:00Z,20,147,21.0,55.0,0.0,0.0,500.0,0.15
2025-05-27T21:00Z,21,147,20.2,59.0,0.0,0.0,900.0,0.15
2025-05-27T22:00Z,22,147,19.8,62.0,0.0,0.0,1100.0,0.15
2025-05-27T23:00Z,23,147,19.2,63.0,0.0,0.0,1400.0,0.15
2025-05-28T00:00Z,0,148,18.7,64.0,0.0,0.0,1650.0,0.15
2025-05-28T01:00Z,1,148,18.3,64.0,0.0,0.0,1850.0,0.15
2025-05-28T02:00Z,2,148,17.9,66.0,0.0,0.0,2050.0,0.15
2025-05-28T03:00Z,3,148,17.5,70.0,0.0,0.0,2250.0,0.15
2025-05-28T04:00Z,4,148,17.0,78.0,0.0,0.0,2500.0,0.15
2025-05-28T05:00Z,5,148,17.4,82.0,33.0,59.4,2300.0,0.15
2025-05-28T06:00Z,6,148,18.9,77.0,173.0,311.4,1550.0,0.15
2025-05-28T07:00Z,7,148,20.9,65.0,360.0,648.0,550.0,0.15
2025-05-28T08:00Z,8,148,23.0,48.0,554.0,997.2,500.0,0.85
2025-05-28T09:00Z,9,148,24.6,42.0,720.0,1296.0,1300.0,0.85
2025-05-28T10:00Z,10,148,25.6,41.0,841.0,1513.8,1800.0,0.85
2025-05-28T11:00Z,11,148,26.4,41.0,905.0,1629.0,2200.0,0.85
2025-05-28T12:00Z,12,148,27.0,40.0,924.0,1663.2,2500.0,0.85
2025-05-28T13:00Z,13,148,27.1,41.0,866.0,1558.8,2550.0,0.85
2025-05-28T14:00Z,14,148,26.9,41.0,768.0,1382.4,2450.0,0.85
2025-05-28T15:00Z,15,148,26.2,43.0,636.0,1144.8,2100.0,0.85
2025-05-28T16:00Z,16,148,25.3,45.0,462.0,831.6,1650.0,0.85
2025-05-28T17:00Z,17,148,24.1,48.0,271.0,487.8,1050.0,0.85
2025-05-28T18:00Z,18,148,22.8,54.0,100.0,180.0,400.0,0.15
2025-05-28T19:00Z,19,148,21.5,62.0,7.0,12.6,250.0,0.15
2025-05-28T20:00Z,20,148,20.5,67.0,0.0,0.0,750.0,0.15
2025-05-28T21:00Z,21,148,19.8,70.0,0.0,0.0,1100.0,0.15
2025-05-28T22:00Z,22,148,19.3,71.0,0.0,0.0,1350.0,0.15
2025-05-28T23:00Z,23,148,18.9,72.0,0.0,0.0,1550.0,0.15
2025-05-29T00:00Z,0,149,18.5,73.0,0.0,0.0,1750.0,0.15
2025-05-29T01:00Z,1,149,18.1,72.0,0.0,0.0,1950.0,0.15
2025-05-29T02:00Z,2,149,18.0,71.0,0.0,0.0,2000.0,0.15
2025-05-29T03:00Z,3,149,18.0,70.0,0.0,0.0,2000.0,0.15
2025-05-29T04:00Z,4,149,18.1,67.0,0.0,0.0,1950.0,0.15
2025-05-29T05:00Z,5,149,18.7,64.0,34.0,61.2,1650.0,0.15
2025-05-29T06:00Z,6,149,20.1,57.0,174.0,313.2,950.0,0.15
2025-05-29T07:00Z,7,149,22.3,48.0,364.0,655.2,150.0,0.15
2025-05-29T08:00Z,8,149,24.5,42.0,554.0,997.2,1250.0,0.85
2025-05-29T09:00Z,9,149,26.5,36.0,718.0,1292.4,2250.0,0.85
2025-05-29T10:00Z,10,149,27.9,34.0,838.0,1508.4,2950.0,0.85
2025-05-29T11:00Z,11,149,28.5,36.0,913.0,1643.4,3250.0,0.85
2025-05-29T12:00Z,12,149,28.8,37.0,928.0,1670.4,3400.0,0.85
2025-05-29T13:00Z,13,149,29.2,38.0,882.0,1587.6,3600.0,0.85
2025-05-29T14:00Z,14,149,29.0,38.0,784.0,1411.2,3500.0,0.85
2025-05-29T15:00Z,15,149,28.0,41.0,640.0,1152.0,3000.0,0.85
2025-05-29T16:00Z,16,149,26.2,49.0,463.0,833.4,2100.0,0.85
2025-05-29T17:00Z,17,149,24.5,55.0,272.0,489.6,1250.0,0.85
2025-05-29T18:00Z,18,149,22.9,63.0,101.0,181.8,450.0,0.15
2025-05-29T19:00Z,19,149,21.7,68.0,7.0,12.6,150.0,0.15
2025-05-29T20:00Z,20,149,21.0,72.0,0.0,0.0,500.0,0.15
2025-05-29T21:00Z,21,149,20.5,75.0,0.0,0.0,750.0,0.15
2025-05-29T22:00Z,22,149,20.1,77.0,0.0,0.0,950.0,0.15
2025-05-29T23:00Z,23,149,19.7,79.0,0.0,0.0,1150.0,0.15
2025-05-30T00:00Z,0,150,19.3,81.0,0.0,0.0,1350.0,0.15
2025-05-30T01:00Z,1,150,19.1,81.0,0.0,0.0,1450.0,0.15
2025-05-30T02:00Z,2,150,18.9,83.0,0.0,0.0,1550.0,0.15
2025-05-30T03:00Z,3,150,18.5,85.0,0.0,0.0,1750.0,0.15
2025-05-30T04:00Z,4,150,18.1,87.0,0.0,0.0,1950.0,0.15
2025-05-30T05:00Z,5,150,18.5,86.0,34.0,61.2,1750.0,0.15
2025-05-30T06:00Z,6,150,19.9,79.0,172.0,309.6,1050.0,0.15
2025-05-30T07:00Z,7,150,21.9,69.0,358.0,644.4,50.0,0.15
2025-05-30T08:00Z,8,150,24.0,58.0,544.0,979.2,1000.0,0.85
2025-05-30T09:00Z,9,150,25.8,50.0,706.0,1270.8,1900.0,0.85
2025-05-30T10:00Z,10,150,27.0,46.0,833.0,1499.4,2500.0,0.85
2025-05-30T11:00Z,11,150,27.1,48.0,910.0,1638.0,2550.0,0.85
2025-05-30T12:00Z,12,150,26.9,46.0,928.0,1670.4,2450.0,0.85
2025-05-30T13:00Z,13,150,26.9,49.0,884.0,1591.2,2450.0,0.85
2025-05-30T14:00Z,14,150,26.9,48.0,788.0,1418.4,2450.0,0.85
2025-05-30T15:00Z,15,150,26.5,48.0,644.0,1159.2,2250.0,0.85
2025-05-30T16:00Z,16,150,25.4,52.0,467.0,840.6,1700.0,0.85
2025-05-30T17:00Z,17,150,24.1,56.0,275.0,495.0,1050.0,0.85
2025-05-30T18:00Z,18,150,22.9,62.0,102.0,183.6,450.0,0.15
2025-05-30T19:00Z,19,150,21.8,71.0,7.0,12.6,100.0,0.15
2025-05-30T20:00Z,20,150,21.1,76.0,0.0,0.0,450.0,0.15
2025-05-30T21:00Z,21,150,20.5,81.0,0.0,0.0,750.0,0.15
2025-05-30T22:00Z,22,150,19.9,86.0,0.0,0.0,1050.0,0.15
2025-05-30T23:00Z,23,150,19.4,89.0,0.0,0.0,1300.0,0.15
2025-05-31T00:00Z,0,151,18.9,92.0,0.0,0.0,1550.0,0.15
2025-05-31T01:00Z,1,151,17.7,95.0,0.0,0.0,2150.0,0.15
2025-05-31T02:00Z,2,151,17.2,97.0,0.0,0.0,2400.0,0.15
2025-05-31T03:00Z,3,151,16.9,97.0,0.0,0.0,2550.0,0.15
2025-05-31T04:00Z,4,151,16.5,98.0,0.0,0.0,2750.0,0.15
2025-05-31T05:00Z,5,151,16.9,94.0,33.0,59.4,2550.0,0.15
2025-05-31T06:00Z,6,151,18.9,82.0,169.0,304.2,1550.0,0.15
2025-05-31T07:00Z,7,151,21.9,65.0,358.0,644.4,50.0,0.15
2025-05-31T08:00Z,8,151,24.9,46.0,551.0,991.8,1450.0,0.15
2025-05-31T09:00Z,9,151,27.4,34.0,719.0,1294.2,2700.0,0.15
2025-05-31T10:00Z,10,151,29.2,30.0,846.0,1522.8,3600.0,0.15
2025-05-31T11:00Z,11,151,30.3,28.0,920.0,1656.0,4150.0,0.15
2025-05-31T12:00Z,12,151,30.3,30.0,937.0,1686.6,4150.0,0.15
2025-05-31T13:00Z,13,151,30.0,33.0,894.0,1609.2,4000.0,0.15
2025-05-31T14:00Z,14,151,29.3,36.0,796.0,1432.8,3650.0,0.15
2025-05-31T15:00Z,15,151,28.0,38.0,650.0,1170.0,3000.0,0.15
2025-05-31T16:00Z,16,151,26.8,40.0,471.0,847.8,2400.0,0.15
2025-05-31T17:00Z,17,151,25.1,47.0,279.0,502.2,1550.0,0.15
2025-05-31T18:00Z,18,151,23.7,53.0,105.0,189.0,850.0,0.15
2025-05-31T19:00Z,19,151,22.5,58.0,8.0,14.4,250.0,0.15
2025-05-31T20:00Z,20,151,21.8,64.0,0.0,0.0,100.0,0.15
2025-05-31T21:00Z,21,151,21.0,71.0,0.0,0.0,500.0,0.15
2025-05-31T22:00Z,22,151,20.5,76.0,0.0,0.0,750.0,0.15
2025-05-31T23:00Z,23,151,19.9,80.0,0.0,0.0,1050.0,0.15
2025-06-01T00:00Z,0,152,19.2,85.0,0.0,0.0,1400.0,0.15
2025-06-01T01:00Z,1,152,18.0,91.0,0.0,0.0,2000.0,0.15
2025-06-01T02:00Z,2,152,17.1,96.0,0.0,0.0,2450.0,0.15
2025-06-01T03:00Z,3,152,16.6,96.0,0.0,0.0,2700.0,0.15
2025-06-01T04:00Z,4,152,16.0,97.0,0.0,0.0,3000.0,0.15
2025-06-01T05:00Z,5,152,16.5,92.0,35.0,63.0,2750.0,0.15
2025-06-01T06:00Z,6,152,19.1,75.0,175.0,315.0,1450.0,0.15
2025-06-01T07:00Z,7,152,22.1,58.0,364.0,655.2,50.0,0.15
2025-06-01T08:00Z,8,152,24.6,44.0,555.0,999.0,1300.0,0.15
2025-06-01T09:00Z,9,152,26.8,34.0,724.0,1303.2,2400.0,0.15
2025-06-01T10:00Z,10,152,28.4,29.0,852.0,1533.6,3200.0,0.15
2025-06-01T11:00Z,11,152,29.3,29.0,928.0,1670.4,3650.0,0.15
2025-06-01T12:00Z,12,152,30.0,29.0,945.0,1701.0,4000.0,0.15
2025-06-01T13:00Z,13,152,30.2,31.0,890.0,1602.0,4100.0,0.15
2025-06-01T14:00Z,14,152,30.1,31.0,794.0,1429.2,4050.0,0.15
2025-06-01T15:00Z,15,152,29.9,31.0,652.0,1173.6,3950.0,0.15
2025-06-01T16:00Z,16,152,29.2,34.0,475.0,855.0,3600.0,0.15
2025-06-01T17:00Z,17,152,28.4,37.0,282.0,507.6,3200.0,0.15
2025-06-01T18:00Z,18,152,27.1,40.0,107.0,192.6,2550.0,0.15
2025-06-01T19:00Z,19,152,25.4,48.0,8.0,14.4,1700.0,0.15
2025-06-01T20:00Z,20,152,23.5,57.0,0.0,0.0,750.0,0.15
2025-06-01T21:00Z,21,152,21.9,66.0,0.0,0.0,50.0,0.15
2025-06-01T22:00Z,22,152,20.9,71.0,0.0,0.0,550.0,0.15
2025-06-01T23:00Z,23,152,20.2,73.0,0.0,0.0,900.0,0.15
2025-06-02T00:00Z,0,153,19.8,76.0,0.0,0.0,1100.0,0.15
2025-06-02T01:00Z,1,153,19.5,76.0,0.0,0.0,1250.0,0.15
2025-06-02T02:00Z,2,153,19.2,75.0,0.0,0.0,1400.0,0.15
2025-06-02T03:00Z,3,153,18.9,71.0,0.0,0.0,1550.0,0.15
2025-06-02T04:00Z,4,153,18.4,65.0,0.0,0.0,1800.0,0.15
2025-06-02T05:00Z,5,153,19.1,56.0,37.0,66.6,1450.0,0.15
2025-06-02T06:00Z,6,153,21.0,47.0,181.0,325.8,500.0,0.15
2025-06-02T07:00Z,7,153,23.9,35.0,374.0,673.2,950.0,0.15
2025-06-02T08:00Z,8,153,26.4,28.0,569.0,1024.2,2200.0,0.85
2025-06-02T09:00Z,9,153,28.1,25.0,740.0,1332.0,3050.0,0.85
2025-06-02T10:00Z,10,153,29.6,23.0,870.0,1566.0,3800.0,0.85
2025-06-02T11:00Z,11,153,30.6,23.0,945.0,1701.0,4300.0,0.85
2025-06-02T12:00Z,12,153,31.0,24.0,960.0,1728.0,4500.0,0.85
2025-06-02T13:00Z,13,153,31.2,26.0,915.0,1647.0,4600.0,0.85
2025-06-02T14:00Z,14,153,30.5,29.0,813.0,1463.4,4250.0,0.85
2025-06-02T15:00Z,15,153,29.5,31.0,663.0,1193.4,3750.0,0.85
2025-06-02T16:00Z,16,153,28.1,30.0,484.0,871.2,3050.0,0.85
2025-06-02T17:00Z,17,153,26.2,32.0,289.0,520.2,2100.0,0.85
2025-06-02T18:00Z,18,153,24.2,38.0,111.0,199.8,1100.0,0.15
2025-06-02T19:00Z,19,153,22.4,50.0,9.0,16.2,200.0,0.15
2025-06-02T20:00Z,20,153,21.2,61.0,0.0,0.0,400.0,0.15
2025-06-02T21:00Z,21,153,20.5,70.0,0.0,0.0,750.0,0.15
2025-06-02T22:00Z,22,153,20.0,78.0,0.0,0.0,1000.0,0.15
2025-06-02T23:00Z,23,153,19.6,79.0,0.0,0.0,1200.0,0.15
2025-06-03T00:00Z,0,154,19.4,78.0,0.0,0.0,1300.0,0.15
2025-06-03T01:00Z,1,154,18.6,77.0,0.0,0.0,1700.0,0.15
2025-06-03T02:00Z,2,154,18.2,77.0,0.0,0.0,1900.0,0.15
2025-06-03T03:00Z,3,154,17.9,79.0,0.0,0.0,2050.0,0.15
2025-06-03T04:00Z,4,154,17.6,79.0,0.0,0.0,2200.0,0.15
2025-06-03T05:00Z,5,154,18.4,76.0,37.0,66.6,1800.0,0.15
2025-06-03T06:00Z,6,154,19.9,72.0,178.0,320.4,1050.0,0.15
2025-06-03T07:00Z,7,154,22.0,63.0,366.0,658.8,0.0,0.15
2025-06-03T08:00Z,8,154,25.0,49.0,558.0,1004.4,1500.0,0.85
2025-06-03T09:00Z,9,154,28.0,39.0,728.0,1310.4,3000.0,0.85
2025-06-03T10:00Z,10,154,30.1,34.0,854.0,1537.2,4050.0,0.85
2025-06-03T11:00Z,11,154,31.6,32.0,928.0,1670.4,4800.0,0.85
2025-06-03T12:00Z,12,154,31.9,35.0,941.0,1693.8,4950.0,0.85
2025-06-03T13:00Z,13,154,31.1,40.0,892.0,1605.6,4550.0,0.85
2025-06-03T14:00Z,14,154,30.6,42.0,791.0,1423.8,4300.0,0.85
2025-06-03T15:00Z,15,154,30.4,42.0,646.0,1162.8,4200.0,0.85
2025-06-03T16:00Z,16,154,29.6,43.0,470.0,846.0,3800.0,0.85
2025-06-03T17:00Z,17,154,27.5,49.0,279.0,502.2,2750.0,0.85
2025-06-03T18:00Z,18,154,25.1,57.0,107.0,192.6,1550.0,0.15
2025-06-03T19:00Z,19,154,23.6,64.0,9.0,16.2,800.0,0.15
2025-06-03T20:00Z,20,154,22.9,67.0,0.0,0.0,450.0,0.15
2025-06-03T21:00Z,21,154,22.5,68.0,0.0,0.0,250.0,0.15
2025-06-03T22:00Z,22,154,22.2,69.0,0.0,0.0,100.0,0.15
2025-06-03T23:00Z,23,154,22.0,72.0,0.0,0.0,0.0,0.15
2025-06-04T00:00Z,0,155,21.5,74.0,0.0,0.0,250.0,0.15
2025-06-04T01:00Z,1,155,20.6,81.0,0.0,0.0,700.0,0.15
2025-06-04T02:00Z,2,155,20.3,83.0,0.0,0.0,850.0,0.15
2025-06-04T03:00Z,3,155,19.9,86.0,0.0,0.0,1050.0,0.15
2025-06-04T04:00Z,4,155,19.4,90.0,0.0,0.0,1300.0,0.15
2025-06-04T05:00Z,5,155,19.9,89.0,36.0,64.8,1050.0,0.15
2025-06-04T06:00Z,6,155,21.3,81.0,177.0,318.6,350.0,0.15
2025-06-04T07:00Z,7,155,23.6,70.0,363.0,653.4,800.0,0.15
2025-06-04T08:00Z,8,155,26.5,59.0,552.0,993.6,2250.0,0.85
2025-06-04T09:00Z,9,155,29.4,47.0,717.0,1290.6,3700.0,0.85
2025-06-04T10:00Z,10,155,31.9,37.0,844.0,1519.2,4950.0,0.85
2025-06-04T11:00Z,11,155,33.7,31.0,919.0,1654.2,5850.0,0.85
2025-06-04T12:00Z,12,155,34.9,26.0,936.0,1684.8,6450.0,0.85
2025-06-04T13:00Z,13,155,35.4,27.0,882.0,1587.6,6700.0,0.85
2025-06-04T14:00Z,14,155,34.8,28.0,755.0,1359.0,6400.0,0.85
2025-06-04T15:00Z,15,155,33.8,30.0,593.0,1067.4,5900.0,0.85
2025-06-04T16:00Z,16,155,32.5,32.0,430.0,774.0,5250.0,0.85
2025-06-04T17:00Z,17,155,31.0,37.0,263.0,473.4,4500.0,0.85
2025-06-04T18:00Z,18,155,29.0,46.0,100.0,180.0,3500.0,0.15
2025-06-04T19:00Z,19,155,27.2,54.0,9.0,16.2,2600.0,0.15
2025-06-04T20:00Z,20,155,25.5,61.0,0.0,0.0,1750.0,0.15
2025-06-04T21:00Z,21,155,24.5,65.0,0.0,0.0,1250.0,0.15
2025-06-04T22:00Z,22,155,24.0,68.0,0.0,0.0,1000.0,0.15
2025-06-04T23:00Z,23,155,23.2,71.0,0.0,0.0,600.0,0.15
2025-06-05T00:00Z,0,156,22.4,75.0,0.0,0.0,200.0,0.15
2025-06-05T01:00Z,1,156,22.2,79.0,0.0,0.0,100.0,0.15
2025-06-05T02:00Z,2,156,21.4,82.0,0.0,0.0,300.0,0.15
2025-06-05T03:00Z,3,156,20.8,85.0,0.0,0.0,600.0,0.15
2025-06-05T04:00Z,4,156,20.3,89.0,0.0,0.0,850.0,0.15
2025-06-05T05:00Z,5,156,20.6,87.0,36.0,64.8,700.0,0.15
2025-06-05T06:00Z,6,156,22.6,74.0,176.0,316.8,300.0,0.15
2025-06-05T07:00Z,7,156,25.5,59.0,362.0,651.6,1750.0,0.15
2025-06-05T08:00Z,8,156,28.5,46.0,549.0,988.2,3250.0,0.85
2025-06-05T09:00Z,9,156,31.1,36.0,714.0,1285.2,4550.0,0.85
2025-06-05T10:00Z,10,156,32.8,32.0,839.0,1510.2,5400.0,0.85
2025-06-05T11:00Z,11,156,32.9,33.0,913.0,1643.4,5450.0,0.85
2025-06-05T12:00Z,12,156,31.6,36.0,929.0,1672.2,4800.0,0.85
2025-06-05T13:00Z,13,156,33.3,30.0,881.0,1585.8,5650.0,0.85
2025-06-05T14:00Z,14,156,32.5,34.0,752.0,1353.6,5250.0,0.85
2025-06-05T15:00Z,15,156,30.8,44.0,478.0,860.4,4400.0,0.85
2025-06-05T16:00Z,16,156,30.2,47.0,460.0,828.0,4100.0,0.85
2025-06-05T17:00Z,17,156,29.6,50.0,240.0,432.0,3800.0,0.85
2025-06-05T18:00Z,18,156,29.4,51.0,92.0,165.6,3700.0,0.15
2025-06-05T19:00Z,19,156,28.3,49.0,9.0,16.2,3150.0,0.15
2025-06-05T20:00Z,20,156,27.4,50.0,0.0,0.0,2700.0,0.15
2025-06-05T21:00Z,21,156,26.1,60.0,0.0,0.0,2050.0,0.15
2025-06-05T22:00Z,22,156,25.2,66.0,0.0,0.0,1600.0,0.15
2025-06-05T23:00Z,23,156,24.2,63.0,0.0,0.0,1100.0,0.15
2025-06-06T00:00Z,0,157,23.3,65.0,0.0,0.0,650.0,0.15
2025-06-06T01:00Z,1,157,21.4,73.0,0.0,0.0,300.0,0.15
2025-06-06T02:00Z,2,157,20.9,78.0,0.0,0.0,550.0,0.15
2025-06-06T03:00Z,3,157,20.5,81.0,0.0,0.0,750.0,0.15
2025-06-06T04:00Z,4,157,20.0,84.0,0.0,0.0,1000.0,0.15
2025-06-06T05:00Z,5,157,20.5,81.0,37.0,66.6,750.0,0.15
2025-06-06T06:00Z,6,157,22.4,70.0,177.0,318.6,200.0,0.15
2025-06-06T07:00Z,7,157,25.5,54.0,364.0,655.2,1750.0,0.15
2025-06-06T08:00Z,8,157,28.9,39.0,554.0,997.2,3450.0,0.85
2025-06-06T09:00Z,9,157,31.6,31.0,721.0,1297.8,4800.0,0.85
2025-06-06T10:00Z,10,157,33.8,29.0,848.0,1526.4,5900.0,0.85
2025-06-06T11:00Z,11,157,35.5,24.0,923.0,1661.4,6750.0,0.85
2025-06-06T12:00Z,12,157,36.6,21.0,940.0,1692.0,7300.0,0.85
2025-06-06T13:00Z,13,157,36.3,19.0,906.0,1630.8,7150.0,0.85
2025-06-06T14:00Z,14,157,36.0,19.0,806.0,1450.8,7000.0,0.85
2025-06-06T15:00Z,15,157,35.5,19.0,659.0,1186.2,6750.0,0.85
2025-06-06T16:00Z,16,157,34.1,21.0,476.0,856.8,6050.0,0.85
2025-06-06T17:00Z,17,157,31.8,26.0,282.0,507.6,4900.0,0.85
2025-06-06T18:00Z,18,157,29.8,30.0,110.0,198.0,3900.0,0.15
2025-06-06T19:00Z,19,157,28.1,34.0,10.0,18.0,3050.0,0.15
2025-06-06T20:00Z,20,157,27.2,37.0,0.0,0.0,2600.0,0.15
2025-06-06T21:00Z,21,157,26.6,39.0,0.0,0.0,2300.0,0.15
2025-06-06T22:00Z,22,157,26.1,42.0,0.0,0.0,2050.0,0.15
2025-06-06T23:00Z,23,157,25.6,44.0,0.0,0.0,1800.0,0.15
2025-06-07T00:00Z,0,158,25.3,43.0,0.0,0.0,1650.0,0.15
2025-06-07T01:00Z,1,158,24.2,47.0,0.0,0.0,1100.0,0.15
2025-06-07T02:00Z,2,158,24.0,45.0,0.0,0.0,1000.0,0.15
2025-06-07T03:00Z,3,158,23.6,45.0,0.0,0.0,800.0,0.15
2025-06-07T04:00Z,4,158,23.4,45.0,0.0,0.0,700.0,0.15
2025-06-07T05:00Z,5,158,24.0,43.0,38.0,68.4,1000.0,0.15
2025-06-07T06:00Z,6,158,26.1,39.0,180.0,324.0,2050.0,0.15
2025-06-07T07:00Z,7,158,29.4,30.0,369.0,664.2,3700.0,0.15
2025-06-07T08:00Z,8,158,32.8,24.0,559.0,1006.2,5400.0,0.15
2025-06-07T09:00Z,9,158,35.5,19.0,725.0,1305.0,6750.0,0.15
2025-06-07T10:00Z,10,158,37.3,16.0,851.0,1531.8,7650.0,0.15
2025-06-07T11:00Z,11,158,38.7,14.0,926.0,1666.8,8350.0,0.15
2025-06-07T12:00Z,12,158,39.9,12.0,944.0,1699.2,8950.0,0.15
2025-06-07T13:00Z,13,158,40.8,11.0,902.0,1623.6,9400.0,0.15
2025-06-07T14:00Z,14,158,40.8,11.0,796.0,1432.8,9400.0,0.15
2025-06-07T15:00Z,15,158,39.3,12.0,494.0,889.2,8650.0,0.15
2025-06-07T16:00Z,16,158,36.0,21.0,305.0,549.0,7000.0,0.15
2025-06-07T17:00Z,17,158,34.0,23.0,274.0,493.2,6000.0,0.15
2025-06-07T18:00Z,18,158,31.8,26.0,111.0,199.8,4900.0,0.15
2025-06-07T19:00Z,19,158,29.9,31.0,10.0,18.0,3950.0,0.15
2025-06-07T20:00Z,20,158,29.0,34.0,0.0,0.0,3500.0,0.15
2025-06-07T21:00Z,21,158,28.3,45.0,0.0,0.0,3150.0,0.15
2025-06-07T22:00Z,22,158,27.8,40.0,0.0,0.0,2900.0,0.15
2025-06-07T23:00Z,23,158,27.3,39.0,0.0,0.0,2650.0,0.15
2025-06-08T00:00Z,0,159,26.4,43.0,0.0,0.0,2200.0,0.15
2025-06-08T01:00Z,1,159,24.1,62.0,0.0,0.0,1050.0,0.15
2025-06-08T02:00Z,2,159,23.2,68.0,0.0,0.0,600.0,0.15
2025-06-08T03:00Z,3,159,22.5,77.0,0.0,0.0,250.0,0.15
2025-06-08T04:00Z,4,159,22.0,86.0,0.0,0.0,0.0,0.15
2025-06-08T05:00Z,5,159,22.2,87.0,37.0,66.6,100.0,0.15
2025-06-08T06:00Z,6,159,23.8,80.0,176.0,316.8,900.0,0.15
2025-06-08T07:00Z,7,159,26.2,65.0,360.0,648.0,2100.0,0.15
2025-06-08T08:00Z,8,159,28.5,54.0,547.0,984.6,3250.0,0.15
2025-06-08T09:00Z,9,159,30.3,47.0,711.0,1279.8,4150.0,0.15
2025-06-08T10:00Z,10,159,32.0,42.0,837.0,1506.6,5000.0,0.15
2025-06-08T11:00Z,11,159,33.0,38.0,912.0,1641.6,5500.0,0.15
2025-06-08T12:00Z,12,159,32.8,37.0,929.0,1672.2,5400.0,0.15
2025-06-08T13:00Z,13,159,32.0,38.0,893.0,1607.4,5000.0,0.15
2025-06-08T14:00Z,14,159,31.9,38.0,785.0,1413.0,4950.0,0.15
2025-06-08T15:00Z,15,159,31.5,38.0,627.0,1128.6,4750.0,0.15
2025-06-08T16:00Z,16,159,30.4,41.0,475.0,855.0,4200.0,0.15
2025-06-08T17:00Z,17,159,28.9,48.0,291.0,523.8,3450.0,0.15
2025-06-08T18:00Z,18,159,27.5,54.0,116.0,208.8,2750.0,0.15
2025-06-08T19:00Z,19,159,26.2,60.0,11.0,19.8,2100.0,0.15
2025-06-08T20:00Z,20,159,25.4,65.0,0.0,0.0,1700.0,0.15
2025-06-08T21:00Z,21,159,25.0,73.0,0.0,0.0,1500.0,0.15
2025-06-08T22:00Z,22,159,24.4,73.0,0.0,0.0,1200.0,0.15
2025-06-08T23:00Z,23,159,23.8,74.0,0.0,0.0,900.0,0.15
2025-06-09T00:00Z,0,160,23.1,76.0,0.0,0.0,550.0,0.15
2025-06-09T01:00Z,1,160,22.0,80.0,0.0,0.0,0.0,0.15
2025-06-09T02:00Z,2,160,21.4,82.0,0.0,0.0,300.0,0.15
2025-06-09T03:00Z,3,160,20.8,83.0,0.0,0.0,600.0,0.15
2025-06-09T04:00Z,4,160,20.2,82.0,0.0,0.0,900.0,0.15
2025-06-09T05:00Z,5,160,21.1,73.0,38.0,68.4,450.0,0.15
2025-06-09T06:00Z,6,160,23.3,61.0,180.0,324.0,650.0,0.15
2025-06-09T07:00Z,7,160,26.2,45.0,368.0,662.4,2100.0,0.15
2025-06-09T08:00Z,8,160,28.9,37.0,557.0,1002.6,3450.0,0.85
2025-06-09T09:00Z,9,160,31.4,32.0,724.0,1303.2,4700.0,0.85
2025-06-09T10:00Z,10,160,33.4,28.0,850.0,1530.0,5700.0,0.85
2025-06-09T11:00Z,11,160,34.7,26.0,924.0,1663.2,6350.0,0.85
2025-06-09T12:00Z,12,160,35.0,27.0,940.0,1692.0,6500.0,0.85
2025-06-09T13:00Z,13,160,34.6,31.0,897.0,1614.6,6300.0,0.85
2025-06-09T14:00Z,14,160,34.2,30.0,798.0,1436.4,6100.0,0.85
2025-06-09T15:00Z,15,160,33.0,32.0,654.0,1177.2,5500.0,0.85
2025-06-09T16:00Z,16,160,31.7,34.0,478.0,860.4,4850.0,0.85
2025-06-09T17:00Z,17,160,30.1,38.0,288.0,518.4,4050.0,0.85
2025-06-09T18:00Z,18,160,28.3,43.0,115.0,207.0,3150.0,0.15
2025-06-09T19:00Z,19,160,26.9,46.0,11.0,19.8,2450.0,0.15
2025-06-09T20:00Z,20,160,25.8,46.0,0.0,0.0,1900.0,0.15
2025-06-09T21:00Z,21,160,24.9,49.0,0.0,0.0,1450.0,0.15
2025-06-09T22:00Z,22,160,24.0,54.0,0.0,0.0,1000.0,0.15
2025-06-09T23:00Z,23,160,23.1,58.0,0.0,0.0,550.0,0.15
2025-06-10T00:00Z,0,161,22.7,58.0,0.0,0.0,350.0,0.15
2025-06-10T01:00Z,1,161,22.1,55.0,0.0,0.0,50.0,0.15
2025-06-10T02:00Z,2,161,21.6,55.0,0.0,0.0,200.0,0.15
2025-06-10T03:00Z,3,161,21.0,55.0,0.0,0.0,500.0,0.15
2025-06-10T04:00Z,4,161,20.4,57.0,0.0,0.0,800.0,0.15
2025-06-10T05:00Z,5,161,20.8,57.0,38.0,68.4,600.0,0.15
2025-06-10T06:00Z,6,161,22.3,52.0,182.0,327.6,150.0,0.15
2025-06-10T07:00Z,7,161,24.3,52.0,373.0,671.4,1150.0,0.15
2025-06-10T08:00Z,8,161,26.9,44.0,567.0,1020.6,2450.0,0.85
2025-06-10T09:00Z,9,161,29.5,32.0,736.0,1324.8,3750.0,0.85
2025-06-10T10:00Z,10,161,31.8,23.0,865.0,1557.0,4900.0,0.85
2025-06-10T11:00Z,11,161,33.3,18.0,942.0,1695.6,5650.0,0.85
2025-06-10T12:00Z,12,161,33.5,18.0,961.0,1729.8,5750.0,0.85
2025-06-10T13:00Z,13,161,33.8,18.0,919.0,1654.2,5900.0,0.85
2025-06-10T14:00Z,14,161,33.2,22.0,821.0,1477.8,5600.0,0.85
2025-06-10T15:00Z,15,161,31.5,33.0,675.0,1215.0,4750.0,0.85
2025-06-10T16:00Z,16,161,30.1,35.0,492.0,885.6,4050.0,0.85
2025-06-10T17:00Z,17,161,28.2,39.0,299.0,538.2,3100.0,0.85
2025-06-10T18:00Z,18,161,26.0,51.0,120.0,216.0,2000.0,0.15
2025-06-10T19:00Z,19,161,24.5,61.0,12.0,21.6,1250.0,0.15
2025-06-10T20:00Z,20,161,23.5,65.0,0.0,0.0,750.0,0.15
2025-06-10T21:00Z,21,161,22.9,68.0,0.0,0.0,450.0,0.15
2025-06-10T22:00Z,22,161,22.2,71.0,0.0,0.0,100.0,0.15
2025-06-10T23:00Z,23,161,21.6,73.0,0.0,0.0,200.0,0.15
2025-06-11T00:00Z,0,162,21.1,76.0,0.0,0.0,450.0,0.15
2025-06-11T01:00Z,1,162,19.8,79.0,0.0,0.0,1100.0,0.15
2025-06-11T02:00Z,2,162,19.5,78.0,0.0,0.0,1250.0,0.15
2025-06-11T03:00Z,3,162,19.1,80.0,0.0,0.0,1450.0,0.15
2025-06-11T04:00Z,4,162,18.5,84.0,0.0,0.0,1750.0,0.15
2025-06-11T05:00Z,5,162,19.1,83.0,38.0,68.4,1450.0,0.15
2025-06-11T06:00Z,6,162,20.6,78.0,178.0,320.4,700.0,0.15
2025-06-11T07:00Z,7,162,22.8,71.0,358.0,644.4,400.0,0.15
2025-06-11T08:00Z,8,162,25.0,62.0,536.0,964.8,1500.0,0.85
2025-06-11T09:00Z,9,162,27.4,53.0,707.0,1272.6,2700.0,0.85
2025-06-11T10:00Z,10,162,29.4,45.0,845.0,1521.0,3700.0,0.85
2025-06-11T11:00Z,11,162,30.0,45.0,921.0,1657.8,4000.0,0.85
2025-06-11T12:00Z,12,162,29.6,50.0,940.0,1692.0,3800.0,0.85
2025-06-11T13:00Z,13,162,29.2,52.0,900.0,1620.0,3600.0,0.85
2025-06-11T14:00Z,14,162,28.6,53.0,805.0,1449.0,3300.0,0.85
2025-06-11T15:00Z,15,162,27.8,54.0,663.0,1193.4,2900.0,0.85
2025-06-11T16:00Z,16,162,26.5,54.0,487.0,876.6,2250.0,0.85
2025-06-11T17:00Z,17,162,25.2,57.0,296.0,532.8,1600.0,0.85
2025-06-11T18:00Z,18,162,23.8,68.0,120.0,216.0,900.0,0.15
2025-06-11T19:00Z,19,162,22.9,76.0,12.0,21.6,450.0,0.15
2025-06-11T20:00Z,20,162,22.4,82.0,0.0,0.0,200.0,0.15
2025-06-11T21:00Z,21,162,22.1,85.0,0.0,0.0,50.0,0.15
2025-06-11T22:00Z,22,162,21.9,87.0,0.0,0.0,50.0,0.15
2025-06-11T23:00Z,23,162,21.5,91.0,0.0,0.0,250.0,0.15
2025-06-12T00:00Z,0,163,21.0,92.0,0.0,0.0,500.0,0.15
2025-06-12T01:00Z,1,163,19.6,96.0,0.0,0.0,1200.0,0.15
2025-06-12T02:00Z,2,163,19.0,100.0,0.0,0.0,1500.0,0.15
2025-06-12T03:00Z,3,163,18.5,100.0,0.0,0.0,1750.0,0.15
2025-06-12T04:00Z,4,163,18.4,100.0,0.0,0.0,1800.0,0.15
2025-06-12T05:00Z,5,163,18.6,99.0,25.0,45.0,1700.0,0.15
2025-06-12T06:00Z,6,163,19.2,96.0,110.0,198.0,1400.0,0.15
2025-06-12T07:00Z,7,163,21.5,79.0,250.0,450.0,250.0,0.15
2025-06-12T08:00Z,8,163,23.8,66.0,532.0,957.6,900.0,0.85
2025-06-12T09:00Z,9,163,25.8,54.0,719.0,1294.2,1900.0,0.85
2025-06-12T10:00Z,10,163,27.4,47.0,859.0,1546.2,2700.0,0.85
2025-06-12T11:00Z,11,163,28.3,45.0,938.0,1688.4,3150.0,0.85
2025-06-12T12:00Z,12,163,29.4,39.0,957.0,1722.6,3700.0,0.85
2025-06-12T13:00Z,13,163,31.2,37.0,914.0,1645.2,4600.0,0.85
2025-06-12T14:00Z,14,163,30.5,43.0,815.0,1467.0,4250.0,0.85
2025-06-12T15:00Z,15,163,29.0,52.0,668.0,1202.4,3500.0,0.85
2025-06-12T16:00Z,16,163,27.9,56.0,488.0,878.4,2950.0,0.85
2025-06-12T17:00Z,17,163,26.4,61.0,297.0,534.6,2200.0,0.85
2025-06-12T18:00Z,18,163,25.0,68.0,121.0,217.8,1500.0,0.15
2025-06-12T19:00Z,19,163,24.0,76.0,12.0,21.6,1000.0,0.15
2025-06-12T20:00Z,20,163,24.0,76.0,0.0,0.0,1000.0,0.15
2025-06-12T21:00Z,21,163,23.5,78.0,0.0,0.0,750.0,0.15
2025-06-12T22:00Z,22,163,22.6,81.0,0.0,0.0,300.0,0.15
2025-06-12T23:00Z,23,163,21.6,83.0,0.0,0.0,200.0,0.15
2025-06-13T00:00Z,0,164,20.7,87.0,0.0,0.0,650.0,0.15
2025-06-13T01:00Z,1,164,19.7,91.0,0.0,0.0,1150.0,0.15
2025-06-13T02:00Z,2,164,19.4,94.0,0.0,0.0,1300.0,0.15
2025-06-13T03:00Z,3,164,19.0,97.0,0.0,0.0,1500.0,0.15
2025-06-13T04:00Z,4,164,18.6,99.0,0.0,0.0,1700.0,0.15
2025-06-13T05:00Z,5,164,19.5,93.0,39.0,70.2,1250.0,0.15
2025-06-13T06:00Z,6,164,21.5,81.0,181.0,325.8,250.0,0.15
2025-06-13T07:00Z,7,164,25.2,58.0,368.0,662.4,1600.0,0.15
2025-06-13T08:00Z,8,164,28.6,39.0,558.0,1004.4,3300.0,0.85
2025-06-13T09:00Z,9,164,31.1,30.0,725.0,1305.0,4550.0,0.85
2025-06-13T10:00Z,10,164,32.8,28.0,851.0,1531.8,5400.0,0.85
2025-06-13T11:00Z,11,164,33.8,28.0,925.0,1665.0,5900.0,0.85
2025-06-13T12:00Z,12,164,34.0,28.0,940.0,1692.0,6000.0,0.85
2025-06-13T13:00Z,13,164,33.8,29.0,899.0,1618.2,5900.0,0.85
2025-06-13T14:00Z,14,164,33.2,31.0,804.0,1447.2,5600.0,0.85
2025-06-13T15:00Z,15,164,33.1,29.0,663.0,1193.4,5550.0,0.85
2025-06-13T16:00Z,16,164,32.4,31.0,489.0,880.2,5200.0,0.85
2025-06-13T17:00Z,17,164,31.1,36.0,298.0,536.4,4550.0,0.85
2025-06-13T18:00Z,18,164,29.7,44.0,121.0,217.8,3850.0,0.15
2025-06-13T19:00Z,19,164,28.7,46.0,13.0,23.4,3350.0,0.15
2025-06-13T20:00Z,20,164,27.9,45.0,0.0,0.0,2950.0,0.15
2025-06-13T21:00Z,21,164,26.6,47.0,0.0,0.0,2300.0,0.15
2025-06-13T22:00Z,22,164,25.4,55.0,0.0,0.0,1700.0,0.15
2025-06-13T23:00Z,23,164,24.5,58.0,0.0,0.0,1250.0,0.15
2025-06-14T00:00Z,0,165,23.5,62.0,0.0,0.0,750.0,0.15
2025-06-14T01:00Z,1,165,22.4,67.0,0.0,0.0,200.0,0.15
2025-06-14T02:00Z,2,165,21.5,67.0,0.0,0.0,250.0,0.15
2025-06-14T03:00Z,3,165,20.8,69.0,0.0,0.0,600.0,0.15
2025-06-14T04:00Z,4,165,20.1,72.0,0.0,0.0,950.0,0.15
2025-06-14T05:00Z,5,165,20.7,69.0,38.0,68.4,650.0,0.15
2025-06-14T06:00Z,6,165,23.3,59.0,181.0,325.8,650.0,0.15
2025-06-14T07:00Z,7,165,26.8,45.0,371.0,667.8,2400.0,0.15
2025-06-14T08:00Z,8,165,30.0,32.0,562.0,1011.6,4000.0,0.15
2025-06-14T09:00Z,9,165,32.5,24.0,731.0,1315.8,5250.0,0.15
2025-06-14T10:00Z,10,165,33.8,21.0,859.0,1546.2,5900.0,0.15
2025-06-14T11:00Z,11,165,34.3,20.0,936.0,1684.8,6150.0,0.15
2025-06-14T12:00Z,12,165,34.5,19.0,954.0,1717.2,6250.0,0.15
2025-06-14T13:00Z,13,165,34.2,22.0,912.0,1641.6,6100.0,0.15
2025-06-14T14:00Z,14,165,33.8,24.0,816.0,1468.8,5900.0,0.15
2025-06-14T15:00Z,15,165,33.2,25.0,672.0,1209.6,5600.0,0.15
2025-06-14T16:00Z,16,165,32.1,27.0,494.0,889.2,5050.0,0.15
2025-06-14T17:00Z,17,165,30.6,31.0,290.0,522.0,4300.0,0.15
2025-06-14T18:00Z,18,165,28.9,36.0,109.0,196.2,3450.0,0.15
2025-06-14T19:00Z,19,165,27.1,43.0,13.0,23.4,2550.0,0.15
2025-06-14T20:00Z,20,165,26.1,49.0,0.0,0.0,2050.0,0.15
2025-06-14T21:00Z,21,165,25.5,55.0,0.0,0.0,1750.0,0.15
2025-06-14T22:00Z,22,165,25.1,58.0,0.0,0.0,1550.0,0.15
2025-06-14T23:00Z,23,165,24.5,64.0,0.0,0.0,1250.0,0.15
2025-06-15T00:00Z,0,166,23.9,69.0,0.0,0.0,950.0,0.15
2025-06-15T01:00Z,1,166,22.4,63.0,0.0,0.0,200.0,0.15
2025-06-15T02:00Z,2,166,21.7,63.0,0.0,0.0,150.0,0.15
2025-06-15T03:00Z,3,166,21.0,63.0,0.0,0.0,500.0,0.15
2025-06-15T04:00Z,4,166,20.4,62.0,0.0,0.0,800.0,0.15
2025-06-15T05:00Z,5,166,21.2,57.0,38.0,68.4,400.0,0.15
2025-06-15T06:00Z,6,166,23.5,50.0,180.0,324.0,750.0,0.15
2025-06-15T07:00Z,7,166,27.2,38.0,368.0,662.4,2600.0,0.15
2025-06-15T08:00Z,8,166,31.0,28.0,557.0,1002.6,4500.0,0.15
2025-06-15T09:00Z,9,166,33.5,22.0,723.0,1301.4,5750.0,0.15
2025-06-15T10:00Z,10,166,35.4,19.0,852.0,1533.6,6700.0,0.15
2025-06-15T11:00Z,11,166,36.2,18.0,931.0,1675.8,7100.0,0.15
2025-06-15T12:00Z,12,166,36.3,18.0,951.0,1711.8,7150.0,0.15
2025-06-15T13:00Z,13,166,36.0,20.0,912.0,1641.6,7000.0,0.15
2025-06-15T14:00Z,14,166,35.5,21.0,817.0,1470.6,6750.0,0.15
2025-06-15T15:00Z,15,166,35.3,20.0,674.0,1213.2,6650.0,0.15
2025-06-15T16:00Z,16,166,34.6,22.0,495.0,891.0,6300.0,0.15
2025-06-15T17:00Z,17,166,32.6,27.0,300.0,540.0,5300.0,0.15
2025-06-15T18:00Z,18,166,30.1,33.0,122.0,219.6,4050.0,0.15
2025-06-15T19:00Z,19,166,28.3,38.0,13.0,23.4,3150.0,0.15
2025-06-15T20:00Z,20,166,27.6,39.0,0.0,0.0,2800.0,0.15
2025-06-15T21:00Z,21,166,27.2,40.0,0.0,0.0,2600.0,0.15
2025-06-15T22:00Z,22,166,26.5,46.0,0.0,0.0,2250.0,0.15
2025-06-15T23:00Z,23,166,25.9,47.0,0.0,0.0,1950.0,0.15
2025-06-16T00:00Z,0,167,25.1,51.0,0.0,0.0,1550.0,0.15
2025-06-16T01:00Z,1,167,23.3,55.0,0.0,0.0,650.0,0.15
2025-06-16T02:00Z,2,167,22.5,58.0,0.0,0.0,250.0,0.15
2025-06-16T03:00Z,3,167,22.0,60.0,0.0,0.0,0.0,0.15
2025-06-16T04:00Z,4,167,21.8,62.0,0.0,0.0,100.0,0.15
2025-06-16T05:00Z,5,167,22.7,59.0,37.0,66.6,350.0,0.15
2025-06-16T06:00Z,6,167,25.0,50.0,178.0,320.4,1500.0,0.15
2025-06-16T07:00Z,7,167,28.5,38.0,363.0,653.4,3250.0,0.15
2025-06-16T08:00Z,8,167,32.1,29.0,551.0,991.8,5050.0,0.85
2025-06-16T09:00Z,9,167,35.2,17.0,717.0,1290.6,6600.0,0.85
2025-06-16T10:00Z,10,167,36.7,16.0,844.0,1519.2,7350.0,0.85
2025-06-16T11:00Z,11,167,37.0,17.0,921.0,1657.8,7500.0,0.85
2025-06-16T12:00Z,12,167,37.4,17.0,941.0,1693.8,7700.0,0.85
2025-06-16T13:00Z,13,167,37.4,18.0,900.0,1620.0,7700.0,0.85
2025-06-16T14:00Z,14,167,36.8,18.0,805.0,1449.0,7400.0,0.85
2025-06-16T15:00Z,15,167,35.9,19.0,664.0,1195.2,6950.0,0.85
2025-06-16T16:00Z,16,167,34.5,22.0,485.0,873.0,6250.0,0.85
2025-06-16T17:00Z,17,167,32.2,30.0,297.0,534.6,5100.0,0.85
2025-06-16T18:00Z,18,167,29.8,43.0,122.0,219.6,3900.0,0.15
2025-06-16T19:00Z,19,167,28.5,51.0,13.0,23.4,3250.0,0.15
2025-06-16T20:00Z,20,167,27.9,54.0,0.0,0.0,2950.0,0.15
2025-06-16T21:00Z,21,167,27.5,54.0,0.0,0.0,2750.0,0.15
2025-06-16T22:00Z,22,167,27.0,53.0,0.0,0.0,2500.0,0.15
2025-06-16T23:00Z,23,167,26.6,51.0,0.0,0.0,2300.0,0.15
2025-06-17T00:00Z,0,168,26.2,47.0,0.0,0.0,2100.0,0.15
2025-06-17T01:00Z,1,168,25.0,46.0,0.0,0.0,1500.0,0.15
2025-06-17T02:00Z,2,168,24.5,46.0,0.0,0.0,1250.0,0.15
2025-06-17T03:00Z,3,168,23.7,48.0,0.0,0.0,850.0,0.15
2025-06-17T04:00Z,4,168,23.2,51.0,0.0,0.0,600.0,0.15
2025-06-17T05:00Z,5,168,23.5,53.0,37.0,66.6,750.0,0.15
2025-06-17T06:00Z,6,168,25.4,49.0,176.0,316.8,1700.0,0.15
2025-06-17T07:00Z,7,168,27.9,47.0,363.0,653.4,2950.0,0.15
2025-06-17T08:00Z,8,168,30.4,41.0,551.0,991.8,4200.0,0.85
2025-06-17T09:00Z,9,168,32.4,33.0,716.0,1288.8,5200.0,0.85
2025-06-17T10:00Z,10,168,34.0,26.0,845.0,1521.0,6000.0,0.85
2025-06-17T11:00Z,11,168,34.8,23.0,924.0,1663.2,6400.0,0.85
2025-06-17T12:00Z,12,168,35.2,22.0,946.0,1702.8,6600.0,0.85
2025-06-17T13:00Z,13,168,35.2,23.0,908.0,1634.4,6600.0,0.85
2025-06-17T14:00Z,14,168,34.5,25.0,810.0,1458.0,6250.0,0.85
2025-06-17T15:00Z,15,168,33.8,26.0,667.0,1200.6,5900.0,0.85
2025-06-17T16:00Z,16,168,32.7,28.0,492.0,885.6,5350.0,0.85
2025-06-17T17:00Z,17,168,31.4,30.0,301.0,541.8,4700.0,0.85
2025-06-17T18:00Z,18,168,29.8,33.0,124.0,223.2,3900.0,0.15
2025-06-17T19:00Z,19,168,28.4,37.0,14.0,25.2,3200.0,0.15
2025-06-17T20:00Z,20,168,27.0,42.0,0.0,0.0,2500.0,0.15
2025-06-17T21:00Z,21,168,25.9,48.0,0.0,0.0,1950.0,0.15
2025-06-17T22:00Z,22,168,25.0,53.0,0.0,0.0,1500.0,0.15
2025-06-17T23:00Z,23,168,24.3,56.0,0.0,0.0,1150.0,0.15
2025-06-18T00:00Z,0,169,23.6,59.0,0.0,0.0,800.0,0.15
2025-06-18T01:00Z,1,169,22.7,63.0,0.0,0.0,350.0,0.15
2025-06-18T02:00Z,2,169,22.0,73.0,0.0,0.0,0.0,0.15
2025-06-18T03:00Z,3,169,21.6,83.0,0.0,0.0,200.0,0.15
2025-06-18T04:00Z,4,169,21.2,88.0,0.0,0.0,400.0,0.15
2025-06-18T05:00Z,5,169,21.8,85.0,36.0,64.8,100.0,0.15
2025-06-18T06:00Z,6,169,23.0,77.0,171.0,307.8,500.0,0.15
2025-06-18T07:00Z,7,169,24.8,67.0,358.0,644.4,1400.0,0.15
2025-06-18T08:00Z,8,169,26.7,58.0,543.0,977.4,2350.0,0.85
2025-06-18T09:00Z,9,169,28.5,49.0,709.0,1276.2,3250.0,0.85
2025-06-18T10:00Z,10,169,30.1,44.0,837.0,1506.6,4050.0,0.85
2025-06-18T11:00Z,11,169,31.0,40.0,895.0,1611.0,4500.0,0.85
2025-06-18T12:00Z,12,169,31.8,38.0,860.0,1548.0,4900.0,0.85
2025-06-18T13:00Z,13,169,32.2,31.0,798.0,1436.4,5100.0,0.85
2025-06-18T14:00Z,14,169,31.3,33.0,619.0,1114.2,4650.0,0.85
2025-06-18T15:00Z,15,169,30.9,35.0,619.0,1114.2,4450.0,0.85
2025-06-18T16:00Z,16,169,29.5,41.0,452.0,813.6,3750.0,0.85
2025-06-18T17:00Z,17,169,28.0,45.0,285.0,513.0,3000.0,0.85
2025-06-18T18:00Z,18,169,26.4,54.0,121.0,217.8,2200.0,0.15
2025-06-18T19:00Z,19,169,25.2,60.0,14.0,25.2,1600.0,0.15
2025-06-18T20:00Z,20,169,24.5,66.0,0.0,0.0,1250.0,0.15
2025-06-18T21:00Z,21,169,24.0,71.0,0.0,0.0,1000.0,0.15
2025-06-18T22:00Z,22,169,23.5,75.0,0.0,0.0,750.0,0.15
2025-06-18T23:00Z,23,169,23.1,78.0,0.0,0.0,550.0,0.15
2025-06-19T00:00Z,0,170,22.8,80.0,0.0,0.0,400.0,0.15
2025-06-19T01:00Z,1,170,22.1,82.0,0.0,0.0,50.0,0.15
2025-06-19T02:00Z,2,170,22.1,81.0,0.0,0.0,50.0,0.15
2025-06-19T03:00Z,3,170,21.9,82.0,0.0,0.0,50.0,0.15
2025-06-19T04:00Z,4,170,21.7,83.0,0.0,0.0,150.0,0.15
2025-06-19T05:00Z,5,170,21.9,80.0,32.0,57.6,50.0,0.15
2025-06-19T06:00Z,6,170,22.5,74.0,156.0,280.8,250.0,0.15
2025-06-19T07:00Z,7,170,24.2,67.0,345.0,621.0,1100.0,0.15
2025-06-19T08:00Z,8,170,26.0,59.0,478.0,860.4,2000.0,0.85
2025-06-19T09:00Z,9,170,27.5,52.0,623.0,1121.4,2750.0,0.85
2025-06-19T10:00Z,10,170,28.9,45.0,741.0,1333.8,3450.0,0.85
2025-06-19T11:00Z,11,170,29.4,44.0,723.0,1301.4,3700.0,0.85
2025-06-19T12:00Z,12,170,30.2,41.0,783.0,1409.4,4100.0,0.85
2025-06-19T13:00Z,13,170,29.0,45.0,775.0,1395.0,3500.0,0.85
2025-06-19T14:00Z,14,170,29.2,43.0,671.0,1207.8,3600.0,0.85
2025-06-19T15:00Z,15,170,27.8,51.0,575.0,1035.0,2900.0,0.85
2025-06-19T16:00Z,16,170,26.9,56.0,428.0,770.4,2450.0,0.85
2025-06-19T17:00Z,17,170,26.5,59.0,272.0,489.6,2250.0,0.85
2025-06-19T18:00Z,18,170,25.1,68.0,113.0,203.4,1550.0,0.15
2025-06-19T19:00Z,19,170,24.5,70.0,13.0,23.4,1250.0,0.15
2025-06-19T20:00Z,20,170,23.5,77.0,0.0,0.0,750.0,0.15
2025-06-19T21:00Z,21,170,22.7,79.0,0.0,0.0,350.0,0.15
2025-06-19T22:00Z,22,170,22.4,82.0,0.0,0.0,200.0,0.15
2025-06-19T23:00Z,23,170,21.9,87.0,0.0,0.0,50.0,0.15
2025-06-20T00:00Z,0,171,22.0,88.0,0.0,0.0,0.0,0.15
2025-06-20T01:00Z,1,171,21.0,89.0,0.0,0.0,500.0,0.15
2025-06-20T02:00Z,2,171,21.0,89.0,0.0,0.0,500.0,0.15
2025-06-20T03:00Z,3,171,21.1,91.0,0.0,0.0,450.0,0.15
2025-06-20T04:00Z,4,171,21.3,93.0,0.0,0.0,350.0,0.15
2025-06-20T05:00Z,5,171,21.6,93.0,28.0,50.4,200.0,0.15
2025-06-20T06:00Z,6,171,22.6,89.0,114.0,205.2,300.0,0.15
2025-06-20T07:00Z,7,171,24.4,80.0,286.0,514.8,1200.0,0.15
2025-06-20T08:00Z,8,171,26.4,67.0,474.0,853.2,2200.0,0.85
2025-06-20T09:00Z,9,171,28.2,52.0,678.0,1220.4,3100.0,0.85
2025-06-20T10:00Z,10,171,29.6,43.0,818.0,1472.4,3800.0,0.85
2025-06-20T11:00Z,11,171,30.5,40.0,890.0,1602.0,4250.0,0.85
2025-06-20T12:00Z,12,171,31.1,38.0,907.0,1632.6,4550.0,0.85
2025-06-20T13:00Z,13,171,31.3,40.0,798.0,1436.4,4650.0,0.85
2025-06-20T14:00Z,14,171,31.5,38.0,749.0,1348.2,4750.0,0.85
2025-06-20T15:00Z,15,171,31.1,38.0,655.0,1179.0,4550.0,0.85
2025-06-20T16:00Z,16,171,30.2,43.0,480.0,864.0,4100.0,0.85
2025-06-20T17:00Z,17,171,29.1,47.0,297.0,534.6,3550.0,0.85
2025-06-20T18:00Z,18,171,27.3,57.0,123.0,221.4,2650.0,0.15
2025-06-20T19:00Z,19,171,25.6,64.0,14.0,25.2,1800.0,0.15
2025-06-20T20:00Z,20,171,24.7,67.0,0.0,0.0,1350.0,0.15
2025-06-20T21:00Z,21,171,23.9,70.0,0.0,0.0,950.0,0.15
2025-06-20T22:00Z,22,171,23.5,69.0,0.0,0.0,750.0,0.15
2025-06-20T23:00Z,23,171,23.0,71.0,0.0,0.0,500.0,0.15
2025-06-21T00:00Z,0,172,22.6,72.0,0.0,0.0,300.0,0.15
2025-06-21T01:00Z,1,172,22.1,72.0,0.0,0.0,50.0,0.15
2025-06-21T02:00Z,2,172,21.8,74.0,0.0,0.0,100.0,0.15
2025-06-21T03:00Z,3,172,21.4,75.0,0.0,0.0,300.0,0.15
2025-06-21T04:00Z,4,172,21.0,76.0,0.0,0.0,500.0,0.15
2025-06-21T05:00Z,5,172,21.4,76.0,36.0,64.8,300.0,0.15
2025-06-21T06:00Z,6,172,23.0,69.0,174.0,313.2,500.0,0.15
2025-06-21T07:00Z,7,172,25.4,61.0,359.0,646.2,1700.0,0.15
2025-06-21T08:00Z,8,172,27.8,53.0,547.0,984.6,2900.0,0.15
2025-06-21T09:00Z,9,172,30.0,44.0,713.0,1283.4,4000.0,0.15
2025-06-21T10:00Z,10,172,31.9,39.0,840.0,1512.0,4950.0,0.15
2025-06-21T11:00Z,11,172,32.5,38.0,913.0,1643.4,5250.0,0.15
2025-06-21T12:00Z,12,172,32.2,41.0,844.0,1519.2,5100.0,0.15
2025-06-21T13:00Z,13,172,31.6,45.0,718.0,1292.4,4800.0,0.15
2025-06-21T14:00Z,14,172,31.5,46.0,711.0,1279.8,4750.0,0.15
2025-06-21T15:00Z,15,172,31.1,47.0,639.0,1150.2,4550.0,0.15
2025-06-21T16:00Z,16,172,30.2,48.0,480.0,864.0,4100.0,0.15
2025-06-21T17:00Z,17,172,28.9,53.0,294.0,529.2,3450.0,0.15
2025-06-21T18:00Z,18,172,27.1,61.0,125.0,225.0,2550.0,0.15
2025-06-21T19:00Z,19,172,25.4,71.0,15.0,27.0,1700.0,0.15
2025-06-21T20:00Z,20,172,24.5,77.0,0.0,0.0,1250.0,0.15
2025-06-21T21:00Z,21,172,24.1,80.0,0.0,0.0,1050.0,0.15
2025-06-21T22:00Z,22,172,23.6,83.0,0.0,0.0,800.0,0.15
2025-06-21T23:00Z,23,172,23.0,89.0,0.0,0.0,500.0,0.15
2025-06-22T00:00Z,0,173,22.4,91.0,0.0,0.0,200.0,0.15
2025-06-22T01:00Z,1,173,21.1,96.0,0.0,0.0,450.0,0.15
2025-06-22T02:00Z,2,173,20.5,99.0,0.0,0.0,750.0,0.15
2025-06-22T03:00Z,3,173,20.1,98.0,0.0,0.0,950.0,0.15
2025-06-22T04:00Z,4,173,19.5,98.0,0.0,0.0,1250.0,0.15
2025-06-22T05:00Z,5,173,20.0,91.0,36.0,64.8,1000.0,0.15
2025-06-22T06:00Z,6,173,22.4,76.0,176.0,316.8,200.0,0.15
2025-06-22T07:00Z,7,173,25.6,58.0,362.0,651.6,1800.0,0.15
2025-06-22T08:00Z,8,173,28.9,45.0,550.0,990.0,3450.0,0.15
2025-06-22T09:00Z,9,173,31.5,34.0,717.0,1290.6,4750.0,0.15
2025-06-22T10:00Z,10,173,33.2,29.0,846.0,1522.8,5600.0,0.15
2025-06-22T11:00Z,11,173,33.7,29.0,925.0,1665.0,5850.0,0.15
2025-06-22T12:00Z,12,173,34.1,27.0,948.0,1706.4,6050.0,0.15
2025-06-22T13:00Z,13,173,33.9,28.0,910.0,1638.0,5950.0,0.15
2025-06-22T14:00Z,14,173,33.5,29.0,815.0,1467.0,5750.0,0.15
2025-06-22T15:00Z,15,173,32.6,32.0,671.0,1207.8,5300.0,0.15
2025-06-22T16:00Z,16,173,31.5,34.0,495.0,891.0,4750.0,0.15
2025-06-22T17:00Z,17,173,30.8,42.0,303.0,545.4,4400.0,0.15
2025-06-22T18:00Z,18,173,29.7,50.0,126.0,226.8,3850.0,0.15
2025-06-22T19:00Z,19,173,28.5,48.0,15.0,27.0,3250.0,0.15
2025-06-22T20:00Z,20,173,26.9,56.0,0.0,0.0,2450.0,0.15
2025-06-22T21:00Z,21,173,25.8,63.0,0.0,0.0,1900.0,0.15
2025-06-22T22:00Z,22,173,25.1,64.0,0.0,0.0,1550.0,0.15
2025-06-22T23:00Z,23,173,24.4,69.0,0.0,0.0,1200.0,0.15
2025-06-23T00:00Z,0,174,23.7,75.0,0.0,0.0,850.0,0.15
2025-06-23T01:00Z,1,174,23.0,81.0,0.0,0.0,500.0,0.15
2025-06-23T02:00Z,2,174,22.2,90.0,0.0,0.0,100.0,0.15
2025-06-23T03:00Z,3,174,21.4,97.0,0.0,0.0,300.0,0.15
2025-06-23T04:00Z,4,174,21.2,99.0,0.0,0.0,400.0,0.15
2025-06-23T05:00Z,5,174,21.5,98.0,35.0,63.0,250.0,0.15
2025-06-23T06:00Z,6,174,23.3,86.0,173.0,311.4,650.0,0.15
2025-06-23T07:00Z,7,174,26.4,67.0,359.0,646.2,2200.0,0.15
2025-06-23T08:00Z,8,174,29.2,49.0,547.0,984.6,3600.0,0.85
2025-06-23T09:00Z,9,174,31.6,37.0,713.0,1283.4,4800.0,0.85
2025-06-23T10:00Z,10,174,33.5,29.0,842.0,1515.6,5750.0,0.85
2025-06-23T11:00Z,11,174,34.1,28.0,919.0,1654.2,6050.0,0.85
2025-06-23T12:00Z,12,174,34.8,26.0,951.0,1711.8,6400.0,0.85
2025-06-23T13:00Z,13,174,34.7,27.0,864.0,1555.2,6350.0,0.85
2025-06-23T14:00Z,14,174,34.2,29.0,795.0,1431.0,6100.0,0.85
2025-06-23T15:00Z,15,174,33.0,33.0,661.0,1189.8,5500.0,0.85
2025-06-23T16:00Z,16,174,31.9,36.0,493.0,887.4,4950.0,0.85
2025-06-23T17:00Z,17,174,30.6,42.0,302.0,543.6,4300.0,0.85
2025-06-23T18:00Z,18,174,29.4,49.0,126.0,226.8,3700.0,0.15
2025-06-23T19:00Z,19,174,28.6,52.0,15.0,27.0,3300.0,0.15
2025-06-23T20:00Z,20,174,28.0,52.0,0.0,0.0,3000.0,0.15
2025-06-23T21:00Z,21,174,27.1,53.0,0.0,0.0,2550.0,0.15
2025-06-23T22:00Z,22,174,26.3,60.0,0.0,0.0,2150.0,0.15
2025-06-23T23:00Z,23,174,25.4,61.0,0.0,0.0,1700.0,0.15
2025-06-24T00:00Z,0,175,24.5,64.0,0.0,0.0,1250.0,0.15
2025-06-24T01:00Z,1,175,23.3,71.0,0.0,0.0,650.0,0.15
2025-06-24T02:00Z,2,175,22.7,77.0,0.0,0.0,350.0,0.15
2025-06-24T03:00Z,3,175,21.8,81.0,0.0,0.0,100.0,0.15
2025-06-24T04:00Z,4,175,21.3,81.0,0.0,0.0,350.0,0.15
2025-06-24T05:00Z,5,175,21.9,77.0,35.0,63.0,50.0,0.15
2025-06-24T06:00Z,6,175,24.1,67.0,174.0,313.2,1050.0,0.15
2025-06-24T07:00Z,7,175,27.3,53.0,361.0,649.8,2650.0,0.15
2025-06-24T08:00Z,8,175,30.5,39.0,550.0,990.0,4250.0,0.85
2025-06-24T09:00Z,9,175,33.0,30.0,718.0,1292.4,5500.0,0.85
2025-06-24T10:00Z,10,175,34.6,26.0,846.0,1522.8,6300.0,0.85
2025-06-24T11:00Z,11,175,34.5,30.0,923.0,1661.4,6250.0,0.85
2025-06-24T12:00Z,12,175,33.6,35.0,944.0,1699.2,5800.0,0.85
2025-06-24T13:00Z,13,175,33.5,32.0,839.0,1510.2,5750.0,0.85
2025-06-24T14:00Z,14,175,33.9,28.0,802.0,1443.6,5950.0,0.85
2025-06-24T15:00Z,15,175,33.6,26.0,670.0,1206.0,5800.0,0.85
2025-06-24T16:00Z,16,175,32.5,27.0,497.0,894.6,5250.0,0.85
2025-06-24T17:00Z,17,175,31.0,31.0,306.0,550.8,4500.0,0.85
2025-06-24T18:00Z,18,175,29.4,40.0,128.0,230.4,3700.0,0.15
2025-06-24T19:00Z,19,175,27.9,49.0,15.0,27.0,2950.0,0.15
2025-06-24T20:00Z,20,175,26.9,57.0,0.0,0.0,2450.0,0.15
2025-06-24T21:00Z,21,175,26.0,62.0,0.0,0.0,2000.0,0.15
2025-06-24T22:00Z,22,175,25.5,66.0,0.0,0.0,1750.0,0.15
2025-06-24T23:00Z,23,175,25.2,67.0,0.0,0.0,1600.0,0.15
2025-06-25T00:00Z,0,176,24.8,66.0,0.0,0.0,1400.0,0.15
2025-06-25T01:00Z,1,176,23.9,69.0,0.0,0.0,950.0,0.15
2025-06-25T02:00Z,2,176,23.3,68.0,0.0,0.0,650.0,0.15
2025-06-25T03:00Z,3,176,23.0,69.0,0.0,0.0,500.0,0.15
2025-06-25T04:00Z,4,176,23.0,69.0,0.0,0.0,500.0,0.15
2025-06-25T05:00Z,5,176,23.6,66.0,35.0,63.0,800.0,0.15
2025-06-25T06:00Z,6,176,25.9,54.0,174.0,313.2,1950.0,0.15
2025-06-25T07:00Z,7,176,29.4,38.0,360.0,648.0,3700.0,0.15
2025-06-25T08:00Z,8,176,32.5,27.0,550.0,990.0,5250.0,0.85
2025-06-25T09:00Z,9,176,34.8,23.0,718.0,1292.4,6400.0,0.85
2025-06-25T10:00Z,10,176,36.7,21.0,846.0,1522.8,7350.0,0.85
2025-06-25T11:00Z,11,176,37.8,20.0,925.0,1665.0,7900.0,0.85
2025-06-25T12:00Z,12,176,38.7,19.0,946.0,1702.8,8350.0,0.85
2025-06-25T13:00Z,13,176,39.2,18.0,910.0,1638.0,8600.0,0.85
2025-06-25T14:00Z,14,176,38.5,20.0,816.0,1468.8,8250.0,0.85
2025-06-25T15:00Z,15,176,37.6,23.0,672.0,1209.6,7800.0,0.85
2025-06-25T16:00Z,16,176,37.2,24.0,498.0,896.4,7600.0,0.85
2025-06-25T17:00Z,17,176,36.4,23.0,309.0,556.2,7200.0,0.85
2025-06-25T18:00Z,18,176,33.4,32.0,131.0,235.8,5700.0,0.15
2025-06-25T19:00Z,19,176,31.1,38.0,16.0,28.8,4550.0,0.15
2025-06-25T20:00Z,20,176,29.9,43.0,0.0,0.0,3950.0,0.15
2025-06-25T21:00Z,21,176,29.0,46.0,0.0,0.0,3500.0,0.15
2025-06-25T22:00Z,22,176,28.6,47.0,0.0,0.0,3300.0,0.15
2025-06-25T23:00Z,23,176,28.0,50.0,0.0,0.0,3000.0,0.15
2025-06-26T00:00Z,0,177,27.1,55.0,0.0,0.0,2550.0,0.15
2025-06-26T01:00Z,1,177,25.5,68.0,0.0,0.0,1750.0,0.15
2025-06-26T02:00Z,2,177,24.9,71.0,0.0,0.0,1450.0,0.15
2025-06-26T03:00Z,3,177,24.4,73.0,0.0,0.0,1200.0,0.15
2025-06-26T04:00Z,4,177,23.9,75.0,0.0,0.0,950.0,0.15
2025-06-26T05:00Z,5,177,24.5,71.0,35.0,63.0,1250.0,0.15
2025-06-26T06:00Z,6,177,26.2,63.0,174.0,313.2,2100.0,0.15
2025-06-26T07:00Z,7,177,29.0,48.0,360.0,648.0,3500.0,0.15
2025-06-26T08:00Z,8,177,31.9,35.0,549.0,988.2,4950.0,0.85
2025-06-26T09:00Z,9,177,34.5,27.0,718.0,1292.4,6250.0,0.85
2025-06-26T10:00Z,10,177,36.4,24.0,847.0,1524.6,7200.0,0.85
2025-06-26T11:00Z,11,177,37.5,23.0,924.0,1663.2,7750.0,0.85
2025-06-26T12:00Z,12,177,38.0,22.0,945.0,1701.0,8000.0,0.85
2025-06-26T13:00Z,13,177,37.8,23.0,907.0,1632.6,7900.0,0.85
2025-06-26T14:00Z,14,177,37.3,23.0,814.0,1465.2,7650.0,0.85
2025-06-26T15:00Z,15,177,35.2,29.0,669.0,1204.2,6600.0,0.85
2025-06-26T16:00Z,16,177,34.1,30.0,500.0,900.0,6050.0,0.85
2025-06-26T17:00Z,17,177,33.0,34.0,308.0,554.4,5500.0,0.85
2025-06-26T18:00Z,18,177,31.3,42.0,130.0,234.0,4650.0,0.15
2025-06-26T19:00Z,19,177,29.2,57.0,15.0,27.0,3600.0,0.15
2025-06-26T20:00Z,20,177,28.0,67.0,0.0,0.0,3000.0,0.15
2025-06-26T21:00Z,21,177,27.3,73.0,0.0,0.0,2650.0,0.15
2025-06-26T22:00Z,22,177,26.9,76.0,0.0,0.0,2450.0,0.15
2025-06-26T23:00Z,23,177,26.2,79.0,0.0,0.0,2100.0,0.15
2025-06-27T00:00Z,0,178,25.6,80.0,0.0,0.0,1800.0,0.15
2025-06-27T01:00Z,1,178,25.0,80.0,0.0,0.0,1500.0,0.15
2025-06-27T02:00Z,2,178,24.3,84.0,0.0,0.0,1150.0,0.15
2025-06-27T03:00Z,3,178,24.0,81.0,0.0,0.0,1000.0,0.15
2025-06-27T04:00Z,4,178,23.6,80.0,0.0,0.0,800.0,0.15
2025-06-27T05:00Z,5,178,23.8,78.0,34.0,61.2,900.0,0.15
2025-06-27T06:00Z,6,178,25.3,69.0,173.0,311.4,1650.0,0.15
2025-06-27T07:00Z,7,178,27.0,64.0,357.0,642.6,2500.0,0.15
2025-06-27T08:00Z,8,178,29.0,59.0,544.0,979.2,3500.0,0.85
2025-06-27T09:00Z,9,178,31.3,52.0,709.0,1276.2,4650.0,0.85
2025-06-27T10:00Z,10,178,33.5,42.0,834.0,1501.2,5750.0,0.85
2025-06-27T11:00Z,11,178,35.2,33.0,914.0,1645.2,6600.0,0.85
2025-06-27T12:00Z,12,178,36.0,30.0,937.0,1686.6,7000.0,0.85
2025-06-27T13:00Z,13,178,36.0,32.0,900.0,1620.0,7000.0,0.85
2025-06-27T14:00Z,14,178,34.9,39.0,805.0,1449.0,6450.0,0.85
2025-06-27T15:00Z,15,178,33.8,43.0,660.0,1188.0,5900.0,0.85
2025-06-27T16:00Z,16,178,32.4,48.0,485.0,873.0,5200.0,0.85
2025-06-27T17:00Z,17,178,30.8,51.0,300.0,540.0,4400.0,0.85
2025-06-27T18:00Z,18,178,29.2,57.0,126.0,226.8,3600.0,0.15
2025-06-27T19:00Z,19,178,28.0,59.0,16.0,28.8,3000.0,0.15
2025-06-27T20:00Z,20,178,27.0,66.0,0.0,0.0,2500.0,0.15
2025-06-27T21:00Z,21,178,26.1,73.0,0.0,0.0,2050.0,0.15
2025-06-27T22:00Z,22,178,25.8,74.0,0.0,0.0,1900.0,0.15
2025-06-27T23:00Z,23,178,25.5,74.0,0.0,0.0,1750.0,0.15
2025-06-28T00:00Z,0,179,25.2,75.0,0.0,0.0,1600.0,0.15
2025-06-28T01:00Z,1,179,24.8,80.0,0.0,0.0,1400.0,0.15
2025-06-28T02:00Z,2,179,24.5,81.0,0.0,0.0,1250.0,0.15
2025-06-28T03:00Z,3,179,24.1,84.0,0.0,0.0,1050.0,0.15
2025-06-28T04:00Z,4,179,23.9,85.0,0.0,0.0,950.0,0.15
2025-06-28T05:00Z,5,179,24.3,81.0,33.0,59.4,1150.0,0.15
2025-06-28T06:00Z,6,179,25.5,75.0,164.0,295.2,1750.0,0.15
2025-06-28T07:00Z,7,179,27.2,65.0,345.0,621.0,2600.0,0.15
2025-06-28T08:00Z,8,179,29.0,57.0,526.0,946.8,3500.0,0.15
2025-06-28T09:00Z,9,179,30.5,50.0,693.0,1247.4,4250.0,0.15
2025-06-28T10:00Z,10,179,32.0,44.0,825.0,1485.0,5000.0,0.15
2025-06-28T11:00Z,11,179,32.9,40.0,896.0,1612.8,5450.0,0.15
2025-06-28T12:00Z,12,179,33.3,39.0,924.0,1663.2,5650.0,0.15
2025-06-28T13:00Z,13,179,33.5,39.0,885.0,1593.0,5750.0,0.15
2025-06-28T14:00Z,14,179,33.3,39.0,795.0,1431.0,5650.0,0.15
2025-06-28T15:00Z,15,179,32.8,41.0,661.0,1189.8,5400.0,0.15
2025-06-28T16:00Z,16,179,31.6,45.0,491.0,883.8,4800.0,0.15
2025-06-28T17:00Z,17,179,30.2,51.0,303.0,545.4,4100.0,0.15
2025-06-28T18:00Z,18,179,28.9,56.0,127.0,228.6,3450.0,0.15
2025-06-28T19:00Z,19,179,27.6,63.0,15.0,27.0,2800.0,0.15
2025-06-28T20:00Z,20,179,26.6,70.0,0.0,0.0,2300.0,0.15
2025-06-28T21:00Z,21,179,25.8,77.0,0.0,0.0,1900.0,0.15
2025-06-28T22:00Z,22,179,25.2,81.0,0.0,0.0,1600.0,0.15
2025-06-28T23:00Z,23,179,25.0,83.0,0.0,0.0,1500.0,0.15
2025-06-29T00:00Z,0,180,24.6,86.0,0.0,0.0,1300.0,0.15
2025-06-29T01:00Z,1,180,24.0,86.0,0.0,0.0,1000.0,0.15
2025-06-29T02:00Z,2,180,23.8,86.0,0.0,0.0,900.0,0.15
2025-06-29T03:00Z,3,180,23.5,88.0,0.0,0.0,750.0,0.15
2025-06-29T04:00Z,4,180,23.2,89.0,0.0,0.0,600.0,0.15
2025-06-29T05:00Z,5,180,23.7,86.0,32.0,57.6,850.0,0.15
2025-06-29T06:00Z,6,180,25.0,79.0,165.0,297.0,1500.0,0.15
2025-06-29T07:00Z,7,180,27.0,69.0,347.0,624.6,2500.0,0.15
2025-06-29T08:00Z,8,180,29.5,55.0,534.0,961.2,3750.0,0.15
2025-06-29T09:00Z,9,180,31.6,45.0,698.0,1256.4,4800.0,0.15
2025-06-29T10:00Z,10,180,33.3,38.0,824.0,1483.2,5650.0,0.15
2025-06-29T11:00Z,11,180,34.5,35.0,903.0,1625.4,6250.0,0.15
2025-06-29T12:00Z,12,180,35.0,34.0,925.0,1665.0,6500.0,0.15
2025-06-29T13:00Z,13,180,35.5,32.0,889.0,1600.2,6750.0,0.15
2025-06-29T14:00Z,14,180,35.1,33.0,802.0,1443.6,6550.0,0.15
2025-06-29T15:00Z,15,180,34.6,33.0,667.0,1200.6,6300.0,0.15
2025-06-29T16:00Z,16,180,33.9,34.0,493.0,887.4,5950.0,0.15
2025-06-29T17:00Z,17,180,32.2,40.0,305.0,549.0,5100.0,0.15
2025-06-29T18:00Z,18,180,30.0,48.0,128.0,230.4,4000.0,0.15
2025-06-29T19:00Z,19,180,27.8,64.0,15.0,27.0,2900.0,0.15
2025-06-29T20:00Z,20,180,26.6,73.0,0.0,0.0,2300.0,0.15
2025-06-29T21:00Z,21,180,25.9,79.0,0.0,0.0,1950.0,0.15
2025-06-29T22:00Z,22,180,25.5,82.0,0.0,0.0,1750.0,0.15
2025-06-29T23:00Z,23,180,25.3,84.0,0.0,0.0,1650.0,0.15
2025-06-30T00:00Z,0,181,24.9,88.0,0.0,0.0,1450.0,0.15
2025-06-30T01:00Z,1,181,24.1,92.0,0.0,0.0,1050.0,0.15
2025-06-30T02:00Z,2,181,23.8,93.0,0.0,0.0,900.0,0.15
2025-06-30T03:00Z,3,181,23.4,96.0,0.0,0.0,700.0,0.15
2025-06-30T04:00Z,4,181,23.0,97.0,0.0,0.0,500.0,0.15
2025-06-30T05:00Z,5,181,23.4,95.0,32.0,57.6,700.0,0.15
2025-06-30T06:00Z,6,181,24.9,86.0,168.0,302.4,1450.0,0.15
2025-06-30T07:00Z,7,181,27.0,72.0,352.0,633.6,2500.0,0.15
2025-06-30T08:00Z,8,181,29.0,57.0,538.0,968.4,3500.0,0.85
2025-06-30T09:00Z,9,181,30.5,49.0,701.0,1261.8,4250.0,0.85
2025-06-30T10:00Z,10,181,31.5,44.0,830.0,1494.0,4750.0,0.85
2025-06-30T11:00Z,11,181,32.0,42.0,911.0,1639.8,5000.0,0.85
2025-06-30T12:00Z,12,181,32.2,40.0,935.0,1683.0,5100.0,0.85
2025-06-30T13:00Z,13,181,32.2,51.0,889.0,1600.2,5100.0,0.85
2025-06-30T14:00Z,14,181,32.3,52.0,796.0,1432.8,5150.0,0.85
2025-06-30T15:00Z,15,181,31.5,55.0,661.0,1189.8,4750.0,0.85
2025-06-30T16:00Z,16,181,30.5,58.0,491.0,883.8,4250.0,0.85
2025-06-30T17:00Z,17,181,29.5,60.0,304.0,547.2,3750.0,0.85
2025-06-30T18:00Z,18,181,28.2,64.0,128.0,230.4,3100.0,0.15
2025-06-30T19:00Z,19,181,27.2,69.0,15.0,27.0,2600.0,0.15
2025-06-30T20:00Z,20,181,26.7,73.0,0.0,0.0,2350.0,0.15
2025-06-30T21:00Z,21,181,26.5,75.0,0.0,0.0,2250.0,0.15
2025-06-30T22:00Z,22,181,26.2,76.0,0.0,0.0,2100.0,0.15
2025-06-30T23:00Z,23,181,25.9,78.0,0.0,0.0,1950.0,0.15
2025-07-01T00:00Z,0,182,25.1,84.0,0.0,0.0,1550.0,0.15
2025-07-01T01:00Z,1,182,24.0,91.0,0.0,0.0,1000.0,0.15
2025-07-01T02:00Z,2,182,23.4,94.0,0.0,0.0,700.0,0.15
2025-07-01T03:00Z,3,182,22.7,98.0,0.0,0.0,350.0,0.15
2025-07-01T04:00Z,4,182,22.1,100.0,0.0,0.0,50.0,0.15
2025-07-01T05:00Z,5,182,22.3,99.0,28.0,50.4,150.0,0.15
2025-07-01T06:00Z,6,182,23.9,91.0,139.0,250.2,950.0,0.15
2025-07-01T07:00Z,7,182,26.6,74.0,323.0,581.4,2300.0,0.15
2025-07-01T08:00Z,8,182,29.6,54.0,540.0,972.0,3800.0,0.85
2025-07-01T09:00Z,9,182,31.7,41.0,710.0,1278.0,4850.0,0.85
2025-07-01T10:00Z,10,182,33.5,34.0,843.0,1517.4,5750.0,0.85
2025-07-01T11:00Z,11,182,34.9,29.0,924.0,1663.2,6450.0,0.85
2025-07-01T12:00Z,12,182,35.7,26.0,948.0,1706.4,6850.0,0.85
2025-07-01T13:00Z,13,182,35.5,28.0,912.0,1641.6,6750.0,0.85
2025-07-01T14:00Z,14,182,34.3,31.0,819.0,1474.2,6150.0,0.85
2025-07-01T15:00Z,15,182,32.7,37.0,679.0,1222.2,5350.0,0.85
2025-07-01T16:00Z,16,182,31.7,35.0,503.0,905.4,4850.0,0.85
2025-07-01T17:00Z,17,182,31.0,36.0,310.0,558.0,4500.0,0.85
2025-07-01T18:00Z,18,182,29.5,42.0,130.0,234.0,3750.0,0.15
2025-07-01T19:00Z,19,182,28.0,56.0,16.0,28.8,3000.0,0.15
2025-07-01T20:00Z,20,182,27.8,65.0,0.0,0.0,2900.0,0.15
2025-07-01T21:00Z,21,182,27.5,67.0,0.0,0.0,2750.0,0.15
2025-07-01T22:00Z,22,182,27.0,63.0,0.0,0.0,2500.0,0.15
2025-07-01T23:00Z,23,182,26.4,62.0,0.0,0.0,2200.0,0.15
2025-07-02T00:00Z,0,183,25.8,64.0,0.0,0.0,1900.0,0.15
2025-07-02T01:00Z,1,183,24.5,74.0,0.0,0.0,1250.0,0.15
2025-07-02T02:00Z,2,183,23.9,82.0,0.0,0.0,950.0,0.15
2025-07-02T03:00Z,3,183,23.2,89.0,0.0,0.0,600.0,0.15
2025-07-02T04:00Z,4,183,22.8,93.0,0.0,0.0,400.0,0.15
2025-07-02T05:00Z,5,183,23.2,92.0,31.0,55.8,600.0,0.15
2025-07-02T06:00Z,6,183,25.3,80.0,167.0,300.6,1650.0,0.15
2025-07-02T07:00Z,7,183,28.0,63.0,350.0,630.0,3000.0,0.15
2025-07-02T08:00Z,8,183,31.0,46.0,538.0,968.4,4500.0,0.85
2025-07-02T09:00Z,9,183,33.5,35.0,705.0,1269.0,5750.0,0.85
2025-07-02T10:00Z,10,183,35.3,31.0,834.0,1501.2,6650.0,0.85
2025-07-02T11:00Z,11,183,36.4,30.0,912.0,1641.6,7200.0,0.85
2025-07-02T12:00Z,12,183,36.7,31.0,937.0,1686.6,7350.0,0.85
2025-07-02T13:00Z,13,183,36.3,31.0,838.0,1508.4,7150.0,0.85
2025-07-02T14:00Z,14,183,35.8,33.0,727.0,1308.6,6900.0,0.85
2025-07-02T15:00Z,15,183,35.7,36.0,642.0,1155.6,6850.0,0.85
2025-07-02T16:00Z,16,183,35.2,37.0,459.0,826.2,6600.0,0.85
2025-07-02T17:00Z,17,183,34.2,35.0,294.0,529.2,6100.0,0.85
2025-07-02T18:00Z,18,183,32.5,40.0,124.0,223.2,5250.0,0.15
2025-07-02T19:00Z,19,183,31.1,46.0,15.0,27.0,4550.0,0.15
2025-07-02T20:00Z,20,183,29.5,54.0,0.0,0.0,3750.0,0.15
2025-07-02T21:00Z,21,183,28.4,61.0,0.0,0.0,3200.0,0.15
2025-07-02T22:00Z,22,183,27.8,65.0,0.0,0.0,2900.0,0.15
2025-07-02T23:00Z,23,183,27.4,67.0,0.0,0.0,2700.0,0.15
2025-07-03T00:00Z,0,184,26.8,71.0,0.0,0.0,2400.0,0.15
2025-07-03T01:00Z,1,184,26.2,71.0,0.0,0.0,2100.0,0.15
2025-07-03T02:00Z,2,184,25.8,75.0,0.0,0.0,1900.0,0.15
2025-07-03T03:00Z,3,184,25.2,81.0,0.0,0.0,1600.0,0.15
2025-07-03T04:00Z,4,184,24.6,83.0,0.0,0.0,1300.0,0.15
2025-07-03T05:00Z,5,184,25.0,79.0,30.0,54.0,1500.0,0.15
2025-07-03T06:00Z,6,184,26.2,72.0,161.0,289.8,2100.0,0.15
2025-07-03T07:00Z,7,184,28.4,61.0,334.0,601.2,3200.0,0.15
2025-07-03T08:00Z,8,184,30.6,52.0,522.0,939.6,4300.0,0.85
2025-07-03T09:00Z,9,184,32.8,45.0,687.0,1236.6,5400.0,0.85
2025-07-03T10:00Z,10,184,34.3,41.0,807.0,1452.6,6150.0,0.85
2025-07-03T11:00Z,11,184,34.9,41.0,878.0,1580.4,6450.0,0.85
2025-07-03T12:00Z,12,184,35.0,40.0,801.0,1441.8,6500.0,0.85
2025-07-03T13:00Z,13,184,35.0,37.0,681.0,1225.8,6500.0,0.85
2025-07-03T14:00Z,14,184,34.0,41.0,637.0,1146.6,6000.0,0.85
2025-07-03T15:00Z,15,184,33.0,40.0,561.0,1009.8,5500.0,0.85
2025-07-03T16:00Z,16,184,32.4,43.0,449.0,808.2,5200.0,0.85
2025-07-03T17:00Z,17,184,31.4,46.0,284.0,511.2,4700.0,0.85
2025-07-03T18:00Z,18,184,29.9,54.0,116.0,208.8,3950.0,0.15
2025-07-03T19:00Z,19,184,28.5,64.0,13.0,23.4,3250.0,0.15
2025-07-03T20:00Z,20,184,27.7,71.0,0.0,0.0,2850.0,0.15
2025-07-03T21:00Z,21,184,27.0,79.0,0.0,0.0,2500.0,0.15
2025-07-03T22:00Z,22,184,26.6,82.0,0.0,0.0,2300.0,0.15
2025-07-03T23:00Z,23,184,26.4,82.0,0.0,0.0,2200.0,0.15
2025-07-04T00:00Z,0,185,26.0,83.0,0.0,0.0,2000.0,0.15
2025-07-04T01:00Z,1,185,25.0,85.0,0.0,0.0,1500.0,0.15
2025-07-04T02:00Z,2,185,24.5,89.0,0.0,0.0,1250.0,0.15
2025-07-04T03:00Z,3,185,23.9,93.0,0.0,0.0,950.0,0.15
2025-07-04T04:00Z,4,185,23.6,95.0,0.0,0.0,800.0,0.15
2025-07-04T05:00Z,5,185,23.9,94.0,29.0,52.2,950.0,0.15
2025-07-04T06:00Z,6,185,25.2,85.0,157.0,282.6,1600.0,0.15
2025-07-04T07:00Z,7,185,27.0,71.0,320.0,576.0,2500.0,0.15
2025-07-04T08:00Z,8,185,29.2,56.0,513.0,923.4,3600.0,0.85
2025-07-04T09:00Z,9,185,31.3,47.0,691.0,1243.8,4650.0,0.85
2025-07-04T10:00Z,10,185,32.8,43.0,822.0,1479.6,5400.0,0.85
2025-07-04T11:00Z,11,185,33.3,43.0,896.0,1612.8,5650.0,0.85
2025-07-04T12:00Z,12,185,33.2,45.0,881.0,1585.8,5600.0,0.85
2025-07-04T13:00Z,13,185,33.1,45.0,817.0,1470.6,5550.0,0.85
2025-07-04T14:00Z,14,185,32.6,46.0,668.0,1202.4,5300.0,0.85
2025-07-04T15:00Z,15,185,31.8,52.0,540.0,972.0,4900.0,0.85
2025-07-04T16:00Z,16,185,31.8,55.0,419.0,754.2,4900.0,0.85
2025-07-04T17:00Z,17,185,30.1,67.0,281.0,505.8,4050.0,0.85
2025-07-04T18:00Z,18,185,28.8,74.0,119.0,214.2,3400.0,0.15
2025-07-04T19:00Z,19,185,28.0,78.0,14.0,25.2,3000.0,0.15
2025-07-04T20:00Z,20,185,27.5,80.0,0.0,0.0,2750.0,0.15
2025-07-04T21:00Z,21,185,27.0,82.0,0.0,0.0,2500.0,0.15
2025-07-04T22:00Z,22,185,26.6,84.0,0.0,0.0,2300.0,0.15
2025-07-04T23:00Z,23,185,26.2,87.0,0.0,0.0,2100.0,0.15
2025-07-05T00:00Z,0,186,25.8,89.0,0.0,0.0,1900.0,0.15
2025-07-05T01:00Z,1,186,24.6,94.0,0.0,0.0,1300.0,0.15
2025-07-05T02:00Z,2,186,24.1,96.0,0.0,0.0,1050.0,0.15
2025-07-05T03:00Z,3,186,23.6,98.0,0.0,0.0,800.0,0.15
2025-07-05T04:00Z,4,186,23.2,99.0,0.0,0.0,600.0,0.15
2025-07-05T05:00Z,5,186,23.9,96.0,29.0,52.2,950.0,0.15
2025-07-05T06:00Z,6,186,25.3,87.0,151.0,271.8,1650.0,0.15
2025-07-05T07:00Z,7,186,27.0,76.0,327.0,588.6,2500.0,0.15
2025-07-05T08:00Z,8,186,28.8,65.0,511.0,919.8,3400.0,0.15
2025-07-05T09:00Z,9,186,31.0,53.0,686.0,1234.8,4500.0,0.15
2025-07-05T10:00Z,10,186,32.9,45.0,823.0,1481.4,5450.0,0.15
2025-07-05T11:00Z,11,186,33.5,44.0,886.0,1594.8,5750.0,0.15
2025-07-05T12:00Z,12,186,32.8,45.0,846.0,1522.8,5400.0,0.15
2025-07-05T13:00Z,13,186,32.8,50.0,783.0,1409.4,5400.0,0.15
2025-07-05T14:00Z,14,186,31.9,52.0,614.0,1105.2,4950.0,0.15
2025-07-05T15:00Z,15,186,32.0,49.0,551.0,991.8,5000.0,0.15
2025-07-05T16:00Z,16,186,31.2,50.0,427.0,768.6,4600.0,0.15
2025-07-05T17:00Z,17,186,30.1,55.0,266.0,478.8,4050.0,0.15
2025-07-05T18:00Z,18,186,28.6,65.0,121.0,217.8,3300.0,0.15
2025-07-05T19:00Z,19,186,27.5,73.0,14.0,25.2,2750.0,0.15
2025-07-05T20:00Z,20,186,27.0,79.0,0.0,0.0,2500.0,0.15
2025-07-05T21:00Z,21,186,26.6,82.0,0.0,0.0,2300.0,0.15
2025-07-05T22:00Z,22,186,26.3,84.0,0.0,0.0,2150.0,0.15
2025-07-05T23:00Z,23,186,25.9,87.0,0.0,0.0,1950.0,0.15
2025-07-06T00:00Z,0,187,25.4,90.0,0.0,0.0,1700.0,0.15
2025-07-06T01:00Z,1,187,24.8,93.0,0.0,0.0,1400.0,0.15
2025-07-06T02:00Z,2,187,24.5,94.0,0.0,0.0,1250.0,0.15
2025-07-06T03:00Z,3,187,24.1,98.0,0.0,0.0,1050.0,0.15
2025-07-06T04:00Z,4,187,24.0,99.0,0.0,0.0,1000.0,0.15
2025-07-06T05:00Z,5,187,24.5,96.0,27.0,48.6,1250.0,0.15
2025-07-06T06:00Z,6,187,25.9,87.0,142.0,255.6,1950.0,0.15
2025-07-06T07:00Z,7,187,27.8,73.0,328.0,590.4,2900.0,0.15
2025-07-06T08:00Z,8,187,30.1,59.0,521.0,937.8,4050.0,0.15
2025-07-06T09:00Z,9,187,32.3,49.0,689.0,1240.2,5150.0,0.15
2025-07-06T10:00Z,10,187,34.0,43.0,819.0,1474.2,6000.0,0.15
2025-07-06T11:00Z,11,187,35.1,38.0,902.0,1623.6,6550.0,0.15
2025-07-06T12:00Z,12,187,36.3,33.0,879.0,1582.2,7150.0,0.15
2025-07-06T13:00Z,13,187,34.8,38.0,760.0,1368.0,6400.0,0.15
2025-07-06T14:00Z,14,187,33.8,38.0,615.0,1107.0,5900.0,0.15
2025-07-06T15:00Z,15,187,34.5,39.0,499.0,898.2,6250.0,0.15
2025-07-06T16:00Z,16,187,34.5,38.0,390.0,702.0,6250.0,0.15
2025-07-06T17:00Z,17,187,34.3,34.0,265.0,477.0,6150.0,0.15
2025-07-06T18:00Z,18,187,32.6,38.0,126.0,226.8,5300.0,0.15
2025-07-06T19:00Z,19,187,31.0,43.0,15.0,27.0,4500.0,0.15
2025-07-06T20:00Z,20,187,30.0,47.0,0.0,0.0,4000.0,0.15
2025-07-06T21:00Z,21,187,29.1,52.0,0.0,0.0,3550.0,0.15
2025-07-06T22:00Z,22,187,28.3,57.0,0.0,0.0,3150.0,0.15
2025-07-06T23:00Z,23,187,27.8,66.0,0.0,0.0,2900.0,0.15
2025-07-07T00:00Z,0,188,26.9,66.0,0.0,0.0,2450.0,0.15
2025-07-07T01:00Z,1,188,25.8,73.0,0.0,0.0,1900.0,0.15
2025-07-07T02:00Z,2,188,24.9,81.0,0.0,0.0,1450.0,0.15
2025-07-07T03:00Z,3,188,24.1,88.0,0.0,0.0,1050.0,0.15
2025-07-07T04:00Z,4,188,23.7,94.0,0.0,0.0,850.0,0.15
2025-07-07T05:00Z,5,188,24.0,97.0,26.0,46.8,1000.0,0.15
2025-07-07T06:00Z,6,188,25.6,91.0,151.0,271.8,1800.0,0.15
2025-07-07T07:00Z,7,188,28.1,76.0,342.0,615.6,3050.0,0.15
2025-07-07T08:00Z,8,188,30.8,59.0,530.0,954.0,4400.0,0.85
2025-07-07T09:00Z,9,188,33.2,48.0,697.0,1254.6,5600.0,0.85
2025-07-07T10:00Z,10,188,35.0,43.0,824.0,1483.2,6500.0,0.85
2025-07-07T11:00Z,11,188,36.0,42.0,904.0,1627.2,7000.0,0.85
2025-07-07T12:00Z,12,188,36.4,40.0,902.0,1623.6,7200.0,0.85
2025-07-07T13:00Z,13,188,37.5,34.0,802.0,1443.6,7750.0,0.85
2025-07-07T14:00Z,14,188,35.0,39.0,630.0,1134.0,6500.0,0.85
2025-07-07T15:00Z,15,188,34.0,42.0,503.0,905.4,6000.0,0.85
2025-07-07T16:00Z,16,188,34.5,37.0,450.0,810.0,6250.0,0.85
2025-07-07T17:00Z,17,188,33.2,43.0,258.0,464.4,5600.0,0.85
2025-07-07T18:00Z,18,188,31.9,53.0,115.0,207.0,4950.0,0.15
2025-07-07T19:00Z,19,188,31.0,58.0,14.0,25.2,4500.0,0.15
2025-07-07T20:00Z,20,188,30.4,64.0,0.0,0.0,4200.0,0.15
2025-07-07T21:00Z,21,188,29.8,69.0,0.0,0.0,3900.0,0.15
2025-07-07T22:00Z,22,188,29.2,72.0,0.0,0.0,3600.0,0.15
2025-07-07T23:00Z,23,188,28.4,76.0,0.0,0.0,3200.0,0.15
2025-07-08T00:00Z,0,189,27.6,79.0,0.0,0.0,2800.0,0.15
2025-07-08T01:00Z,1,189,27.2,83.0,0.0,0.0,2600.0,0.15
2025-07-08T02:00Z,2,189,26.6,85.0,0.0,0.0,2300.0,0.15
2025-07-08T03:00Z,3,189,26.2,87.0,0.0,0.0,2100.0,0.15
2025-07-08T04:00Z,4,189,25.8,89.0,0.0,0.0,1900.0,0.15
2025-07-08T05:00Z,5,189,26.0,84.0,26.0,46.8,2000.0,0.15
2025-07-08T06:00Z,6,189,27.5,76.0,156.0,280.8,2750.0,0.15
2025-07-08T07:00Z,7,189,29.3,66.0,332.0,597.6,3650.0,0.15
2025-07-08T08:00Z,8,189,31.0,50.0,517.0,930.6,4500.0,0.85
2025-07-08T09:00Z,9,189,32.0,45.0,697.0,1254.6,5000.0,0.85
2025-07-08T10:00Z,10,189,32.5,45.0,818.0,1472.4,5250.0,0.85
2025-07-08T11:00Z,11,189,33.0,42.0,898.0,1616.4,5500.0,0.85
2025-07-08T12:00Z,12,189,33.5,40.0,923.0,1661.4,5750.0,0.85
2025-07-08T13:00Z,13,189,34.3,40.0,888.0,1598.4,6150.0,0.85
2025-07-08T14:00Z,14,189,34.0,41.0,795.0,1431.0,6000.0,0.85
2025-07-08T15:00Z,15,189,33.7,38.0,661.0,1189.8,5850.0,0.85
2025-07-08T16:00Z,16,189,33.3,37.0,485.0,873.0,5650.0,0.85
2025-07-08T17:00Z,17,189,32.0,38.0,299.0,538.2,5000.0,0.85
2025-07-08T18:00Z,18,189,30.0,45.0,123.0,221.4,4000.0,0.15
2025-07-08T19:00Z,19,189,28.1,55.0,14.0,25.2,3050.0,0.15
2025-07-08T20:00Z,20,189,27.2,60.0,0.0,0.0,2600.0,0.15
2025-07-08T21:00Z,21,189,27.0,57.0,0.0,0.0,2500.0,0.15
2025-07-08T22:00Z,22,189,26.5,58.0,0.0,0.0,2250.0,0.15
2025-07-08T23:00Z,23,189,26.0,60.0,0.0,0.0,2000.0,0.15
2025-07-09T00:00Z,0,190,25.6,63.0,0.0,0.0,1800.0,0.15
2025-07-09T01:00Z,1,190,25.2,64.0,0.0,0.0,1600.0,0.15
2025-07-09T02:00Z,2,190,25.0,65.0,0.0,0.0,1500.0,0.15
2025-07-09T03:00Z,3,190,24.8,68.0,0.0,0.0,1400.0,0.15
2025-07-09T04:00Z,4,190,24.6,68.0,0.0,0.0,1300.0,0.15
2025-07-09T05:00Z,5,190,24.8,68.0,26.0,46.8,1400.0,0.15
2025-07-09T06:00Z,6,190,26.0,60.0,156.0,280.8,2000.0,0.15
2025-07-09T07:00Z,7,190,27.4,51.0,341.0,613.8,2700.0,0.15
2025-07-09T08:00Z,8,190,28.9,43.0,531.0,955.8,3450.0,0.85
2025-07-09T09:00Z,9,190,30.2,38.0,700.0,1260.0,4100.0,0.85
2025-07-09T10:00Z,10,190,31.1,37.0,829.0,1492.2,4550.0,0.85
2025-07-09T11:00Z,11,190,31.8,37.0,906.0,1630.8,4900.0,0.85
2025-07-09T12:00Z,12,190,32.3,33.0,936.0,1684.8,5150.0,0.85
2025-07-09T13:00Z,13,190,32.0,32.0,910.0,1638.0,5000.0,0.85
2025-07-09T14:00Z,14,190,31.8,33.0,821.0,1477.8,4900.0,0.85
2025-07-09T15:00Z,15,190,31.0,37.0,680.0,1224.0,4500.0,0.85
2025-07-09T16:00Z,16,190,30.0,41.0,504.0,907.2,4000.0,0.85
2025-07-09T17:00Z,17,190,28.9,44.0,312.0,561.6,3450.0,0.85
2025-07-09T18:00Z,18,190,27.4,50.0,128.0,230.4,2700.0,0.15
2025-07-09T19:00Z,19,190,26.1,55.0,15.0,27.0,2050.0,0.15
2025-07-09T20:00Z,20,190,25.5,59.0,0.0,0.0,1750.0,0.15
2025-07-09T21:00Z,21,190,25.0,62.0,0.0,0.0,1500.0,0.15
2025-07-09T22:00Z,22,190,24.5,64.0,0.0,0.0,1250.0,0.15
2025-07-09T23:00Z,23,190,23.9,67.0,0.0,0.0,950.0,0.15
2025-07-10T00:00Z,0,191,23.4,70.0,0.0,0.0,700.0,0.15
2025-07-10T01:00Z,1,191,22.5,73.0,0.0,0.0,250.0,0.15
2025-07-10T02:00Z,2,191,22.1,75.0,0.0,0.0,50.0,0.15
2025-07-10T03:00Z,3,191,21.9,77.0,0.0,0.0,50.0,0.15
2025-07-10T04:00Z,4,191,21.6,78.0,0.0,0.0,200.0,0.15
2025-07-10T05:00Z,5,191,22.0,77.0,26.0,46.8,0.0,0.15
2025-07-10T06:00Z,6,191,23.6,69.0,159.0,286.2,800.0,0.15
2025-07-10T07:00Z,7,191,25.5,62.0,348.0,626.4,1750.0,0.15
2025-07-10T08:00Z,8,191,27.4,52.0,528.0,950.4,2700.0,0.85
2025-07-10T09:00Z,9,191,29.4,41.0,708.0,1274.4,3700.0,0.85
2025-07-10T10:00Z,10,191,31.0,33.0,837.0,1506.6,4500.0,0.85
2025-07-10T11:00Z,11,191,32.2,29.0,915.0,1647.0,5100.0,0.85
2025-07-10T12:00Z,12,191,33.0,28.0,939.0,1690.2,5500.0,0.85
2025-07-10T13:00Z,13,191,32.8,29.0,903.0,1625.4,5400.0,0.85
2025-07-10T14:00Z,14,191,32.3,30.0,812.0,1461.6,5150.0,0.85
2025-07-10T15:00Z,15,191,31.6,32.0,670.0,1206.0,4800.0,0.85
2025-07-10T16:00Z,16,191,30.1,39.0,469.0,844.2,4050.0,0.85
2025-07-10T17:00Z,17,191,28.5,47.0,295.0,531.0,3250.0,0.85
2025-07-10T18:00Z,18,191,27.0,53.0,121.0,217.8,2500.0,0.15
2025-07-10T19:00Z,19,191,26.0,57.0,12.0,21.6,2000.0,0.15
2025-07-10T20:00Z,20,191,25.1,59.0,0.0,0.0,1550.0,0.15
2025-07-10T21:00Z,21,191,24.6,60.0,0.0,0.0,1300.0,0.15
2025-07-10T22:00Z,22,191,24.2,61.0,0.0,0.0,1100.0,0.15
2025-07-10T23:00Z,23,191,23.7,64.0,0.0,0.0,850.0,0.15
2025-07-11T00:00Z,0,192,23.1,68.0,0.0,0.0,550.0,0.15
2025-07-11T01:00Z,1,192,21.9,73.0,0.0,0.0,50.0,0.15
2025-07-11T02:00Z,2,192,21.4,77.0,0.0,0.0,300.0,0.15
2025-07-11T03:00Z,3,192,21.0,80.0,0.0,0.0,500.0,0.15
2025-07-11T04:00Z,4,192,20.7,83.0,0.0,0.0,650.0,0.15
2025-07-11T05:00Z,5,192,21.0,81.0,25.0,45.0,500.0,0.15
2025-07-11T06:00Z,6,192,22.8,71.0,156.0,280.8,400.0,0.15
2025-07-11T07:00Z,7,192,24.9,63.0,341.0,613.8,1450.0,0.15
2025-07-11T08:00Z,8,192,26.5,57.0,531.0,955.8,2250.0,0.85
2025-07-11T09:00Z,9,192,28.1,49.0,698.0,1256.4,3050.0,0.85
2025-07-11T10:00Z,10,192,29.5,42.0,837.0,1506.6,3750.0,0.85
2025-07-11T11:00Z,11,192,30.5,38.0,920.0,1656.0,4250.0,0.85
2025-07-11T12:00Z,12,192,31.4,34.0,947.0,1704.6,4700.0,0.85
2025-07-11T13:00Z,13,192,32.0,32.0,911.0,1639.8,5000.0,0.85
2025-07-11T14:00Z,14,192,31.9,31.0,815.0,1467.0,4950.0,0.85
2025-07-11T15:00Z,15,192,31.1,35.0,676.0,1216.8,4550.0,0.85
2025-07-11T16:00Z,16,192,29.4,43.0,499.0,898.2,3700.0,0.85
2025-07-11T17:00Z,17,192,28.1,48.0,307.0,552.6,3050.0,0.85
2025-07-11T18:00Z,18,192,27.4,52.0,127.0,228.6,2700.0,0.15
2025-07-11T19:00Z,19,192,27.0,56.0,14.0,25.2,2500.0,0.15
2025-07-11T20:00Z,20,192,26.7,52.0,0.0,0.0,2350.0,0.15
2025-07-11T21:00Z,21,192,25.8,56.0,0.0,0.0,1900.0,0.15
2025-07-11T22:00Z,22,192,25.0,61.0,0.0,0.0,1500.0,0.15
2025-07-11T23:00Z,23,192,24.6,64.0,0.0,0.0,1300.0,0.15
2025-07-12T00:00Z,0,193,24.2,67.0,0.0,0.0,1100.0,0.15
2025-07-12T01:00Z,1,193,23.5,70.0,0.0,0.0,750.0,0.15
2025-07-12T02:00Z,2,193,23.0,74.0,0.0,0.0,500.0,0.15
2025-07-12T03:00Z,3,193,23.0,68.0,0.0,0.0,500.0,0.15
2025-07-12T04:00Z,4,193,22.8,64.0,0.0,0.0,400.0,0.15
2025-07-12T05:00Z,5,193,23.2,61.0,24.0,43.2,600.0,0.15
2025-07-12T06:00Z,6,193,24.8,56.0,155.0,279.0,1400.0,0.15
2025-07-12T07:00Z,7,193,27.0,50.0,339.0,610.2,2500.0,0.15
2025-07-12T08:00Z,8,193,29.4,44.0,528.0,950.4,3700.0,0.15
2025-07-12T09:00Z,9,193,31.8,37.0,696.0,1252.8,4900.0,0.15
2025-07-12T10:00Z,10,193,33.9,32.0,826.0,1486.8,5950.0,0.15
2025-07-12T11:00Z,11,193,35.3,29.0,908.0,1634.4,6650.0,0.15
2025-07-12T12:00Z,12,193,36.0,29.0,938.0,1688.4,7000.0,0.15
2025-07-12T13:00Z,13,193,34.8,35.0,878.0,1580.4,6400.0,0.15
2025-07-12T14:00Z,14,193,33.9,39.0,772.0,1389.6,5950.0,0.15
2025-07-12T15:00Z,15,193,33.2,41.0,602.0,1083.6,5600.0,0.15
2025-07-12T16:00Z,16,193,32.2,43.0,396.0,712.8,5100.0,0.15
2025-07-12T17:00Z,17,193,30.9,47.0,238.0,428.4,4450.0,0.15
2025-07-12T18:00Z,18,193,29.4,56.0,116.0,208.8,3700.0,0.15
2025-07-12T19:00Z,19,193,28.2,62.0,12.0,21.6,3100.0,0.15
2025-07-12T20:00Z,20,193,27.5,66.0,0.0,0.0,2750.0,0.15
2025-07-12T21:00Z,21,193,27.2,69.0,0.0,0.0,2600.0,0.15
2025-07-12T22:00Z,22,193,27.1,70.0,0.0,0.0,2550.0,0.15
2025-07-12T23:00Z,23,193,27.1,70.0,0.0,0.0,2550.0,0.15
2025-07-13T00:00Z,0,194,27.3,60.0,0.0,0.0,2650.0,0.15
2025-07-13T01:00Z,1,194,26.8,61.0,0.0,0.0,2400.0,0.15
2025-07-13T02:00Z,2,194,26.7,62.0,0.0,0.0,2350.0,0.15
2025-07-13T03:00Z,3,194,26.2,62.0,0.0,0.0,2100.0,0.15
2025-07-13T04:00Z,4,194,25.9,60.0,0.0,0.0,1950.0,0.15
2025-07-13T05:00Z,5,194,26.2,58.0,22.0,39.6,2100.0,0.15
2025-07-13T06:00Z,6,194,27.8,52.0,140.0,252.0,2900.0,0.15
2025-07-13T07:00Z,7,194,29.4,46.0,198.0,356.4,3700.0,0.15
2025-07-13T08:00Z,8,194,32.9,36.0,532.0,957.6,5450.0,0.15
2025-07-13T09:00Z,9,194,35.5,31.0,679.0,1222.2,6750.0,0.15
2025-07-13T10:00Z,10,194,38.2,25.0,819.0,1474.2,8100.0,0.15
2025-07-13T11:00Z,11,194,40.2,20.0,894.0,1609.2,9100.0,0.15
2025-07-13T12:00Z,12,194,41.8,17.0,876.0,1576.8,9900.0,0.15
2025-07-13T13:00Z,13,194,42.8,15.0,872.0,1569.6,10400.0,0.15
2025-07-13T14:00Z,14,194,40.0,18.0,654.0,1177.2,9000.0,0.15
2025-07-13T15:00Z,15,194,37.7,32.0,415.0,747.0,7850.0,0.15
2025-07-13T16:00Z,16,194,37.0,36.0,429.0,772.2,7500.0,0.15
2025-07-13T17:00Z,17,194,35.7,40.0,293.0,527.4,6850.0,0.15
2025-07-13T18:00Z,18,194,33.6,46.0,121.0,217.8,5800.0,0.15
2025-07-13T19:00Z,19,194,32.0,52.0,13.0,23.4,5000.0,0.15
2025-07-13T20:00Z,20,194,31.2,55.0,0.0,0.0,4600.0,0.15
2025-07-13T21:00Z,21,194,30.5,58.0,0.0,0.0,4250.0,0.15
2025-07-13T22:00Z,22,194,29.7,62.0,0.0,0.0,3850.0,0.15
2025-07-13T23:00Z,23,194,28.7,69.0,0.0,0.0,3350.0,0.15
2025-07-14T00:00Z,0,195,28.0,74.0,0.0,0.0,3000.0,0.15
2025-07-14T01:00Z,1,195,27.1,79.0,0.0,0.0,2550.0,0.15
2025-07-14T02:00Z,2,195,26.5,82.0,0.0,0.0,2250.0,0.15
2025-07-14T03:00Z,3,195,26.0,85.0,0.0,0.0,2000.0,0.15
2025-07-14T04:00Z,4,195,25.5,89.0,0.0,0.0,1750.0,0.15
2025-07-14T05:00Z,5,195,25.6,88.0,22.0,39.6,1800.0,0.15
2025-07-14T06:00Z,6,195,26.8,80.0,149.0,268.2,2400.0,0.15
2025-07-14T07:00Z,7,195,28.8,65.0,331.0,595.8,3400.0,0.15
2025-07-14T08:00Z,8,195,31.1,50.0,520.0,936.0,4550.0,0.85
2025-07-14T09:00Z,9,195,33.2,41.0,688.0,1238.4,5600.0,0.85
2025-07-14T10:00Z,10,195,34.6,36.0,819.0,1474.2,6300.0,0.85
2025-07-14T11:00Z,11,195,35.0,35.0,900.0,1620.0,6500.0,0.85
2025-07-14T12:00Z,12,195,34.8,34.0,924.0,1663.2,6400.0,0.85
2025-07-14T13:00Z,13,195,34.8,33.0,888.0,1598.4,6400.0,0.85
2025-07-14T14:00Z,14,195,34.0,34.0,797.0,1434.6,6000.0,0.85
2025-07-14T15:00Z,15,195,33.0,35.0,659.0,1186.2,5500.0,0.85
2025-07-14T16:00Z,16,195,31.6,42.0,476.0,856.8,4800.0,0.85
2025-07-14T17:00Z,17,195,30.2,50.0,296.0,532.8,4100.0,0.85
2025-07-14T18:00Z,18,195,28.7,59.0,122.0,219.6,3350.0,0.15
2025-07-14T19:00Z,19,195,27.4,72.0,12.0,21.6,2700.0,0.15
2025-07-14T20:00Z,20,195,26.9,78.0,0.0,0.0,2450.0,0.15
2025-07-14T21:00Z,21,195,26.4,81.0,0.0,0.0,2200.0,0.15
2025-07-14T22:00Z,22,195,26.0,83.0,0.0,0.0,2000.0,0.15
2025-07-14T23:00Z,23,195,25.6,85.0,0.0,0.0,1800.0,0.15
2025-07-15T00:00Z,0,196,25.2,89.0,0.0,0.0,1600.0,0.15
2025-07-15T01:00Z,1,196,24.6,88.0,0.0,0.0,1300.0,0.15
2025-07-15T02:00Z,2,196,24.1,92.0,0.0,0.0,1050.0,0.15
2025-07-15T03:00Z,3,196,23.5,96.0,0.0,0.0,750.0,0.15
2025-07-15T04:00Z,4,196,23.2,98.0,0.0,0.0,600.0,0.15
2025-07-15T05:00Z,5,196,23.5,96.0,21.0,37.8,750.0,0.15
2025-07-15T06:00Z,6,196,25.1,83.0,128.0,230.4,1550.0,0.15
2025-07-15T07:00Z,7,196,27.4,68.0,333.0,599.4,2700.0,0.15
2025-07-15T08:00Z,8,196,29.6,55.0,523.0,941.4,3800.0,0.85
2025-07-15T09:00Z,9,196,31.8,46.0,693.0,1247.4,4900.0,0.85
2025-07-15T10:00Z,10,196,33.4,40.0,824.0,1483.2,5700.0,0.85
2025-07-15T11:00Z,11,196,34.8,32.0,906.0,1630.8,6400.0,0.85
2025-07-15T12:00Z,12,196,35.8,27.0,928.0,1670.4,6900.0,0.85
2025-07-15T13:00Z,13,196,36.0,26.0,899.0,1618.2,7000.0,0.85
2025-07-15T14:00Z,14,196,36.0,25.0,811.0,1459.8,7000.0,0.85
2025-07-15T15:00Z,15,196,35.2,28.0,673.0,1211.4,6600.0,0.85
2025-07-15T16:00Z,16,196,33.9,32.0,498.0,896.4,5950.0,0.85
2025-07-15T17:00Z,17,196,32.5,36.0,304.0,547.2,5250.0,0.85
2025-07-15T18:00Z,18,196,30.8,42.0,124.0,223.2,4400.0,0.15
2025-07-15T19:00Z,19,196,29.5,49.0,12.0,21.6,3750.0,0.15
2025-07-15T20:00Z,20,196,28.6,56.0,0.0,0.0,3300.0,0.15
2025-07-15T21:00Z,21,196,28.0,61.0,0.0,0.0,3000.0,0.15
2025-07-15T22:00Z,22,196,27.3,65.0,0.0,0.0,2650.0,0.15
2025-07-15T23:00Z,23,196,26.6,67.0,0.0,0.0,2300.0,0.15
2025-07-16T00:00Z,0,197,25.9,73.0,0.0,0.0,1950.0,0.15
2025-07-16T01:00Z,1,197,25.2,77.0,0.0,0.0,1600.0,0.15
2025-07-16T02:00Z,2,197,24.8,75.0,0.0,0.0,1400.0,0.15
2025-07-16T03:00Z,3,197,25.1,67.0,0.0,0.0,1550.0,0.15
2025-07-16T04:00Z,4,197,25.1,64.0,0.0,0.0,1550.0,0.15
2025-07-16T05:00Z,5,197,25.2,73.0,21.0,37.8,1600.0,0.15
2025-07-16T06:00Z,6,197,26.5,72.0,148.0,266.4,2250.0,0.15
2025-07-16T07:00Z,7,197,29.0,61.0,333.0,599.4,3500.0,0.15
2025-07-16T08:00Z,8,197,31.4,48.0,523.0,941.4,4700.0,0.85
2025-07-16T09:00Z,9,197,33.4,37.0,690.0,1242.0,5700.0,0.85
2025-07-16T10:00Z,10,197,34.8,31.0,822.0,1479.6,6400.0,0.85
2025-07-16T11:00Z,11,197,35.8,28.0,904.0,1627.2,6900.0,0.85
2025-07-16T12:00Z,12,197,36.1,27.0,929.0,1672.2,7050.0,0.85
2025-07-16T13:00Z,13,197,35.9,28.0,894.0,1609.2,6950.0,0.85
2025-07-16T14:00Z,14,197,35.3,30.0,804.0,1447.2,6650.0,0.85
2025-07-16T15:00Z,15,197,34.3,34.0,667.0,1200.6,6150.0,0.85
2025-07-16T16:00Z,16,197,32.7,42.0,493.0,887.4,5350.0,0.85
2025-07-16T17:00Z,17,197,31.0,47.0,302.0,543.6,4500.0,0.85
2025-07-16T18:00Z,18,197,29.2,53.0,123.0,221.4,3600.0,0.15
2025-07-16T19:00Z,19,197,28.0,56.0,12.0,21.6,3000.0,0.15
2025-07-16T20:00Z,20,197,27.0,62.0,0.0,0.0,2500.0,0.15
2025-07-16T21:00Z,21,197,26.3,67.0,0.0,0.0,2150.0,0.15
2025-07-16T22:00Z,22,197,25.9,68.0,0.0,0.0,1950.0,0.15
2025-07-16T23:00Z,23,197,25.5,70.0,0.0,0.0,1750.0,0.15
2025-07-17T00:00Z,0,198,25.1,71.0,0.0,0.0,1550.0,0.15
2025-07-17T01:00Z,1,198,24.9,68.0,0.0,0.0,1450.0,0.15
2025-07-17T02:00Z,2,198,24.6,69.0,0.0,0.0,1300.0,0.15
2025-07-17T03:00Z,3,198,24.5,71.0,0.0,0.0,1250.0,0.15
2025-07-17T04:00Z,4,198,24.4,68.0,0.0,0.0,1200.0,0.15
2025-07-17T05:00Z,5,198,24.7,69.0,21.0,37.8,1350.0,0.15
2025-07-17T06:00Z,6,198,26.0,67.0,147.0,264.6,2000.0,0.15
2025-07-17T07:00Z,7,198,27.5,60.0,331.0,595.8,2750.0,0.15
2025-07-17T08:00Z,8,198,29.4,52.0,506.0,910.8,3700.0,0.85
2025-07-17T09:00Z,9,198,31.1,44.0,681.0,1225.8,4550.0,0.85
2025-07-17T10:00Z,10,198,32.5,39.0,808.0,1454.4,5250.0,0.85
2025-07-17T11:00Z,11,198,33.5,36.0,887.0,1596.6,5750.0,0.85
2025-07-17T12:00Z,12,198,34.2,33.0,915.0,1647.0,6100.0,0.85
2025-07-17T13:00Z,13,198,34.8,32.0,897.0,1614.6,6400.0,0.85
2025-07-17T14:00Z,14,198,34.9,29.0,809.0,1456.2,6450.0,0.85
2025-07-17T15:00Z,15,198,34.2,31.0,674.0,1213.2,6100.0,0.85
2025-07-17T16:00Z,16,198,33.2,32.0,502.0,903.6,5600.0,0.85
2025-07-17T17:00Z,17,198,31.9,34.0,309.0,556.2,4950.0,0.85
2025-07-17T18:00Z,18,198,30.2,41.0,126.0,226.8,4100.0,0.15
2025-07-17T19:00Z,19,198,28.8,48.0,12.0,21.6,3400.0,0.15
2025-07-17T20:00Z,20,198,27.8,54.0,0.0,0.0,2900.0,0.15
2025-07-17T21:00Z,21,198,27.2,55.0,0.0,0.0,2600.0,0.15
2025-07-17T22:00Z,22,198,26.8,54.0,0.0,0.0,2400.0,0.15
2025-07-17T23:00Z,23,198,26.4,55.0,0.0,0.0,2200.0,0.15
2025-07-18T00:00Z,0,199,25.9,57.0,0.0,0.0,1950.0,0.15
2025-07-18T01:00Z,1,199,25.2,63.0,0.0,0.0,1600.0,0.15
2025-07-18T02:00Z,2,199,24.7,68.0,0.0,0.0,1350.0,0.15
2025-07-18T03:00Z,3,199,24.3,74.0,0.0,0.0,1150.0,0.15
2025-07-18T04:00Z,4,199,23.9,79.0,0.0,0.0,950.0,0.15
2025-07-18T05:00Z,5,199,24.0,80.0,20.0,36.0,1000.0,0.15
2025-07-18T06:00Z,6,199,25.8,74.0,146.0,262.8,1900.0,0.15
2025-07-18T07:00Z,7,199,27.5,63.0,333.0,599.4,2750.0,0.15
2025-07-18T08:00Z,8,199,29.5,53.0,526.0,946.8,3750.0,0.85
2025-07-18T09:00Z,9,199,31.4,45.0,696.0,1252.8,4700.0,0.85
2025-07-18T10:00Z,10,199,32.8,41.0,828.0,1490.4,5400.0,0.85
2025-07-18T11:00Z,11,199,33.8,38.0,909.0,1636.2,5900.0,0.85
2025-07-18T12:00Z,12,199,34.3,37.0,931.0,1675.8,6150.0,0.85
2025-07-18T13:00Z,13,199,34.5,38.0,896.0,1612.8,6250.0,0.85
2025-07-18T14:00Z,14,199,33.6,43.0,805.0,1449.0,5800.0,0.85
2025-07-18T15:00Z,15,199,32.3,49.0,665.0,1197.0,5150.0,0.85
2025-07-18T16:00Z,16,199,31.2,53.0,491.0,883.8,4600.0,0.85
2025-07-18T17:00Z,17,199,30.0,57.0,301.0,541.8,4000.0,0.85
2025-07-18T18:00Z,18,199,28.2,63.0,121.0,217.8,3100.0,0.15
2025-07-18T19:00Z,19,199,27.0,70.0,11.0,19.8,2500.0,0.15
2025-07-18T20:00Z,20,199,26.4,73.0,0.0,0.0,2200.0,0.15
2025-07-18T21:00Z,21,199,26.0,77.0,0.0,0.0,2000.0,0.15
2025-07-18T22:00Z,22,199,25.5,81.0,0.0,0.0,1750.0,0.15
2025-07-18T23:00Z,23,199,25.0,86.0,0.0,0.0,1500.0,0.15
2025-07-19T00:00Z,0,200,24.5,87.0,0.0,0.0,1250.0,0.15
2025-07-19T01:00Z,1,200,23.3,94.0,0.0,0.0,650.0,0.15
2025-07-19T02:00Z,2,200,22.9,96.0,0.0,0.0,450.0,0.15
2025-07-19T03:00Z,3,200,22.5,96.0,0.0,0.0,250.0,0.15
2025-07-19T04:00Z,4,200,22.1,98.0,0.0,0.0,50.0,0.15
2025-07-19T05:00Z,5,200,22.3,98.0,19.0,34.2,150.0,0.15
2025-07-19T06:00Z,6,200,24.2,85.0,143.0,257.4,1100.0,0.15
2025-07-19T07:00Z,7,200,27.0,71.0,330.0,594.0,2500.0,0.15
2025-07-19T08:00Z,8,200,30.4,56.0,523.0,941.4,4200.0,0.15
2025-07-19T09:00Z,9,200,33.6,44.0,694.0,1249.2,5800.0,0.15
2025-07-19T10:00Z,10,200,36.5,30.0,828.0,1490.4,7250.0,0.15
2025-07-19T11:00Z,11,200,38.3,24.0,912.0,1641.6,8150.0,0.15
2025-07-19T12:00Z,12,200,39.2,25.0,935.0,1683.0,8600.0,0.15
2025-07-19T13:00Z,13,200,39.5,26.0,897.0,1614.6,8750.0,0.15
2025-07-19T14:00Z,14,200,39.3,29.0,805.0,1449.0,8650.0,0.15
2025-07-19T15:00Z,15,200,38.4,32.0,663.0,1193.4,8200.0,0.15
2025-07-19T16:00Z,16,200,37.7,32.0,486.0,874.8,7850.0,0.15
2025-07-19T17:00Z,17,200,34.8,36.0,298.0,536.4,6400.0,0.15
2025-07-19T18:00Z,18,200,32.8,42.0,119.0,214.2,5400.0,0.15
2025-07-19T19:00Z,19,200,30.5,49.0,11.0,19.8,4250.0,0.15
2025-07-19T20:00Z,20,200,29.2,54.0,0.0,0.0,3600.0,0.15
2025-07-19T21:00Z,21,200,28.9,56.0,0.0,0.0,3450.0,0.15
2025-07-19T22:00Z,22,200,28.7,58.0,0.0,0.0,3350.0,0.15
2025-07-19T23:00Z,23,200,28.5,60.0,0.0,0.0,3250.0,0.15
2025-07-20T00:00Z,0,201,28.0,68.0,0.0,0.0,3000.0,0.15
2025-07-20T01:00Z,1,201,27.0,73.0,0.0,0.0,2500.0,0.15
2025-07-20T02:00Z,2,201,26.8,73.0,0.0,0.0,2400.0,0.15
2025-07-20T03:00Z,3,201,26.4,72.0,0.0,0.0,2200.0,0.15
2025-07-20T04:00Z,4,201,26.0,72.0,0.0,0.0,2000.0,0.15
2025-07-20T05:00Z,5,201,25.9,72.0,18.0,32.4,1950.0,0.15
2025-07-20T06:00Z,6,201,27.2,64.0,142.0,255.6,2600.0,0.15
2025-07-20T07:00Z,7,201,29.8,53.0,325.0,585.0,3900.0,0.15
2025-07-20T08:00Z,8,201,32.5,43.0,515.0,927.0,5250.0,0.15
2025-07-20T09:00Z,9,201,35.0,36.0,685.0,1233.0,6500.0,0.15
2025-07-20T10:00Z,10,201,37.5,29.0,817.0,1470.6,7750.0,0.15
2025-07-20T11:00Z,11,201,39.7,25.0,902.0,1623.6,8850.0,0.15
2025-07-20T12:00Z,12,201,40.5,24.0,927.0,1668.6,9250.0,0.15
2025-07-20T13:00Z,13,201,38.5,33.0,890.0,1602.0,8250.0,0.15
2025-07-20T14:00Z,14,201,36.7,36.0,796.0,1432.8,7350.0,0.15
2025-07-20T15:00Z,15,201,37.1,34.0,655.0,1179.0,7550.0,0.15
2025-07-20T16:00Z,16,201,35.3,35.0,474.0,853.2,6650.0,0.15
2025-07-20T17:00Z,17,201,32.8,40.0,295.0,531.0,5400.0,0.15
2025-07-20T18:00Z,18,201,31.3,48.0,117.0,210.6,4650.0,0.15
2025-07-20T19:00Z,19,201,29.9,54.0,10.0,18.0,3950.0,0.15
2025-07-20T20:00Z,20,201,29.2,58.0,0.0,0.0,3600.0,0.15
2025-07-20T21:00Z,21,201,29.0,60.0,0.0,0.0,3500.0,0.15
2025-07-20T22:00Z,22,201,28.5,64.0,0.0,0.0,3250.0,0.15
2025-07-20T23:00Z,23,201,28.2,67.0,0.0,0.0,3100.0,0.15
2025-07-21T00:00Z,0,202,28.0,68.0,0.0,0.0,3000.0,0.15
2025-07-21T01:00Z,1,202,26.9,76.0,0.0,0.0,2450.0,0.15
2025-07-21T02:00Z,2,202,26.4,80.0,0.0,0.0,2200.0,0.15
2025-07-21T03:00Z,3,202,25.9,80.0,0.0,0.0,1950.0,0.15
2025-07-21T04:00Z,4,202,25.5,82.0,0.0,0.0,1750.0,0.15
2025-07-21T05:00Z,5,202,25.8,80.0,17.0,30.6,1900.0,0.15
2025-07-21T06:00Z,6,202,27.6,68.0,139.0,250.2,2800.0,0.15
2025-07-21T07:00Z,7,202,31.0,52.0,324.0,583.2,4500.0,0.15
2025-07-21T08:00Z,8,202,35.3,39.0,516.0,928.8,6650.0,0.85
2025-07-21T09:00Z,9,202,39.5,26.0,689.0,1240.2,8750.0,0.85
2025-07-21T10:00Z,10,202,43.0,18.0,823.0,1481.4,10500.0,0.85
2025-07-21T11:00Z,11,202,45.8,11.0,907.0,1632.6,11900.0,0.85
2025-07-21T12:00Z,12,202,45.9,11.0,904.0,1627.2,11950.0,0.85
2025-07-21T13:00Z,13,202,46.1,9.0,846.0,1522.8,12050.0,0.85
2025-07-21T14:00Z,14,202,42.2,26.0,793.0,1427.4,10100.0,0.85
2025-07-21T15:00Z,15,202,40.0,33.0,626.0,1126.8,9000.0,0.85
2025-07-21T16:00Z,16,202,37.9,37.0,408.0,734.4,7950.0,0.85
2025-07-21T17:00Z,17,202,37.2,36.0,293.0,527.4,7600.0,0.85
2025-07-21T18:00Z,18,202,34.7,47.0,112.0,201.6,6350.0,0.15
2025-07-21T19:00Z,19,202,33.8,51.0,7.0,12.6,5900.0,0.15
2025-07-21T20:00Z,20,202,33.0,44.0,0.0,0.0,5500.0,0.15
2025-07-21T21:00Z,21,202,31.9,44.0,0.0,0.0,4950.0,0.15
2025-07-21T22:00Z,22,202,31.0,46.0,0.0,0.0,4500.0,0.15
2025-07-21T23:00Z,23,202,30.2,49.0,0.0,0.0,4100.0,0.15
2025-07-22T00:00Z,0,203,29.2,53.0,0.0,0.0,3600.0,0.15
2025-07-22T01:00Z,1,203,28.0,55.0,0.0,0.0,3000.0,0.15
2025-07-22T02:00Z,2,203,27.1,62.0,0.0,0.0,2550.0,0.15
2025-07-22T03:00Z,3,203,26.3,69.0,0.0,0.0,2150.0,0.15
2025-07-22T04:00Z,4,203,25.5,77.0,0.0,0.0,1750.0,0.15
2025-07-22T05:00Z,5,203,25.6,83.0,17.0,30.6,1800.0,0.15
2025-07-22T06:00Z,6,203,26.6,82.0,137.0,246.6,2300.0,0.15
2025-07-22T07:00Z,7,203,28.4,72.0,318.0,572.4,3200.0,0.15
2025-07-22T08:00Z,8,203,30.5,60.0,510.0,918.0,4250.0,0.85
2025-07-22T09:00Z,9,203,32.8,48.0,683.0,1229.4,5400.0,0.85
2025-07-22T10:00Z,10,203,35.0,39.0,816.0,1468.8,6500.0,0.85
2025-07-22T11:00Z,11,203,35.8,37.0,899.0,1618.2,6900.0,0.85
2025-07-22T12:00Z,12,203,36.0,37.0,925.0,1665.0,7000.0,0.85
2025-07-22T13:00Z,13,203,36.1,34.0,892.0,1605.6,7050.0,0.85
2025-07-22T14:00Z,14,203,35.5,35.0,803.0,1445.4,6750.0,0.85
2025-07-22T15:00Z,15,203,34.5,38.0,664.0,1195.2,6250.0,0.85
2025-07-22T16:00Z,16,203,33.5,42.0,490.0,882.0,5750.0,0.85
2025-07-22T17:00Z,17,203,32.2,46.0,297.0,534.6,5100.0,0.85
2025-07-22T18:00Z,18,203,30.4,55.0,116.0,208.8,4200.0,0.15
2025-07-22T19:00Z,19,203,28.9,65.0,9.0,16.2,3450.0,0.15
2025-07-22T20:00Z,20,203,28.0,73.0,0.0,0.0,3000.0,0.15
2025-07-22T21:00Z,21,203,27.4,75.0,0.0,0.0,2700.0,0.15
2025-07-22T22:00Z,22,203,26.8,78.0,0.0,0.0,2400.0,0.15
2025-07-22T23:00Z,23,203,26.2,80.0,0.0,0.0,2100.0,0.15
2025-07-23T00:00Z,0,204,25.6,83.0,0.0,0.0,1800.0,0.15
2025-07-23T01:00Z,1,204,24.7,88.0,0.0,0.0,1350.0,0.15
2025-07-23T02:00Z,2,204,24.0,89.0,0.0,0.0,1000.0,0.15
2025-07-23T03:00Z,3,204,23.5,88.0,0.0,0.0,750.0,0.15
2025-07-23T04:00Z,4,204,23.1,89.0,0.0,0.0,550.0,0.15
2025-07-23T05:00Z,5,204,23.4,86.0,16.0,28.8,700.0,0.15
2025-07-23T06:00Z,6,204,25.5,72.0,137.0,246.6,1750.0,0.15
2025-07-23T07:00Z,7,204,28.3,57.0,320.0,576.0,3150.0,0.15
2025-07-23T08:00Z,8,204,31.1,39.0,510.0,918.0,4550.0,0.85
2025-07-23T09:00Z,9,204,33.8,31.0,681.0,1225.8,5900.0,0.85
2025-07-23T10:00Z,10,204,36.0,29.0,815.0,1467.0,7000.0,0.85
2025-07-23T11:00Z,11,204,38.1,28.0,897.0,1614.6,8050.0,0.85
2025-07-23T12:00Z,12,204,39.8,26.0,922.0,1659.6,8900.0,0.85
2025-07-23T13:00Z,13,204,41.7,21.0,881.0,1585.8,9850.0,0.85
2025-07-23T14:00Z,14,204,39.1,28.0,519.0,934.2,8550.0,0.85
2025-07-23T15:00Z,15,204,39.2,28.0,531.0,955.8,8600.0,0.85
2025-07-23T16:00Z,16,204,40.2,22.0,462.0,831.6,9100.0,0.85
2025-07-23T17:00Z,17,204,38.8,24.0,292.0,525.6,8400.0,0.85
2025-07-23T18:00Z,18,204,35.7,29.0,111.0,199.8,6850.0,0.15
2025-07-23T19:00Z,19,204,33.5,34.0,9.0,16.2,5750.0,0.15
2025-07-23T20:00Z,20,204,31.9,37.0,0.0,0.0,4950.0,0.15
2025-07-23T21:00Z,21,204,30.5,43.0,0.0,0.0,4250.0,0.15
2025-07-23T22:00Z,22,204,29.6,48.0,0.0,0.0,3800.0,0.15
2025-07-23T23:00Z,23,204,29.0,53.0,0.0,0.0,3500.0,0.15
2025-07-24T00:00Z,0,205,28.5,60.0,0.0,0.0,3250.0,0.15
2025-07-24T01:00Z,1,205,30.9,38.0,0.0,0.0,4450.0,0.15
2025-07-24T02:00Z,2,205,29.8,41.0,0.0,0.0,3900.0,0.15
2025-07-24T03:00Z,3,205,29.0,55.0,0.0,0.0,3500.0,0.15
2025-07-24T04:00Z,4,205,28.2,62.0,0.0,0.0,3100.0,0.15
2025-07-24T05:00Z,5,205,28.0,66.0,15.0,27.0,3000.0,0.15
2025-07-24T06:00Z,6,205,29.4,57.0,136.0,244.8,3700.0,0.15
2025-07-24T07:00Z,7,205,31.7,46.0,320.0,576.0,4850.0,0.15
2025-07-24T08:00Z,8,205,34.7,38.0,512.0,921.6,6350.0,0.85
2025-07-24T09:00Z,9,205,37.5,31.0,683.0,1229.4,7750.0,0.85
2025-07-24T10:00Z,10,205,40.0,26.0,818.0,1472.4,9000.0,0.85
2025-07-24T11:00Z,11,205,41.7,22.0,906.0,1630.8,9850.0,0.85
2025-07-24T12:00Z,12,205,42.8,17.0,794.0,1429.2,10400.0,0.85
2025-07-24T13:00Z,13,205,41.0,16.0,587.0,1056.6,9500.0,0.85
2025-07-24T14:00Z,14,205,40.1,16.0,255.0,459.0,9050.0,0.85
2025-07-24T15:00Z,15,205,44.0,9.0,548.0,986.4,11000.0,0.85
2025-07-24T16:00Z,16,205,41.6,17.0,327.0,588.6,9800.0,0.85
2025-07-24T17:00Z,17,205,39.3,24.0,230.0,414.0,8650.0,0.85
2025-07-24T18:00Z,18,205,37.3,28.0,94.0,169.2,7650.0,0.15
2025-07-24T19:00Z,19,205,35.8,30.0,6.0,10.8,6900.0,0.15
2025-07-24T20:00Z,20,205,34.6,33.0,0.0,0.0,6300.0,0.15
2025-07-24T21:00Z,21,205,33.0,39.0,0.0,0.0,5500.0,0.15
2025-07-24T22:00Z,22,205,32.0,42.0,0.0,0.0,5000.0,0.15
2025-07-24T23:00Z,23,205,31.2,47.0,0.0,0.0,4600.0,0.15
2025-07-25T00:00Z,0,206,30.7,47.0,0.0,0.0,4350.0,0.15
2025-07-25T01:00Z,1,206,29.9,42.0,0.0,0.0,3950.0,0.15
2025-07-25T02:00Z,2,206,29.8,43.0,0.0,0.0,3900.0,0.15
2025-07-25T03:00Z,3,206,30.2,39.0,0.0,0.0,4100.0,0.15
2025-07-25T04:00Z,4,206,30.2,37.0,0.0,0.0,4100.0,0.15
2025-07-25T05:00Z,5,206,31.3,36.0,15.0,27.0,4650.0,0.15
2025-07-25T06:00Z,6,206,33.8,28.0,136.0,244.8,5900.0,0.15
2025-07-25T07:00Z,7,206,35.8,28.0,325.0,585.0,6900.0,0.15
2025-07-25T08:00Z,8,206,38.5,23.0,519.0,934.2,8250.0,0.85
2025-07-25T09:00Z,9,206,41.7,16.0,693.0,1247.4,9850.0,0.85
2025-07-25T10:00Z,10,206,43.5,14.0,829.0,1492.2,10750.0,0.85
2025-07-25T11:00Z,11,206,45.3,10.0,815.0,1467.0,11650.0,0.85
2025-07-25T12:00Z,12,206,44.3,10.0,571.0,1027.8,11150.0,0.85
2025-07-25T13:00Z,13,206,38.8,25.0,603.0,1085.4,8400.0,0.85
2025-07-25T14:00Z,14,206,38.0,30.0,703.0,1265.4,8000.0,0.85
2025-07-25T15:00Z,15,206,35.7,40.0,531.0,955.8,6850.0,0.85
2025-07-25T16:00Z,16,206,34.0,44.0,397.0,714.6,6000.0,0.85
2025-07-25T17:00Z,17,206,32.6,50.0,147.0,264.6,5300.0,0.85
2025-07-25T18:00Z,18,206,30.5,57.0,83.0,149.4,4250.0,0.15
2025-07-25T19:00Z,19,206,29.2,59.0,5.0,9.0,3600.0,0.15
2025-07-25T20:00Z,20,206,28.0,60.0,0.0,0.0,3000.0,0.15
2025-07-25T21:00Z,21,206,27.3,59.0,0.0,0.0,2650.0,0.15
2025-07-25T22:00Z,22,206,27.0,52.0,0.0,0.0,2500.0,0.15
2025-07-25T23:00Z,23,206,26.6,58.0,0.0,0.0,2300.0,0.15
2025-07-26T00:00Z,0,207,25.9,64.0,0.0,0.0,1950.0,0.15
2025-07-26T01:00Z,1,207,25.7,65.0,0.0,0.0,1850.0,0.15
2025-07-26T02:00Z,2,207,25.6,66.0,0.0,0.0,1800.0,0.15
2025-07-26T03:00Z,3,207,25.5,68.0,0.0,0.0,1750.0,0.15
2025-07-26T04:00Z,4,207,25.0,72.0,0.0,0.0,1500.0,0.15
2025-07-26T05:00Z,5,207,25.0,71.0,13.0,23.4,1500.0,0.15
2025-07-26T06:00Z,6,207,25.6,68.0,126.0,226.8,1800.0,0.15
2025-07-26T07:00Z,7,207,26.8,61.0,305.0,549.0,2400.0,0.15
2025-07-26T08:00Z,8,207,28.2,54.0,500.0,900.0,3100.0,0.15
2025-07-26T09:00Z,9,207,29.5,48.0,614.0,1105.2,3750.0,0.15
2025-07-26T10:00Z,10,207,30.2,44.0,698.0,1256.4,4100.0,0.15
2025-07-26T11:00Z,11,207,31.1,39.0,832.0,1497.6,4550.0,0.15
2025-07-26T12:00Z,12,207,31.5,35.0,839.0,1510.2,4750.0,0.15
2025-07-26T13:00Z,13,207,31.6,30.0,793.0,1427.4,4800.0,0.15
2025-07-26T14:00Z,14,207,31.2,32.0,721.0,1297.8,4600.0,0.15
2025-07-26T15:00Z,15,207,30.8,34.0,612.0,1101.6,4400.0,0.15
2025-07-26T16:00Z,16,207,29.9,37.0,473.0,851.4,3950.0,0.15
2025-07-26T17:00Z,17,207,28.4,41.0,285.0,513.0,3200.0,0.15
2025-07-26T18:00Z,18,207,26.9,51.0,110.0,198.0,2450.0,0.15
2025-07-26T19:00Z,19,207,25.8,54.0,8.0,14.4,1900.0,0.15
2025-07-26T20:00Z,20,207,25.1,58.0,0.0,0.0,1550.0,0.15
2025-07-26T21:00Z,21,207,24.9,60.0,0.0,0.0,1450.0,0.15
2025-07-26T22:00Z,22,207,24.6,62.0,0.0,0.0,1300.0,0.15
2025-07-26T23:00Z,23,207,24.2,64.0,0.0,0.0,1100.0,0.15
2025-07-27T00:00Z,0,208,24.0,66.0,0.0,0.0,1000.0,0.15
2025-07-27T01:00Z,1,208,24.1,65.0,0.0,0.0,1050.0,0.15
2025-07-27T02:00Z,2,208,23.9,65.0,0.0,0.0,950.0,0.15
2025-07-27T03:00Z,3,208,23.6,65.0,0.0,0.0,800.0,0.15
2025-07-27T04:00Z,4,208,23.5,66.0,0.0,0.0,750.0,0.15
2025-07-27T05:00Z,5,208,23.6,65.0,13.0,23.4,800.0,0.15
2025-07-27T06:00Z,6,208,24.7,62.0,127.0,228.6,1350.0,0.15
2025-07-27T07:00Z,7,208,26.7,53.0,309.0,556.2,2350.0,0.15
2025-07-27T08:00Z,8,208,28.2,45.0,437.0,786.6,3100.0,0.15
2025-07-27T09:00Z,9,208,29.6,40.0,588.0,1058.4,3800.0,0.15
2025-07-27T10:00Z,10,208,30.7,37.0,690.0,1242.0,4350.0,0.15
2025-07-27T11:00Z,11,208,30.6,37.0,549.0,988.2,4300.0,0.15
2025-07-27T12:00Z,12,208,31.0,36.0,702.0,1263.6,4500.0,0.15
2025-07-27T13:00Z,13,208,31.7,36.0,858.0,1544.4,4850.0,0.15
2025-07-27T14:00Z,14,208,31.1,36.0,772.0,1389.6,4550.0,0.15
2025-07-27T15:00Z,15,208,30.8,36.0,648.0,1166.4,4400.0,0.15
2025-07-27T16:00Z,16,208,29.6,41.0,475.0,855.0,3800.0,0.15
2025-07-27T17:00Z,17,208,28.5,45.0,282.0,507.6,3250.0,0.15
2025-07-27T18:00Z,18,208,27.4,47.0,107.0,192.6,2700.0,0.15
2025-07-27T19:00Z,19,208,26.3,53.0,7.0,12.6,2150.0,0.15
2025-07-27T20:00Z,20,208,25.6,58.0,0.0,0.0,1800.0,0.15
2025-07-27T21:00Z,21,208,25.1,63.0,0.0,0.0,1550.0,0.15
2025-07-27T22:00Z,22,208,24.7,67.0,0.0,0.0,1350.0,0.15
2025-07-27T23:00Z,23,208,24.2,70.0,0.0,0.0,1100.0,0.15
2025-07-28T00:00Z,0,209,23.9,72.0,0.0,0.0,950.0,0.15
2025-07-28T01:00Z,1,209,23.9,71.0,0.0,0.0,950.0,0.15
2025-07-28T02:00Z,2,209,23.5,72.0,0.0,0.0,750.0,0.15
2025-07-28T03:00Z,3,209,23.2,75.0,0.0,0.0,600.0,0.15
2025-07-28T04:00Z,4,209,22.6,78.0,0.0,0.0,300.0,0.15
2025-07-28T05:00Z,5,209,22.5,79.0,13.0,23.4,250.0,0.15
2025-07-28T06:00Z,6,209,23.5,73.0,126.0,226.8,750.0,0.15
2025-07-28T07:00Z,7,209,25.5,64.0,305.0,549.0,1750.0,0.15
2025-07-28T08:00Z,8,209,27.6,55.0,493.0,887.4,2800.0,0.85
2025-07-28T09:00Z,9,209,29.8,44.0,671.0,1207.8,3900.0,0.85
2025-07-28T10:00Z,10,209,31.2,37.0,799.0,1438.2,4600.0,0.85
2025-07-28T11:00Z,11,209,32.0,33.0,881.0,1585.8,5000.0,0.85
2025-07-28T12:00Z,12,209,32.5,30.0,906.0,1630.8,5250.0,0.85
2025-07-28T13:00Z,13,209,32.8,30.0,869.0,1564.2,5400.0,0.85
2025-07-28T14:00Z,14,209,32.5,33.0,759.0,1366.2,5250.0,0.85
2025-07-28T15:00Z,15,209,31.6,36.0,637.0,1146.6,4800.0,0.85
2025-07-28T16:00Z,16,209,30.5,40.0,468.0,842.4,4250.0,0.85
2025-07-28T17:00Z,17,209,29.1,44.0,278.0,500.4,3550.0,0.85
2025-07-28T18:00Z,18,209,27.5,50.0,103.0,185.4,2750.0,0.15
2025-07-28T19:00Z,19,209,26.2,55.0,6.0,10.8,2100.0,0.15
2025-07-28T20:00Z,20,209,25.8,57.0,0.0,0.0,1900.0,0.15
2025-07-28T21:00Z,21,209,25.4,61.0,0.0,0.0,1700.0,0.15
2025-07-28T22:00Z,22,209,24.9,62.0,0.0,0.0,1450.0,0.15
2025-07-28T23:00Z,23,209,24.5,63.0,0.0,0.0,1250.0,0.15
2025-07-29T00:00Z,0,210,24.3,63.0,0.0,0.0,1150.0,0.15
2025-07-29T01:00Z,1,210,23.6,63.0,0.0,0.0,800.0,0.15
2025-07-29T02:00Z,2,210,23.1,69.0,0.0,0.0,550.0,0.15
2025-07-29T03:00Z,3,210,23.0,71.0,0.0,0.0,500.0,0.15
2025-07-29T04:00Z,4,210,23.0,71.0,0.0,0.0,500.0,0.15
2025-07-29T05:00Z,5,210,23.1,69.0,12.0,21.6,550.0,0.15
2025-07-29T06:00Z,6,210,24.2,61.0,125.0,225.0,1100.0,0.15
2025-07-29T07:00Z,7,210,25.9,50.0,306.0,550.8,1950.0,0.15
2025-07-29T08:00Z,8,210,27.2,43.0,491.0,883.8,2600.0,0.85
2025-07-29T09:00Z,9,210,28.5,39.0,667.0,1200.6,3250.0,0.85
2025-07-29T10:00Z,10,210,29.5,34.0,804.0,1447.2,3750.0,0.85
2025-07-29T11:00Z,11,210,30.2,33.0,875.0,1575.0,4100.0,0.85
2025-07-29T12:00Z,12,210,30.6,31.0,902.0,1623.6,4300.0,0.85
2025-07-29T13:00Z,13,210,30.8,30.0,855.0,1539.0,4400.0,0.85
2025-07-29T14:00Z,14,210,30.4,31.0,748.0,1346.4,4200.0,0.85
2025-07-29T15:00Z,15,210,29.8,32.0,651.0,1171.8,3900.0,0.85
2025-07-29T16:00Z,16,210,28.5,36.0,462.0,831.6,3250.0,0.85
2025-07-29T17:00Z,17,210,27.4,40.0,280.0,504.0,2700.0,0.85
2025-07-29T18:00Z,18,210,26.1,44.0,105.0,189.0,2050.0,0.15
2025-07-29T19:00Z,19,210,25.1,48.0,6.0,10.8,1550.0,0.15
2025-07-29T20:00Z,20,210,24.4,52.0,0.0,0.0,1200.0,0.15
2025-07-29T21:00Z,21,210,23.9,56.0,0.0,0.0,950.0,0.15
2025-07-29T22:00Z,22,210,23.4,59.0,0.0,0.0,700.0,0.15
2025-07-29T23:00Z,23,210,23.1,61.0,0.0,0.0,550.0,0.15
2025-07-30T00:00Z,0,211,22.8,63.0,0.0,0.0,400.0,0.15
2025-07-30T01:00Z,1,211,22.2,64.0,0.0,0.0,100.0,0.15
2025-07-30T02:00Z,2,211,21.9,66.0,0.0,0.0,50.0,0.15
2025-07-30T03:00Z,3,211,21.7,67.0,0.0,0.0,150.0,0.15
2025-07-30T04:00Z,4,211,21.5,68.0,0.0,0.0,250.0,0.15
2025-07-30T05:00Z,5,211,21.6,68.0,12.0,21.6,200.0,0.15
2025-07-30T06:00Z,6,211,23.1,62.0,126.0,226.8,550.0,0.15
2025-07-30T07:00Z,7,211,25.1,54.0,310.0,558.0,1550.0,0.15
2025-07-30T08:00Z,8,211,27.0,45.0,474.0,853.2,2500.0,0.85
2025-07-30T09:00Z,9,211,28.8,38.0,642.0,1155.6,3400.0,0.85
2025-07-30T10:00Z,10,211,30.1,33.0,758.0,1364.4,4050.0,0.85
2025-07-30T11:00Z,11,211,31.0,31.0,816.0,1468.8,4500.0,0.85
2025-07-30T12:00Z,12,211,31.7,28.0,887.0,1596.6,4850.0,0.85
2025-07-30T13:00Z,13,211,31.4,30.0,848.0,1526.4,4700.0,0.85
2025-07-30T14:00Z,14,211,31.0,29.0,786.0,1414.8,4500.0,0.85
2025-07-30T15:00Z,15,211,29.9,29.0,655.0,1179.0,3950.0,0.85
2025-07-30T16:00Z,16,211,28.6,35.0,480.0,864.0,3300.0,0.85
2025-07-30T17:00Z,17,211,27.2,41.0,283.0,509.4,2600.0,0.85
2025-07-30T18:00Z,18,211,26.2,43.0,103.0,185.4,2100.0,0.15
2025-07-30T19:00Z,19,211,25.1,50.0,6.0,10.8,1550.0,0.15
2025-07-30T20:00Z,20,211,24.5,54.0,0.0,0.0,1250.0,0.15
2025-07-30T21:00Z,21,211,24.0,57.0,0.0,0.0,1000.0,0.15
2025-07-30T22:00Z,22,211,23.5,60.0,0.0,0.0,750.0,0.15
2025-07-30T23:00Z,23,211,23.1,63.0,0.0,0.0,550.0,0.15
2025-07-31T00:00Z,0,212,22.8,65.0,0.0,0.0,400.0,0.15
2025-07-31T01:00Z,1,212,22.3,68.0,0.0,0.0,150.0,0.15
2025-07-31T02:00Z,2,212,22.0,71.0,0.0,0.0,0.0,0.15
2025-07-31T03:00Z,3,212,21.9,72.0,0.0,0.0,50.0,0.15
2025-07-31T04:00Z,4,212,21.8,72.0,0.0,0.0,100.0,0.15
2025-07-31T05:00Z,5,212,21.9,71.0,11.0,19.8,50.0,0.15
2025-07-31T06:00Z,6,212,23.4,64.0,125.0,225.0,700.0,0.15
2025-07-31T07:00Z,7,212,25.0,55.0,310.0,558.0,1500.0,0.15
2025-07-31T08:00Z,8,212,26.6,47.0,499.0,898.2,2300.0,0.85
2025-07-31T09:00Z,9,212,28.3,40.0,668.0,1202.4,3150.0,0.85
2025-07-31T10:00Z,10,212,29.7,36.0,804.0,1447.2,3850.0,0.85
2025-07-31T11:00Z,11,212,30.8,33.0,887.0,1596.6,4400.0,0.85
2025-07-31T12:00Z,12,212,31.6,30.0,912.0,1641.6,4800.0,0.85
2025-07-31T13:00Z,13,212,32.0,29.0,881.0,1585.8,5000.0,0.85
2025-07-31T14:00Z,14,212,31.9,30.0,796.0,1432.8,4950.0,0.85
2025-07-31T15:00Z,15,212,31.2,32.0,655.0,1179.0,4600.0,0.85
2025-07-31T16:00Z,16,212,30.2,35.0,477.0,858.6,4100.0,0.85
2025-07-31T17:00Z,17,212,28.8,40.0,281.0,505.8,3400.0,0.85
2025-07-31T18:00Z,18,212,27.3,47.0,101.0,181.8,2650.0,0.15
2025-07-31T19:00Z,19,212,26.1,54.0,5.0,9.0,2050.0,0.15
2025-07-31T20:00Z,20,212,25.2,61.0,0.0,0.0,1600.0,0.15
2025-07-31T21:00Z,21,212,24.4,67.0,0.0,0.0,1200.0,0.15
2025-07-31T22:00Z,22,212,23.8,71.0,0.0,0.0,900.0,0.15
2025-07-31T23:00Z,23,212,23.1,74.0,0.0,0.0,550.0,0.15
2025-08-01T00:00Z,0,213,22.6,76.0,0.0,0.0,300.0,0.15
2025-08-01T01:00Z,1,213,21.8,73.0,0.0,0.0,100.0,0.15
2025-08-01T02:00Z,2,213,21.3,74.0,0.0,0.0,350.0,0.15
2025-08-01T03:00Z,3,213,20.5,80.0,0.0,0.0,750.0,0.15
2025-08-01T04:00Z,4,213,20.0,83.0,0.0,0.0,1000.0,0.15
2025-08-01T05:00Z,5,213,20.1,82.0,11.0,19.8,950.0,0.15
2025-08-01T06:00Z,6,213,21.5,74.0,122.0,219.6,250.0,0.15
2025-08-01T07:00Z,7,213,24.1,61.0,306.0,550.8,1050.0,0.15
2025-08-01T08:00Z,8,213,26.9,45.0,497.0,894.6,2450.0,0.85
2025-08-01T09:00Z,9,213,29.2,35.0,668.0,1202.4,3600.0,0.85
2025-08-01T10:00Z,10,213,30.7,31.0,719.0,1294.2,4350.0,0.85
2025-08-01T11:00Z,11,213,31.9,30.0,813.0,1463.4,4950.0,0.85
2025-08-01T12:00Z,12,213,32.8,29.0,906.0,1630.8,5400.0,0.85
2025-08-01T13:00Z,13,213,33.2,28.0,869.0,1564.2,5600.0,0.85
2025-08-01T14:00Z,14,213,33.0,30.0,775.0,1395.0,5500.0,0.85
2025-08-01T15:00Z,15,213,31.5,38.0,633.0,1139.4,4750.0,0.85
2025-08-01T16:00Z,16,213,29.9,45.0,458.0,824.4,3950.0,0.85
2025-08-01T17:00Z,17,213,28.4,51.0,255.0,459.0,3200.0,0.85
2025-08-01T18:00Z,18,213,26.9,58.0,95.0,171.0,2450.0,0.15
2025-08-01T19:00Z,19,213,26.0,64.0,5.0,9.0,2000.0,0.15
2025-08-01T20:00Z,20,213,25.6,68.0,0.0,0.0,1800.0,0.15
2025-08-01T21:00Z,21,213,25.4,70.0,0.0,0.0,1700.0,0.15
2025-08-01T22:00Z,22,213,25.1,71.0,0.0,0.0,1550.0,0.15
2025-08-01T23:00Z,23,213,24.8,72.0,0.0,0.0,1400.0,0.15
2025-08-02T00:00Z,0,214,24.3,73.0,0.0,0.0,1150.0,0.15
2025-08-02T01:00Z,1,214,23.8,74.0,0.0,0.0,900.0,0.15
2025-08-02T02:00Z,2,214,23.2,77.0,0.0,0.0,600.0,0.15
2025-08-02T03:00Z,3,214,23.1,77.0,0.0,0.0,550.0,0.15
2025-08-02T04:00Z,4,214,22.9,78.0,0.0,0.0,450.0,0.15
2025-08-02T05:00Z,5,214,22.9,79.0,9.0,16.2,450.0,0.15
2025-08-02T06:00Z,6,214,23.7,74.0,103.0,185.4,850.0,0.15
2025-08-02T07:00Z,7,214,25.2,64.0,248.0,446.4,1600.0,0.15
2025-08-02T08:00Z,8,214,26.6,56.0,378.0,680.4,2300.0,0.15
2025-08-02T09:00Z,9,214,28.6,50.0,530.0,954.0,3300.0,0.15
2025-08-02T10:00Z,10,214,30.5,43.0,718.0,1292.4,4250.0,0.15
2025-08-02T11:00Z,11,214,32.5,34.0,864.0,1555.2,5250.0,0.15
2025-08-02T12:00Z,12,214,34.1,26.0,903.0,1625.4,6050.0,0.15
2025-08-02T13:00Z,13,214,34.0,25.0,877.0,1578.6,6000.0,0.15
2025-08-02T14:00Z,14,214,33.7,29.0,784.0,1411.2,5850.0,0.15
2025-08-02T15:00Z,15,214,33.3,32.0,641.0,1153.8,5650.0,0.15
2025-08-02T16:00Z,16,214,32.3,34.0,463.0,833.4,5150.0,0.15
2025-08-02T17:00Z,17,214,30.9,38.0,270.0,486.0,4450.0,0.15
2025-08-02T18:00Z,18,214,29.3,43.0,95.0,171.0,3650.0,0.15
2025-08-02T19:00Z,19,214,27.5,50.0,4.0,7.2,2750.0,0.15
2025-08-02T20:00Z,20,214,26.3,56.0,0.0,0.0,2150.0,0.15
2025-08-02T21:00Z,21,214,25.4,60.0,0.0,0.0,1700.0,0.15
2025-08-02T22:00Z,22,214,24.6,66.0,0.0,0.0,1300.0,0.15
2025-08-02T23:00Z,23,214,24.0,70.0,0.0,0.0,1000.0,0.15
2025-08-03T00:00Z,0,215,23.6,72.0,0.0,0.0,800.0,0.15
2025-08-03T01:00Z,1,215,23.2,75.0,0.0,0.0,600.0,0.15
2025-08-03T02:00Z,2,215,22.9,76.0,0.0,0.0,450.0,0.15
2025-08-03T03:00Z,3,215,22.6,76.0,0.0,0.0,300.0,0.15
2025-08-03T04:00Z,4,215,22.2,78.0,0.0,0.0,100.0,0.15
2025-08-03T05:00Z,5,215,22.2,76.0,9.0,16.2,100.0,0.15
2025-08-03T06:00Z,6,215,23.6,69.0,114.0,205.2,800.0,0.15
2025-08-03T07:00Z,7,215,25.8,59.0,292.0,525.6,1900.0,0.15
2025-08-03T08:00Z,8,215,28.0,49.0,484.0,871.2,3000.0,0.15
2025-08-03T09:00Z,9,215,29.7,42.0,614.0,1105.2,3850.0,0.15
2025-08-03T10:00Z,10,215,31.5,37.0,802.0,1443.6,4750.0,0.15
2025-08-03T11:00Z,11,215,32.5,36.0,886.0,1594.8,5250.0,0.15
2025-08-03T12:00Z,12,215,33.2,34.0,911.0,1639.8,5600.0,0.15
2025-08-03T13:00Z,13,215,33.3,35.0,873.0,1571.4,5650.0,0.15
2025-08-03T14:00Z,14,215,33.0,34.0,783.0,1409.4,5500.0,0.15
2025-08-03T15:00Z,15,215,32.2,36.0,639.0,1150.2,5100.0,0.15
2025-08-03T16:00Z,16,215,31.2,38.0,442.0,795.6,4600.0,0.15
2025-08-03T17:00Z,17,215,29.5,41.0,267.0,480.6,3750.0,0.15
2025-08-03T18:00Z,18,215,27.9,43.0,92.0,165.6,2950.0,0.15
2025-08-03T19:00Z,19,215,26.4,47.0,4.0,7.2,2200.0,0.15
2025-08-03T20:00Z,20,215,25.3,55.0,0.0,0.0,1650.0,0.15
2025-08-03T21:00Z,21,215,24.5,60.0,0.0,0.0,1250.0,0.15
2025-08-03T22:00Z,22,215,24.0,63.0,0.0,0.0,1000.0,0.15
2025-08-03T23:00Z,23,215,23.5,64.0,0.0,0.0,750.0,0.15
2025-08-04T00:00Z,0,216,23.1,66.0,0.0,0.0,550.0,0.15
2025-08-04T01:00Z,1,216,22.6,65.0,0.0,0.0,300.0,0.15
2025-08-04T02:00Z,2,216,22.3,69.0,0.0,0.0,150.0,0.15
2025-08-04T03:00Z,3,216,22.0,71.0,0.0,0.0,0.0,0.15
2025-08-04T04:00Z,4,216,21.7,74.0,0.0,0.0,150.0,0.15
2025-08-04T05:00Z,5,216,21.6,75.0,9.0,16.2,200.0,0.15
2025-08-04T06:00Z,6,216,22.7,68.0,118.0,212.4,350.0,0.15
2025-08-04T07:00Z,7,216,24.1,59.0,307.0,552.6,1050.0,0.15
2025-08-04T08:00Z,8,216,25.9,48.0,508.0,914.4,1950.0,0.85
2025-08-04T09:00Z,9,216,27.6,40.0,687.0,1236.6,2800.0,0.85
2025-08-04T10:00Z,10,216,29.0,38.0,818.0,1472.4,3500.0,0.85
2025-08-04T11:00Z,11,216,30.0,36.0,905.0,1629.0,4000.0,0.85
2025-08-04T12:00Z,12,216,30.6,35.0,926.0,1666.8,4300.0,0.85
2025-08-04T13:00Z,13,216,31.0,35.0,892.0,1605.6,4500.0,0.85
2025-08-04T14:00Z,14,216,30.8,35.0,794.0,1429.2,4400.0,0.85
2025-08-04T15:00Z,15,216,30.4,37.0,651.0,1171.8,4200.0,0.85
2025-08-04T16:00Z,16,216,29.3,40.0,469.0,844.2,3650.0,0.85
2025-08-04T17:00Z,17,216,28.4,42.0,272.0,489.6,3200.0,0.85
2025-08-04T18:00Z,18,216,27.1,46.0,93.0,167.4,2550.0,0.15
2025-08-04T19:00Z,19,216,26.0,51.0,4.0,7.2,2000.0,0.15
2025-08-04T20:00Z,20,216,24.9,59.0,0.0,0.0,1450.0,0.15
2025-08-04T21:00Z,21,216,23.8,68.0,0.0,0.0,900.0,0.15
2025-08-04T22:00Z,22,216,23.0,74.0,0.0,0.0,500.0,0.15
2025-08-04T23:00Z,23,216,22.4,78.0,0.0,0.0,200.0,0.15
2025-08-05T00:00Z,0,217,21.9,81.0,0.0,0.0,50.0,0.15
2025-08-05T01:00Z,1,217,21.1,82.0,0.0,0.0,450.0,0.15
2025-08-05T02:00Z,2,217,20.8,84.0,0.0,0.0,600.0,0.15
2025-08-05T03:00Z,3,217,20.2,87.0,0.0,0.0,900.0,0.15
2025-08-05T04:00Z,4,217,19.8,89.0,0.0,0.0,1100.0,0.15
2025-08-05T05:00Z,5,217,19.6,89.0,8.0,14.4,1200.0,0.15
2025-08-05T06:00Z,6,217,21.1,80.0,115.0,207.0,450.0,0.15
2025-08-05T07:00Z,7,217,23.5,70.0,299.0,538.2,750.0,0.15
2025-08-05T08:00Z,8,217,25.8,60.0,495.0,891.0,1900.0,0.85
2025-08-05T09:00Z,9,217,28.0,48.0,669.0,1204.2,3000.0,0.85
2025-08-05T10:00Z,10,217,29.6,42.0,801.0,1441.8,3800.0,0.85
2025-08-05T11:00Z,11,217,30.9,38.0,883.0,1589.4,4450.0,0.85
2025-08-05T12:00Z,12,217,31.5,35.0,905.0,1629.0,4750.0,0.85
2025-08-05T13:00Z,13,217,32.0,33.0,870.0,1566.0,5000.0,0.85
2025-08-05T14:00Z,14,217,31.8,35.0,778.0,1400.4,4900.0,0.85
2025-08-05T15:00Z,15,217,31.0,37.0,636.0,1144.8,4500.0,0.85
2025-08-05T16:00Z,16,217,29.6,42.0,458.0,824.4,3800.0,0.85
2025-08-05T17:00Z,17,217,28.1,47.0,264.0,475.2,3050.0,0.85
2025-08-05T18:00Z,18,217,26.7,53.0,89.0,160.2,2350.0,0.15
2025-08-05T19:00Z,19,217,25.5,60.0,3.0,5.4,1750.0,0.15
2025-08-05T20:00Z,20,217,24.8,67.0,0.0,0.0,1400.0,0.15
2025-08-05T21:00Z,21,217,24.1,71.0,0.0,0.0,1050.0,0.15
2025-08-05T22:00Z,22,217,23.5,75.0,0.0,0.0,750.0,0.15
2025-08-05T23:00Z,23,217,23.0,78.0,0.0,0.0,500.0,0.15
2025-08-06T00:00Z,0,218,22.6,80.0,0.0,0.0,300.0,0.15
2025-08-06T01:00Z,1,218,22.0,83.0,0.0,0.0,0.0,0.15
2025-08-06T02:00Z,2,218,21.6,85.0,0.0,0.0,200.0,0.15
2025-08-06T03:00Z,3,218,21.4,86.0,0.0,0.0,300.0,0.15
2025-08-06T04:00Z,4,218,21.0,87.0,0.0,0.0,500.0,0.15
2025-08-06T05:00Z,5,218,21.0,87.0,7.0,12.6,500.0,0.15
2025-08-06T06:00Z,6,218,22.2,80.0,109.0,196.2,100.0,0.15
2025-08-06T07:00Z,7,218,24.2,70.0,288.0,518.4,1100.0,0.15
2025-08-06T08:00Z,8,218,26.5,61.0,480.0,864.0,2250.0,0.85
2025-08-06T09:00Z,9,218,28.8,50.0,654.0,1177.2,3400.0,0.85
2025-08-06T10:00Z,10,218,30.8,42.0,788.0,1418.4,4400.0,0.85
2025-08-06T11:00Z,11,218,32.5,37.0,869.0,1564.2,5250.0,0.85
2025-08-06T12:00Z,12,218,33.5,34.0,894.0,1609.2,5750.0,0.85
2025-08-06T13:00Z,13,218,33.3,38.0,858.0,1544.4,5650.0,0.85
2025-08-06T14:00Z,14,218,31.8,50.0,765.0,1377.0,4900.0,0.85
2025-08-06T15:00Z,15,218,30.8,54.0,615.0,1107.0,4400.0,0.85
2025-08-06T16:00Z,16,218,30.0,54.0,446.0,802.8,4000.0,0.85
2025-08-06T17:00Z,17,218,29.0,55.0,256.0,460.8,3500.0,0.85
2025-08-06T18:00Z,18,218,27.5,62.0,85.0,153.0,2750.0,0.15
2025-08-06T19:00Z,19,218,26.5,67.0,3.0,5.4,2250.0,0.15
2025-08-06T20:00Z,20,218,25.9,71.0,0.0,0.0,1950.0,0.15
2025-08-06T21:00Z,21,218,25.4,74.0,0.0,0.0,1700.0,0.15
2025-08-06T22:00Z,22,218,24.9,77.0,0.0,0.0,1450.0,0.15
2025-08-06T23:00Z,23,218,24.2,82.0,0.0,0.0,1100.0,0.15
2025-08-07T00:00Z,0,219,23.6,85.0,0.0,0.0,800.0,0.15
2025-08-07T01:00Z,1,219,22.7,90.0,0.0,0.0,350.0,0.15
2025-08-07T02:00Z,2,219,22.2,92.0,0.0,0.0,100.0,0.15
2025-08-07T03:00Z,3,219,21.9,93.0,0.0,0.0,50.0,0.15
2025-08-07T04:00Z,4,219,21.6,96.0,0.0,0.0,200.0,0.15
2025-08-07T05:00Z,5,219,21.2,99.0,7.0,12.6,400.0,0.15
2025-08-07T06:00Z,6,219,23.1,85.0,106.0,190.8,550.0,0.15
2025-08-07T07:00Z,7,219,25.7,68.0,289.0,520.2,1850.0,0.15
2025-08-07T08:00Z,8,219,28.4,55.0,489.0,880.2,3200.0,0.85
2025-08-07T09:00Z,9,219,31.1,39.0,665.0,1197.0,4550.0,0.85
2025-08-07T10:00Z,10,219,33.2,30.0,801.0,1441.8,5600.0,0.85
2025-08-07T11:00Z,11,219,34.4,29.0,887.0,1596.6,6200.0,0.85
2025-08-07T12:00Z,12,219,34.2,33.0,913.0,1643.4,6100.0,0.85
2025-08-07T13:00Z,13,219,34.2,29.0,872.0,1569.6,6100.0,0.85
2025-08-07T14:00Z,14,219,34.0,28.0,779.0,1402.2,6000.0,0.85
2025-08-07T15:00Z,15,219,33.3,31.0,637.0,1146.6,5650.0,0.85
2025-08-07T16:00Z,16,219,32.0,36.0,458.0,824.4,5000.0,0.85
2025-08-07T17:00Z,17,219,30.0,43.0,262.0,471.6,4000.0,0.85
2025-08-07T18:00Z,18,219,27.6,59.0,85.0,153.0,2800.0,0.15
2025-08-07T19:00Z,19,219,26.2,74.0,2.0,3.6,2100.0,0.15
2025-08-07T20:00Z,20,219,25.6,81.0,0.0,0.0,1800.0,0.15
2025-08-07T21:00Z,21,219,25.3,84.0,0.0,0.0,1650.0,0.15
2025-08-07T22:00Z,22,219,25.0,86.0,0.0,0.0,1500.0,0.15
2025-08-07T23:00Z,23,219,24.5,88.0,0.0,0.0,1250.0,0.15
2025-08-08T00:00Z,0,220,24.0,91.0,0.0,0.0,1000.0,0.15
2025-08-08T01:00Z,1,220,22.9,97.0,0.0,0.0,450.0,0.15
2025-08-08T02:00Z,2,220,22.5,99.0,0.0,0.0,250.0,0.15
2025-08-08T03:00Z,3,220,22.2,100.0,0.0,0.0,100.0,0.15
2025-08-08T04:00Z,4,220,22.1,100.0,0.0,0.0,50.0,0.15
2025-08-08T05:00Z,5,220,22.0,99.0,5.0,9.0,0.0,0.15
2025-08-08T06:00Z,6,220,22.6,94.0,75.0,135.0,300.0,0.15
2025-08-08T07:00Z,7,220,24.8,80.0,227.0,408.6,1400.0,0.15
2025-08-08T08:00Z,8,220,27.7,61.0,479.0,862.2,2850.0,0.85
2025-08-08T09:00Z,9,220,30.4,41.0,666.0,1198.8,4200.0,0.85
2025-08-08T10:00Z,10,220,31.5,39.0,806.0,1450.8,4750.0,0.85
2025-08-08T11:00Z,11,220,32.0,34.0,891.0,1603.8,5000.0,0.85
2025-08-08T12:00Z,12,220,32.6,30.0,917.0,1650.6,5300.0,0.85
2025-08-08T13:00Z,13,220,32.3,37.0,885.0,1593.0,5150.0,0.85
2025-08-08T14:00Z,14,220,31.7,41.0,790.0,1422.0,4850.0,0.85
2025-08-08T15:00Z,15,220,31.2,46.0,643.0,1157.4,4600.0,0.85
2025-08-08T16:00Z,16,220,30.1,55.0,459.0,826.2,4050.0,0.85
2025-08-08T17:00Z,17,220,28.8,61.0,260.0,468.0,3400.0,0.85
2025-08-08T18:00Z,18,220,27.5,66.0,83.0,149.4,2750.0,0.15
2025-08-08T19:00Z,19,220,26.7,70.0,2.0,3.6,2350.0,0.15
2025-08-08T20:00Z,20,220,26.3,72.0,0.0,0.0,2150.0,0.15
2025-08-08T21:00Z,21,220,26.1,70.0,0.0,0.0,2050.0,0.15
2025-08-08T22:00Z,22,220,25.7,71.0,0.0,0.0,1850.0,0.15
2025-08-08T23:00Z,23,220,24.8,78.0,0.0,0.0,1400.0,0.15
2025-08-09T00:00Z,0,221,24.0,83.0,0.0,0.0,1000.0,0.15
2025-08-09T01:00Z,1,221,23.0,88.0,0.0,0.0,500.0,0.15
2025-08-09T02:00Z,2,221,22.4,92.0,0.0,0.0,200.0,0.15
2025-08-09T03:00Z,3,221,21.8,95.0,0.0,0.0,100.0,0.15
2025-08-09T04:00Z,4,221,21.4,96.0,0.0,0.0,300.0,0.15
2025-08-09T05:00Z,5,221,21.3,98.0,6.0,10.8,350.0,0.15
2025-08-09T06:00Z,6,221,22.8,86.0,106.0,190.8,400.0,0.15
2025-08-09T07:00Z,7,221,25.5,72.0,288.0,518.4,1750.0,0.15
2025-08-09T08:00Z,8,221,28.2,54.0,485.0,873.0,3100.0,0.15
2025-08-09T09:00Z,9,221,30.5,43.0,661.0,1189.8,4250.0,0.15
2025-08-09T10:00Z,10,221,32.2,36.0,797.0,1434.6,5100.0,0.15
2025-08-09T11:00Z,11,221,33.2,33.0,882.0,1587.6,5600.0,0.15
2025-08-09T12:00Z,12,221,34.0,32.0,909.0,1636.2,6000.0,0.15
2025-08-09T13:00Z,13,221,34.5,32.0,873.0,1571.4,6250.0,0.15
2025-08-09T14:00Z,14,221,33.6,37.0,778.0,1400.4,5800.0,0.15
2025-08-09T15:00Z,15,221,31.5,50.0,630.0,1134.0,4750.0,0.15
2025-08-09T16:00Z,16,221,30.6,48.0,448.0,806.4,4300.0,0.15
2025-08-09T17:00Z,17,221,29.5,55.0,253.0,455.4,3750.0,0.15
2025-08-09T18:00Z,18,221,28.5,63.0,80.0,144.0,3250.0,0.15
2025-08-09T19:00Z,19,221,28.2,65.0,2.0,3.6,3100.0,0.15
2025-08-09T20:00Z,20,221,28.3,54.0,0.0,0.0,3150.0,0.15
2025-08-09T21:00Z,21,221,27.5,54.0,0.0,0.0,2750.0,0.15
2025-08-09T22:00Z,22,221,26.6,58.0,0.0,0.0,2300.0,0.15
2025-08-09T23:00Z,23,221,25.8,63.0,0.0,0.0,1900.0,0.15
2025-08-10T00:00Z,0,222,25.1,66.0,0.0,0.0,1550.0,0.15
2025-08-10T01:00Z,1,222,24.0,74.0,0.0,0.0,1000.0,0.15
2025-08-10T02:00Z,2,222,23.3,81.0,0.0,0.0,650.0,0.15
2025-08-10T03:00Z,3,222,22.8,85.0,0.0,0.0,400.0,0.15
2025-08-10T04:00Z,4,222,22.0,89.0,0.0,0.0,0.0,0.15
2025-08-10T05:00Z,5,222,21.9,89.0,6.0,10.8,50.0,0.15
2025-08-10T06:00Z,6,222,23.7,78.0,107.0,192.6,850.0,0.15
2025-08-10T07:00Z,7,222,26.5,65.0,291.0,523.8,2250.0,0.15
2025-08-10T08:00Z,8,222,29.1,53.0,487.0,876.6,3550.0,0.15
2025-08-10T09:00Z,9,222,31.6,39.0,663.0,1193.4,4800.0,0.15
2025-08-10T10:00Z,10,222,33.2,32.0,800.0,1440.0,5600.0,0.15
2025-08-10T11:00Z,11,222,34.3,28.0,883.0,1589.4,6150.0,0.15
2025-08-10T12:00Z,12,222,35.0,25.0,907.0,1632.6,6500.0,0.15
2025-08-10T13:00Z,13,222,35.5,24.0,873.0,1571.4,6750.0,0.15
2025-08-10T14:00Z,14,222,35.0,27.0,782.0,1407.6,6500.0,0.15
2025-08-10T15:00Z,15,222,33.5,34.0,633.0,1139.4,5750.0,0.15
2025-08-10T16:00Z,16,222,31.9,38.0,450.0,810.0,4950.0,0.15
2025-08-10T17:00Z,17,222,30.2,45.0,252.0,453.6,4100.0,0.15
2025-08-10T18:00Z,18,222,28.6,55.0,78.0,140.4,3300.0,0.15
2025-08-10T19:00Z,19,222,27.9,63.0,1.0,1.8,2950.0,0.15
2025-08-10T20:00Z,20,222,27.3,67.0,0.0,0.0,2650.0,0.15
2025-08-10T21:00Z,21,222,26.8,70.0,0.0,0.0,2400.0,0.15
2025-08-10T22:00Z,22,222,26.2,74.0,0.0,0.0,2100.0,0.15
2025-08-10T23:00Z,23,222,25.6,77.0,0.0,0.0,1800.0,0.15
2025-08-11T00:00Z,0,223,24.9,80.0,0.0,0.0,1450.0,0.15
2025-08-11T01:00Z,1,223,24.2,81.0,0.0,0.0,1100.0,0.15
2025-08-11T02:00Z,2,223,23.6,82.0,0.0,0.0,800.0,0.15
2025-08-11T03:00Z,3,223,23.1,82.0,0.0,0.0,550.0,0.15
2025-08-11T04:00Z,4,223,22.8,86.0,0.0,0.0,400.0,0.15
2025-08-11T05:00Z,5,223,22.5,89.0,5.0,9.0,250.0,0.15
2025-08-11T06:00Z,6,223,23.8,82.0,103.0,185.4,900.0,0.15
2025-08-11T07:00Z,7,223,26.1,68.0,285.0,513.0,2050.0,0.15
2025-08-11T08:00Z,8,223,29.0,49.0,482.0,867.6,3500.0,0.85
2025-08-11T09:00Z,9,223,31.5,36.0,659.0,1186.2,4750.0,0.85
2025-08-11T10:00Z,10,223,33.5,30.0,796.0,1432.8,5750.0,0.85
2025-08-11T11:00Z,11,223,34.7,27.0,881.0,1585.8,6350.0,0.85
2025-08-11T12:00Z,12,223,35.2,27.0,905.0,1629.0,6600.0,0.85
2025-08-11T13:00Z,13,223,35.7,25.0,866.0,1558.8,6850.0,0.85
2025-08-11T14:00Z,14,223,35.2,26.0,774.0,1393.2,6600.0,0.85
2025-08-11T15:00Z,15,223,34.5,28.0,634.0,1141.2,6250.0,0.85
2025-08-11T16:00Z,16,223,33.2,31.0,444.0,799.2,5600.0,0.85
2025-08-11T17:00Z,17,223,31.4,36.0,250.0,450.0,4700.0,0.85
2025-08-11T18:00Z,18,223,29.5,43.0,76.0,136.8,3750.0,0.15
2025-08-11T19:00Z,19,223,28.1,53.0,1.0,1.8,3050.0,0.15
2025-08-11T20:00Z,20,223,27.0,60.0,0.0,0.0,2500.0,0.15
2025-08-11T21:00Z,21,223,26.1,67.0,0.0,0.0,2050.0,0.15
2025-08-11T22:00Z,22,223,25.5,72.0,0.0,0.0,1750.0,0.15
2025-08-11T23:00Z,23,223,25.0,75.0,0.0,0.0,1500.0,0.15
2025-08-12T00:00Z,0,224,24.6,75.0,0.0,0.0,1300.0,0.15
2025-08-12T01:00Z,1,224,24.0,72.0,0.0,0.0,1000.0,0.15
2025-08-12T02:00Z,2,224,23.5,74.0,0.0,0.0,750.0,0.15
2025-08-12T03:00Z,3,224,22.9,76.0,0.0,0.0,450.0,0.15
2025-08-12T04:00Z,4,224,22.5,79.0,0.0,0.0,250.0,0.15
2025-08-12T05:00Z,5,224,22.4,78.0,5.0,9.0,200.0,0.15
2025-08-12T06:00Z,6,224,23.5,72.0,102.0,183.6,750.0,0.15
2025-08-12T07:00Z,7,224,25.6,62.0,282.0,507.6,1800.0,0.15
2025-08-12T08:00Z,8,224,28.1,54.0,477.0,858.6,3050.0,0.85
2025-08-12T09:00Z,9,224,30.6,46.0,651.0,1171.8,4300.0,0.85
2025-08-12T10:00Z,10,224,32.8,38.0,786.0,1414.8,5400.0,0.85
2025-08-12T11:00Z,11,224,34.3,31.0,868.0,1562.4,6150.0,0.85
2025-08-12T12:00Z,12,224,35.0,29.0,888.0,1598.4,6500.0,0.85
2025-08-12T13:00Z,13,224,35.7,26.0,806.0,1450.8,6850.0,0.85
2025-08-12T14:00Z,14,224,35.8,26.0,725.0,1305.0,6900.0,0.85
2025-08-12T15:00Z,15,224,34.5,30.0,463.0,833.4,6250.0,0.85
2025-08-12T16:00Z,16,224,33.0,36.0,357.0,642.6,5500.0,0.85
2025-08-12T17:00Z,17,224,31.4,42.0,222.0,399.6,4700.0,0.85
2025-08-12T18:00Z,18,224,30.0,48.0,70.0,126.0,4000.0,0.15
2025-08-12T19:00Z,19,224,28.6,54.0,1.0,1.8,3300.0,0.15
2025-08-12T20:00Z,20,224,27.5,61.0,0.0,0.0,2750.0,0.15
2025-08-12T21:00Z,21,224,26.3,69.0,0.0,0.0,2150.0,0.15
2025-08-12T22:00Z,22,224,25.5,75.0,0.0,0.0,1750.0,0.15
2025-08-12T23:00Z,23,224,25.1,77.0,0.0,0.0,1550.0,0.15
2025-08-13T00:00Z,0,225,24.8,76.0,0.0,0.0,1400.0,0.15
2025-08-13T01:00Z,1,225,24.0,74.0,0.0,0.0,1000.0,0.15
2025-08-13T02:00Z,2,225,23.5,75.0,0.0,0.0,750.0,0.15
2025-08-13T03:00Z,3,225,23.1,77.0,0.0,0.0,550.0,0.15
2025-08-13T04:00Z,4,225,22.9,79.0,0.0,0.0,450.0,0.15
2025-08-13T05:00Z,5,225,22.8,80.0,5.0,9.0,400.0,0.15
2025-08-13T06:00Z,6,225,24.1,73.0,98.0,176.4,1050.0,0.15
2025-08-13T07:00Z,7,225,26.0,65.0,277.0,498.6,2000.0,0.15
2025-08-13T08:00Z,8,225,28.3,58.0,472.0,849.6,3150.0,0.85
2025-08-13T09:00Z,9,225,30.2,52.0,643.0,1157.4,4100.0,0.85
2025-08-13T10:00Z,10,225,32.0,46.0,775.0,1395.0,5000.0,0.85
2025-08-13T11:00Z,11,225,33.7,39.0,854.0,1537.2,5850.0,0.85
2025-08-13T12:00Z,12,225,33.8,38.0,823.0,1481.4,5900.0,0.85
2025-08-13T13:00Z,13,225,32.5,43.0,771.0,1387.8,5250.0,0.85
2025-08-13T14:00Z,14,225,31.1,55.0,603.0,1085.4,4550.0,0.85
2025-08-13T15:00Z,15,225,31.0,54.0,536.0,964.8,4500.0,0.85
2025-08-13T16:00Z,16,225,30.0,55.0,335.0,603.0,4000.0,0.85
2025-08-13T17:00Z,17,225,29.4,58.0,215.0,387.0,3700.0,0.85
2025-08-13T18:00Z,18,225,28.0,67.0,68.0,122.4,3000.0,0.15
2025-08-13T19:00Z,19,225,26.9,77.0,1.0,1.8,2450.0,0.15
2025-08-13T20:00Z,20,225,26.4,82.0,0.0,0.0,2200.0,0.15
2025-08-13T21:00Z,21,225,26.0,83.0,0.0,0.0,2000.0,0.15
2025-08-13T22:00Z,22,225,25.5,85.0,0.0,0.0,1750.0,0.15
2025-08-13T23:00Z,23,225,25.0,87.0,0.0,0.0,1500.0,0.15
2025-08-14T00:00Z,0,226,24.5,91.0,0.0,0.0,1250.0,0.15
2025-08-14T01:00Z,1,226,23.4,96.0,0.0,0.0,700.0,0.15
2025-08-14T02:00Z,2,226,23.0,98.0,0.0,0.0,500.0,0.15
2025-08-14T03:00Z,3,226,22.5,100.0,0.0,0.0,250.0,0.15
2025-08-14T04:00Z,4,226,22.4,100.0,0.0,0.0,200.0,0.15
2025-08-14T05:00Z,5,226,22.1,99.0,3.0,5.4,50.0,0.15
2025-08-14T06:00Z,6,226,22.6,94.0,71.0,127.8,300.0,0.15
2025-08-14T07:00Z,7,226,24.4,81.0,228.0,410.4,1200.0,0.15
2025-08-14T08:00Z,8,226,27.1,64.0,463.0,833.4,2550.0,0.85
2025-08-14T09:00Z,9,226,29.8,51.0,647.0,1164.6,3900.0,0.85
2025-08-14T10:00Z,10,226,32.2,40.0,785.0,1413.0,5100.0,0.85
2025-08-14T11:00Z,11,226,33.5,36.0,870.0,1566.0,5750.0,0.85
2025-08-14T12:00Z,12,226,33.1,41.0,865.0,1557.0,5550.0,0.85
2025-08-14T13:00Z,13,226,32.3,49.0,816.0,1468.8,5150.0,0.85
2025-08-14T14:00Z,14,226,32.0,50.0,708.0,1274.4,5000.0,0.85
2025-08-14T15:00Z,15,226,32.1,46.0,564.0,1015.2,5050.0,0.85
2025-08-14T16:00Z,16,226,31.2,48.0,396.0,712.8,4600.0,0.85
2025-08-14T17:00Z,17,226,29.9,57.0,223.0,401.4,3950.0,0.85
2025-08-14T18:00Z,18,226,28.1,67.0,65.0,117.0,3050.0,0.15
2025-08-14T19:00Z,19,226,27.1,74.0,0.0,0.0,2550.0,0.15
2025-08-14T20:00Z,20,226,26.5,76.0,0.0,0.0,2250.0,0.15
2025-08-14T21:00Z,21,226,26.2,78.0,0.0,0.0,2100.0,0.15
2025-08-14T22:00Z,22,226,25.9,79.0,0.0,0.0,1950.0,0.15
2025-08-14T23:00Z,23,226,25.4,80.0,0.0,0.0,1700.0,0.15
2025-08-15T00:00Z,0,227,24.8,82.0,0.0,0.0,1400.0,0.15
2025-08-15T01:00Z,1,227,23.6,83.0,0.0,0.0,800.0,0.15
2025-08-15T02:00Z,2,227,23.0,85.0,0.0,0.0,500.0,0.15
2025-08-15T03:00Z,3,227,22.4,89.0,0.0,0.0,200.0,0.15
2025-08-15T04:00Z,4,227,21.8,93.0,0.0,0.0,100.0,0.15
2025-08-15T05:00Z,5,227,21.4,95.0,4.0,7.2,300.0,0.15
2025-08-15T06:00Z,6,227,22.6,88.0,96.0,172.8,300.0,0.15
2025-08-15T07:00Z,7,227,25.4,67.0,276.0,496.8,1700.0,0.15
2025-08-15T08:00Z,8,227,28.1,51.0,472.0,849.6,3050.0,0.85
2025-08-15T09:00Z,9,227,31.0,40.0,647.0,1164.6,4500.0,0.85
2025-08-15T10:00Z,10,227,33.5,32.0,783.0,1409.4,5750.0,0.85
2025-08-15T11:00Z,11,227,34.8,28.0,871.0,1567.8,6400.0,0.85
2025-08-15T12:00Z,12,227,34.3,35.0,767.0,1380.6,6150.0,0.85
2025-08-15T13:00Z,13,227,32.7,42.0,732.0,1317.6,5350.0,0.85
2025-08-15T14:00Z,14,227,35.0,29.0,642.0,1155.6,6500.0,0.85
2025-08-15T15:00Z,15,227,34.2,32.0,529.0,952.2,6100.0,0.85
2025-08-15T16:00Z,16,227,34.4,29.0,396.0,712.8,6200.0,0.85
2025-08-15T17:00Z,17,227,33.1,33.0,216.0,388.8,5550.0,0.85
2025-08-15T18:00Z,18,227,31.4,41.0,63.0,113.4,4700.0,0.15
2025-08-15T19:00Z,19,227,30.0,46.0,0.0,0.0,4000.0,0.15
2025-08-15T20:00Z,20,227,28.7,52.0,0.0,0.0,3350.0,0.15
2025-08-15T21:00Z,21,227,27.5,57.0,0.0,0.0,2750.0,0.15
2025-08-15T22:00Z,22,227,26.5,62.0,0.0,0.0,2250.0,0.15
2025-08-15T23:00Z,23,227,25.8,66.0,0.0,0.0,1900.0,0.15
2025-08-16T00:00Z,0,228,25.2,70.0,0.0,0.0,1600.0,0.15
2025-08-16T01:00Z,1,228,24.8,68.0,0.0,0.0,1400.0,0.15
2025-08-16T02:00Z,2,228,24.2,70.0,0.0,0.0,1100.0,0.15
2025-08-16T03:00Z,3,228,23.8,73.0,0.0,0.0,900.0,0.15
2025-08-16T04:00Z,4,228,23.5,82.0,0.0,0.0,750.0,0.15
2025-08-16T05:00Z,5,228,23.3,88.0,3.0,5.4,650.0,0.15
2025-08-16T06:00Z,6,228,24.6,84.0,90.0,162.0,1300.0,0.15
2025-08-16T07:00Z,7,228,26.6,71.0,255.0,459.0,2300.0,0.15
2025-08-16T08:00Z,8,228,28.5,62.0,413.0,743.4,3250.0,0.15
2025-08-16T09:00Z,9,228,29.9,55.0,619.0,1114.2,3950.0,0.15
2025-08-16T10:00Z,10,228,31.0,50.0,721.0,1297.8,4500.0,0.15
2025-08-16T11:00Z,11,228,31.9,47.0,782.0,1407.6,4950.0,0.15
2025-08-16T12:00Z,12,228,33.0,42.0,821.0,1477.8,5500.0,0.15
2025-08-16T13:00Z,13,228,30.1,53.0,619.0,1114.2,4050.0,0.15
2025-08-16T14:00Z,14,228,28.3,59.0,666.0,1198.8,3150.0,0.15
2025-08-16T15:00Z,15,228,29.1,58.0,465.0,837.0,3550.0,0.15
2025-08-16T16:00Z,16,228,30.0,52.0,387.0,696.6,4000.0,0.15
2025-08-16T17:00Z,17,228,29.2,55.0,209.0,376.2,3600.0,0.15
2025-08-16T18:00Z,18,228,28.1,64.0,58.0,104.4,3050.0,0.15
2025-08-16T19:00Z,19,228,27.2,70.0,0.0,0.0,2600.0,0.15
2025-08-16T20:00Z,20,228,26.5,74.0,0.0,0.0,2250.0,0.15
2025-08-16T21:00Z,21,228,25.8,80.0,0.0,0.0,1900.0,0.15
2025-08-16T22:00Z,22,228,25.2,84.0,0.0,0.0,1600.0,0.15
2025-08-16T23:00Z,23,228,24.8,88.0,0.0,0.0,1400.0,0.15
2025-08-17T00:00Z,0,229,24.4,89.0,0.0,0.0,1200.0,0.15
2025-08-17T01:00Z,1,229,23.8,92.0,0.0,0.0,900.0,0.15
2025-08-17T02:00Z,2,229,23.5,93.0,0.0,0.0,750.0,0.15
2025-08-17T03:00Z,3,229,23.2,94.0,0.0,0.0,600.0,0.15
2025-08-17T04:00Z,4,229,23.0,94.0,0.0,0.0,500.0,0.15
2025-08-17T05:00Z,5,229,23.1,94.0,3.0,5.4,550.0,0.15
2025-08-17T06:00Z,6,229,24.5,85.0,88.0,158.4,1250.0,0.15
2025-08-17T07:00Z,7,229,26.1,77.0,260.0,468.0,2050.0,0.15
2025-08-17T08:00Z,8,229,28.0,68.0,448.0,806.4,3000.0,0.15
2025-08-17T09:00Z,9,229,29.8,58.0,616.0,1108.8,3900.0,0.15
2025-08-17T10:00Z,10,229,31.2,51.0,748.0,1346.4,4600.0,0.15
2025-08-17T11:00Z,11,229,32.4,45.0,807.0,1452.6,5200.0,0.15
2025-08-17T12:00Z,12,229,33.2,42.0,786.0,1414.8,5600.0,0.15
2025-08-17T13:00Z,13,229,33.7,39.0,780.0,1404.0,5850.0,0.15
2025-08-17T14:00Z,14,229,33.8,40.0,696.0,1252.8,5900.0,0.15
2025-08-17T15:00Z,15,229,33.3,41.0,543.0,977.4,5650.0,0.15
2025-08-17T16:00Z,16,229,33.5,38.0,399.0,718.2,5750.0,0.15
2025-08-17T17:00Z,17,229,31.8,45.0,221.0,397.8,4900.0,0.15
2025-08-17T18:00Z,18,229,30.1,52.0,59.0,106.2,4050.0,0.15
2025-08-17T19:00Z,19,229,28.5,66.0,0.0,0.0,3250.0,0.15
2025-08-17T20:00Z,20,229,27.8,66.0,0.0,0.0,2900.0,0.15
2025-08-17T21:00Z,21,229,27.0,66.0,0.0,0.0,2500.0,0.15
2025-08-17T22:00Z,22,229,26.3,70.0,0.0,0.0,2150.0,0.15
2025-08-17T23:00Z,23,229,25.4,74.0,0.0,0.0,1700.0,0.15
2025-08-18T00:00Z,0,230,24.7,77.0,0.0,0.0,1350.0,0.15
2025-08-18T01:00Z,1,230,24.4,79.0,0.0,0.0,1200.0,0.15
2025-08-18T02:00Z,2,230,23.6,84.0,0.0,0.0,800.0,0.15
2025-08-18T03:00Z,3,230,23.3,87.0,0.0,0.0,650.0,0.15
2025-08-18T04:00Z,4,230,23.0,89.0,0.0,0.0,500.0,0.15
2025-08-18T05:00Z,5,230,23.0,89.0,3.0,5.4,500.0,0.15
2025-08-18T06:00Z,6,230,24.4,82.0,86.0,154.8,1200.0,0.15
2025-08-18T07:00Z,7,230,26.2,75.0,258.0,464.4,2100.0,0.15
2025-08-18T08:00Z,8,230,28.1,66.0,449.0,808.2,3050.0,0.85
2025-08-18T09:00Z,9,230,29.9,57.0,576.0,1036.8,3950.0,0.85
2025-08-18T10:00Z,10,230,31.5,49.0,737.0,1326.6,4750.0,0.85
2025-08-18T11:00Z,11,230,32.8,44.0,840.0,1512.0,5400.0,0.85
2025-08-18T12:00Z,12,230,32.7,44.0,835.0,1503.0,5350.0,0.85
2025-08-18T13:00Z,13,230,32.1,48.0,767.0,1380.6,5050.0,0.85
2025-08-18T14:00Z,14,230,30.7,61.0,607.0,1092.6,4350.0,0.85
2025-08-18T15:00Z,15,230,30.3,62.0,523.0,941.4,4150.0,0.85
2025-08-18T16:00Z,16,230,29.4,64.0,379.0,682.2,3700.0,0.85
2025-08-18T17:00Z,17,230,28.4,69.0,218.0,392.4,3200.0,0.85
2025-08-18T18:00Z,18,230,27.2,77.0,56.0,100.8,2600.0,0.15
2025-08-18T19:00Z,19,230,26.5,82.0,0.0,0.0,2250.0,0.15
2025-08-18T20:00Z,20,230,26.0,85.0,0.0,0.0,2000.0,0.15
2025-08-18T21:00Z,21,230,25.6,88.0,0.0,0.0,1800.0,0.15
2025-08-18T22:00Z,22,230,25.2,91.0,0.0,0.0,1600.0,0.15
2025-08-18T23:00Z,23,230,24.8,92.0,0.0,0.0,1400.0,0.15
2025-08-19T00:00Z,0,231,24.2,95.0,0.0,0.0,1100.0,0.15
2025-08-19T01:00Z,1,231,23.0,98.0,0.0,0.0,500.0,0.15
2025-08-19T02:00Z,2,231,22.5,99.0,0.0,0.0,250.0,0.15
2025-08-19T03:00Z,3,231,22.3,98.0,0.0,0.0,150.0,0.15
2025-08-19T04:00Z,4,231,21.9,99.0,0.0,0.0,50.0,0.15
2025-08-19T05:00Z,5,231,21.9,100.0,2.0,3.6,50.0,0.15
2025-08-19T06:00Z,6,231,23.0,92.0,83.0,149.4,500.0,0.15
2025-08-19T07:00Z,7,231,25.6,77.0,261.0,469.8,1800.0,0.15
2025-08-19T08:00Z,8,231,28.4,62.0,459.0,826.2,3200.0,0.85
2025-08-19T09:00Z,9,231,30.8,51.0,638.0,1148.4,4400.0,0.85
2025-08-19T10:00Z,10,231,33.0,40.0,776.0,1396.8,5500.0,0.85
2025-08-19T11:00Z,11,231,34.7,35.0,861.0,1549.8,6350.0,0.85
2025-08-19T12:00Z,12,231,35.9,31.0,885.0,1593.0,6950.0,0.85
2025-08-19T13:00Z,13,231,35.9,32.0,841.0,1513.8,6950.0,0.85
2025-08-19T14:00Z,14,231,34.9,39.0,744.0,1339.2,6450.0,0.85
2025-08-19T15:00Z,15,231,34.3,38.0,594.0,1069.2,6150.0,0.85
2025-08-19T16:00Z,16,231,34.3,40.0,410.0,738.0,6150.0,0.85
2025-08-19T17:00Z,17,231,32.7,46.0,210.0,378.0,5350.0,0.85
2025-08-19T18:00Z,18,231,29.7,61.0,53.0,95.4,3850.0,0.15
2025-08-19T19:00Z,19,231,28.2,68.0,0.0,0.0,3100.0,0.15
2025-08-19T20:00Z,20,231,27.6,72.0,0.0,0.0,2800.0,0.15
2025-08-19T21:00Z,21,231,27.2,73.0,0.0,0.0,2600.0,0.15
2025-08-19T22:00Z,22,231,27.0,76.0,0.0,0.0,2500.0,0.15
2025-08-19T23:00Z,23,231,26.6,80.0,0.0,0.0,2300.0,0.15
2025-08-20T00:00Z,0,232,26.7,73.0,0.0,0.0,2350.0,0.15
2025-08-20T01:00Z,1,232,26.7,69.0,0.0,0.0,2350.0,0.15
2025-08-20T02:00Z,2,232,26.5,68.0,0.0,0.0,2250.0,0.15
2025-08-20T03:00Z,3,232,26.2,69.0,0.0,0.0,2100.0,0.15
2025-08-20T04:00Z,4,232,25.9,70.0,0.0,0.0,1950.0,0.15
2025-08-20T05:00Z,5,232,25.5,72.0,2.0,3.6,1750.0,0.15
2025-08-20T06:00Z,6,232,26.5,71.0,87.0,156.6,2250.0,0.15
2025-08-20T07:00Z,7,232,28.5,65.0,264.0,475.2,3250.0,0.15
2025-08-20T08:00Z,8,232,31.4,55.0,459.0,826.2,4700.0,0.85
2025-08-20T09:00Z,9,232,34.8,43.0,636.0,1144.8,6400.0,0.85
2025-08-20T10:00Z,10,232,37.8,33.0,772.0,1389.6,7900.0,0.85
2025-08-20T11:00Z,11,232,40.3,21.0,854.0,1537.2,9150.0,0.85
2025-08-20T12:00Z,12,232,41.4,16.0,883.0,1589.4,9700.0,0.85
2025-08-20T13:00Z,13,232,39.9,22.0,829.0,1492.2,8950.0,0.85
2025-08-20T14:00Z,14,232,36.5,41.0,598.0,1076.4,7250.0,0.85
2025-08-20T15:00Z,15,232,35.7,40.0,587.0,1056.6,6850.0,0.85
2025-08-20T16:00Z,16,232,34.5,40.0,307.0,552.6,6250.0,0.85
2025-08-20T17:00Z,17,232,33.2,37.0,214.0,385.2,5600.0,0.85
2025-08-20T18:00Z,18,232,31.0,44.0,52.0,93.6,4500.0,0.15
2025-08-20T19:00Z,19,232,29.5,54.0,0.0,0.0,3750.0,0.15
2025-08-20T20:00Z,20,232,28.6,63.0,0.0,0.0,3300.0,0.15
2025-08-20T21:00Z,21,232,28.1,64.0,0.0,0.0,3050.0,0.15
2025-08-20T22:00Z,22,232,27.7,57.0,0.0,0.0,2850.0,0.15
2025-08-20T23:00Z,23,232,26.5,63.0,0.0,0.0,2250.0,0.15
2025-08-21T00:00Z,0,233,25.7,70.0,0.0,0.0,1850.0,0.15
2025-08-21T01:00Z,1,233,25.4,74.0,0.0,0.0,1700.0,0.15
2025-08-21T02:00Z,2,233,24.9,79.0,0.0,0.0,1450.0,0.15
2025-08-21T03:00Z,3,233,24.4,85.0,0.0,0.0,1200.0,0.15
2025-08-21T04:00Z,4,233,24.1,85.0,0.0,0.0,1050.0,0.15
2025-08-21T05:00Z,5,233,23.9,88.0,2.0,3.6,950.0,0.15
2025-08-21T06:00Z,6,233,25.0,84.0,83.0,149.4,1500.0,0.15
2025-08-21T07:00Z,7,233,26.6,78.0,258.0,464.4,2300.0,0.15
2025-08-21T08:00Z,8,233,28.7,67.0,419.0,754.2,3350.0,0.85
2025-08-21T09:00Z,9,233,30.6,58.0,592.0,1065.6,4300.0,0.85
2025-08-21T10:00Z,10,233,32.5,50.0,744.0,1339.2,5250.0,0.85
2025-08-21T11:00Z,11,233,34.0,44.0,835.0,1503.0,6000.0,0.85
2025-08-21T12:00Z,12,233,34.4,43.0,858.0,1544.4,6200.0,0.85
2025-08-21T13:00Z,13,233,34.0,46.0,815.0,1467.0,6000.0,0.85
2025-08-21T14:00Z,14,233,32.9,56.0,668.0,1202.4,5450.0,0.85
2025-08-21T15:00Z,15,233,32.5,57.0,522.0,939.6,5250.0,0.85
2025-08-21T16:00Z,16,233,32.0,52.0,384.0,691.2,5000.0,0.85
2025-08-21T17:00Z,17,233,31.2,52.0,203.0,365.4,4600.0,0.85
2025-08-21T18:00Z,18,233,29.4,59.0,49.0,88.2,3700.0,0.15
2025-08-21T19:00Z,19,233,28.0,66.0,0.0,0.0,3000.0,0.15
2025-08-21T20:00Z,20,233,26.9,73.0,0.0,0.0,2450.0,0.15
2025-08-21T21:00Z,21,233,26.0,78.0,0.0,0.0,2000.0,0.15
2025-08-21T22:00Z,22,233,25.6,81.0,0.0,0.0,1800.0,0.15
2025-08-21T23:00Z,23,233,25.2,83.0,0.0,0.0,1600.0,0.15
2025-08-22T00:00Z,0,234,25.0,84.0,0.0,0.0,1500.0,0.15
2025-08-22T01:00Z,1,234,24.8,84.0,0.0,0.0,1400.0,0.15
2025-08-22T02:00Z,2,234,24.4,86.0,0.0,0.0,1200.0,0.15
2025-08-22T03:00Z,3,234,24.0,88.0,0.0,0.0,1000.0,0.15
2025-08-22T04:00Z,4,234,23.9,86.0,0.0,0.0,950.0,0.15
2025-08-22T05:00Z,5,234,23.5,88.0,2.0,3.6,750.0,0.15
2025-08-22T06:00Z,6,234,24.5,83.0,81.0,145.8,1250.0,0.15
2025-08-22T07:00Z,7,234,26.2,73.0,257.0,462.6,2100.0,0.15
2025-08-22T08:00Z,8,234,28.1,63.0,449.0,808.2,3050.0,0.85
2025-08-22T09:00Z,9,234,30.0,53.0,620.0,1116.0,4000.0,0.85
2025-08-22T10:00Z,10,234,31.5,46.0,693.0,1247.4,4750.0,0.85
2025-08-22T11:00Z,11,234,32.0,43.0,548.0,986.4,5000.0,0.85
2025-08-22T12:00Z,12,234,32.3,43.0,616.0,1108.8,5150.0,0.85
2025-08-22T13:00Z,13,234,32.1,45.0,710.0,1278.0,5050.0,0.85
2025-08-22T14:00Z,14,234,32.3,42.0,643.0,1157.4,5150.0,0.85
2025-08-22T15:00Z,15,234,32.5,40.0,528.0,950.4,5250.0,0.85
2025-08-22T16:00Z,16,234,31.5,43.0,381.0,685.8,4750.0,0.85
2025-08-22T17:00Z,17,234,29.6,49.0,201.0,361.8,3800.0,0.85
2025-08-22T18:00Z,18,234,27.8,57.0,47.0,84.6,2900.0,0.15
2025-08-22T19:00Z,19,234,26.7,63.0,0.0,0.0,2350.0,0.15
2025-08-22T20:00Z,20,234,26.0,67.0,0.0,0.0,2000.0,0.15
2025-08-22T21:00Z,21,234,25.5,68.0,0.0,0.0,1750.0,0.15
2025-08-22T22:00Z,22,234,25.0,70.0,0.0,0.0,1500.0,0.15
2025-08-22T23:00Z,23,234,24.5,73.0,0.0,0.0,1250.0,0.15
2025-08-23T00:00Z,0,235,24.2,75.0,0.0,0.0,1100.0,0.15
2025-08-23T01:00Z,1,235,24.0,75.0,0.0,0.0,1000.0,0.15
2025-08-23T02:00Z,2,235,23.5,76.0,0.0,0.0,750.0,0.15
2025-08-23T03:00Z,3,235,23.2,78.0,0.0,0.0,600.0,0.15
2025-08-23T04:00Z,4,235,22.8,81.0,0.0,0.0,400.0,0.15
2025-08-23T05:00Z,5,235,22.5,83.0,2.0,3.6,250.0,0.15
2025-08-23T06:00Z,6,235,23.8,75.0,81.0,145.8,900.0,0.15
2025-08-23T07:00Z,7,235,25.8,64.0,257.0,462.6,1900.0,0.15
2025-08-23T08:00Z,8,235,27.5,56.0,451.0,811.8,2750.0,0.15
2025-08-23T09:00Z,9,235,29.1,50.0,625.0,1125.0,3550.0,0.15
2025-08-23T10:00Z,10,235,30.7,44.0,761.0,1369.8,4350.0,0.15
2025-08-23T11:00Z,11,235,32.0,40.0,842.0,1515.6,5000.0,0.15
2025-08-23T12:00Z,12,235,32.8,38.0,863.0,1553.4,5400.0,0.15
2025-08-23T13:00Z,13,235,32.6,39.0,818.0,1472.4,5300.0,0.15
2025-08-23T14:00Z,14,235,32.6,36.0,699.0,1258.2,5300.0,0.15
2025-08-23T15:00Z,15,235,32.2,35.0,565.0,1017.0,5100.0,0.15
2025-08-23T16:00Z,16,235,31.4,36.0,397.0,714.6,4700.0,0.15
2025-08-23T17:00Z,17,235,29.6,42.0,204.0,367.2,3800.0,0.15
2025-08-23T18:00Z,18,235,28.0,50.0,45.0,81.0,3000.0,0.15
2025-08-23T19:00Z,19,235,26.8,57.0,0.0,0.0,2400.0,0.15
2025-08-23T20:00Z,20,235,26.0,62.0,0.0,0.0,2000.0,0.15
2025-08-23T21:00Z,21,235,25.3,66.0,0.0,0.0,1650.0,0.15
2025-08-23T22:00Z,22,235,24.8,69.0,0.0,0.0,1400.0,0.15
2025-08-23T23:00Z,23,235,24.1,73.0,0.0,0.0,1050.0,0.15
2025-08-24T00:00Z,0,236,23.5,76.0,0.0,0.0,750.0,0.15
2025-08-24T01:00Z,1,236,22.8,78.0,0.0,0.0,400.0,0.15
2025-08-24T02:00Z,2,236,22.2,82.0,0.0,0.0,100.0,0.15
2025-08-24T03:00Z,3,236,21.6,87.0,0.0,0.0,200.0,0.15
2025-08-24T04:00Z,4,236,21.2,88.0,0.0,0.0,400.0,0.15
2025-08-24T05:00Z,5,236,21.0,87.0,1.0,1.8,500.0,0.15
2025-08-24T06:00Z,6,236,22.4,79.0,81.0,145.8,200.0,0.15
2025-08-24T07:00Z,7,236,24.6,67.0,259.0,466.2,1300.0,0.15
2025-08-24T08:00Z,8,236,26.8,58.0,455.0,819.0,2400.0,0.15
2025-08-24T09:00Z,9,236,28.9,46.0,632.0,1137.6,3450.0,0.15
2025-08-24T10:00Z,10,236,30.9,39.0,767.0,1380.6,4450.0,0.15
2025-08-24T11:00Z,11,236,32.5,34.0,849.0,1528.2,5250.0,0.15
2025-08-24T12:00Z,12,236,33.2,33.0,870.0,1566.0,5600.0,0.15
2025-08-24T13:00Z,13,236,32.5,38.0,800.0,1440.0,5250.0,0.15
2025-08-24T14:00Z,14,236,30.2,51.0,536.0,964.8,4100.0,0.15
2025-08-24T15:00Z,15,236,29.9,52.0,445.0,801.0,3950.0,0.15
2025-08-24T16:00Z,16,236,28.9,57.0,323.0,581.4,3450.0,0.15
2025-08-24T17:00Z,17,236,27.2,62.0,125.0,225.0,2600.0,0.15
2025-08-24T18:00Z,18,236,26.5,67.0,42.0,75.6,2250.0,0.15
2025-08-24T19:00Z,19,236,26.3,68.0,0.0,0.0,2150.0,0.15
2025-08-24T20:00Z,20,236,26.2,71.0,0.0,0.0,2100.0,0.15
2025-08-24T21:00Z,21,236,26.0,74.0,0.0,0.0,2000.0,0.15
2025-08-24T22:00Z,22,236,25.8,74.0,0.0,0.0,1900.0,0.15
2025-08-24T23:00Z,23,236,25.5,75.0,0.0,0.0,1750.0,0.15
2025-08-25T00:00Z,0,237,25.0,79.0,0.0,0.0,1500.0,0.15
2025-08-25T01:00Z,1,237,24.0,85.0,0.0,0.0,1000.0,0.15
2025-08-25T02:00Z,2,237,23.5,90.0,0.0,0.0,750.0,0.15
2025-08-25T03:00Z,3,237,23.1,94.0,0.0,0.0,550.0,0.15
2025-08-25T04:00Z,4,237,22.6,97.0,0.0,0.0,300.0,0.15
2025-08-25T05:00Z,5,237,22.1,100.0,1.0,1.8,50.0,0.15
2025-08-25T06:00Z,6,237,23.4,95.0,76.0,136.8,700.0,0.15
2025-08-25T07:00Z,7,237,25.5,81.0,251.0,451.8,1750.0,0.15
2025-08-25T08:00Z,8,237,27.5,69.0,446.0,802.8,2750.0,0.85
2025-08-25T09:00Z,9,237,29.3,61.0,626.0,1126.8,3650.0,0.85
2025-08-25T10:00Z,10,237,31.0,54.0,764.0,1375.2,4500.0,0.85
2025-08-25T11:00Z,11,237,32.6,45.0,849.0,1528.2,5300.0,0.85
2025-08-25T12:00Z,12,237,33.5,40.0,874.0,1573.2,5750.0,0.85
2025-08-25T13:00Z,13,237,34.8,22.0,834.0,1501.2,6400.0,0.85
2025-08-25T14:00Z,14,237,34.0,25.0,734.0,1321.2,6000.0,0.85
2025-08-25T15:00Z,15,237,32.5,37.0,582.0,1047.6,5250.0,0.85
2025-08-25T16:00Z,16,237,31.0,45.0,395.0,711.0,4500.0,0.85
2025-08-25T17:00Z,17,237,29.8,51.0,197.0,354.6,3900.0,0.85
2025-08-25T18:00Z,18,237,29.0,59.0,40.0,72.0,3500.0,0.15
2025-08-25T19:00Z,19,237,28.7,62.0,0.0,0.0,3350.0,0.15
2025-08-25T20:00Z,20,237,27.8,65.0,0.0,0.0,2900.0,0.15
2025-08-25T21:00Z,21,237,26.6,70.0,0.0,0.0,2300.0,0.15
2025-08-25T22:00Z,22,237,26.0,72.0,0.0,0.0,2000.0,0.15
2025-08-25T23:00Z,23,237,25.6,77.0,0.0,0.0,1800.0,0.15
2025-08-26T00:00Z,0,238,25.1,73.0,0.0,0.0,1550.0,0.15
2025-08-26T01:00Z,1,238,24.9,77.0,0.0,0.0,1450.0,0.15
2025-08-26T02:00Z,2,238,24.4,82.0,0.0,0.0,1200.0,0.15
2025-08-26T03:00Z,3,238,24.1,81.0,0.0,0.0,1050.0,0.15
2025-08-26T04:00Z,4,238,24.1,81.0,0.0,0.0,1050.0,0.15
2025-08-26T05:00Z,5,238,24.0,84.0,1.0,1.8,1000.0,0.15
2025-08-26T06:00Z,6,238,25.1,80.0,75.0,135.0,1550.0,0.15
2025-08-26T07:00Z,7,238,26.2,76.0,124.0,223.2,2100.0,0.15
2025-08-26T08:00Z,8,238,27.1,72.0,154.0,277.2,2550.0,0.85
2025-08-26T09:00Z,9,238,28.9,65.0,240.0,432.0,3450.0,0.85
2025-08-26T10:00Z,10,238,32.2,51.0,631.0,1135.8,5100.0,0.85
2025-08-26T11:00Z,11,238,34.5,43.0,725.0,1305.0,6250.0,0.85
2025-08-26T12:00Z,12,238,36.5,36.0,847.0,1524.6,7250.0,0.85
2025-08-26T13:00Z,13,238,38.7,26.0,805.0,1449.0,8350.0,0.85
2025-08-26T14:00Z,14,238,37.4,28.0,686.0,1234.8,7700.0,0.85
2025-08-26T15:00Z,15,238,36.0,29.0,363.0,653.4,7000.0,0.85
2025-08-26T16:00Z,16,238,36.7,27.0,361.0,649.8,7350.0,0.85
2025-08-26T17:00Z,17,238,35.3,35.0,184.0,331.2,6650.0,0.85
2025-08-26T18:00Z,18,238,32.5,50.0,36.0,64.8,5250.0,0.15
2025-08-26T19:00Z,19,238,30.9,54.0,0.0,0.0,4450.0,0.15
2025-08-26T20:00Z,20,238,29.5,61.0,0.0,0.0,3750.0,0.15
2025-08-26T21:00Z,21,238,28.1,69.0,0.0,0.0,3050.0,0.15
2025-08-26T22:00Z,22,238,27.6,74.0,0.0,0.0,2800.0,0.15
2025-08-26T23:00Z,23,238,27.1,78.0,0.0,0.0,2550.0,0.15
2025-08-27T00:00Z,0,239,26.8,81.0,0.0,0.0,2400.0,0.15
2025-08-27T01:00Z,1,239,26.2,78.0,0.0,0.0,2100.0,0.15
2025-08-27T02:00Z,2,239,26.2,75.0,0.0,0.0,2100.0,0.15
2025-08-27T03:00Z,3,239,25.7,76.0,0.0,0.0,1850.0,0.15
2025-08-27T04:00Z,4,239,25.7,70.0,0.0,0.0,1850.0,0.15
2025-08-27T05:00Z,5,239,25.4,66.0,1.0,1.8,1700.0,0.15
2025-08-27T06:00Z,6,239,27.0,54.0,74.0,133.2,2500.0,0.15
2025-08-27T07:00Z,7,239,29.1,48.0,249.0,448.2,3550.0,0.15
2025-08-27T08:00Z,8,239,32.1,41.0,443.0,797.4,5050.0,0.85
2025-08-27T09:00Z,9,239,35.3,32.0,619.0,1114.2,6650.0,0.85
2025-08-27T10:00Z,10,239,37.8,27.0,754.0,1357.2,7900.0,0.85
2025-08-27T11:00Z,11,239,39.3,25.0,836.0,1504.8,8650.0,0.85
2025-08-27T12:00Z,12,239,40.1,25.0,856.0,1540.8,9050.0,0.85
2025-08-27T13:00Z,13,239,39.8,29.0,817.0,1470.6,8900.0,0.85
2025-08-27T14:00Z,14,239,38.3,36.0,585.0,1053.0,8150.0,0.85
2025-08-27T15:00Z,15,239,36.9,40.0,525.0,945.0,7450.0,0.85
2025-08-27T16:00Z,16,239,35.2,46.0,347.0,624.6,6600.0,0.85
2025-08-27T17:00Z,17,239,33.0,53.0,181.0,325.8,5500.0,0.85
2025-08-27T18:00Z,18,239,31.0,62.0,34.0,61.2,4500.0,0.15
2025-08-27T19:00Z,19,239,29.8,67.0,0.0,0.0,3900.0,0.15
2025-08-27T20:00Z,20,239,29.1,71.0,0.0,0.0,3550.0,0.15
2025-08-27T21:00Z,21,239,28.6,74.0,0.0,0.0,3300.0,0.15
2025-08-27T22:00Z,22,239,28.4,75.0,0.0,0.0,3200.0,0.15
2025-08-27T23:00Z,23,239,28.3,73.0,0.0,0.0,3150.0,0.15
2025-08-28T00:00Z,0,240,28.0,72.0,0.0,0.0,3000.0,0.15
2025-08-28T01:00Z,1,240,28.3,71.0,0.0,0.0,3150.0,0.15
2025-08-28T02:00Z,2,240,28.3,64.0,0.0,0.0,3150.0,0.15
2025-08-28T03:00Z,3,240,27.8,66.0,0.0,0.0,2900.0,0.15
2025-08-28T04:00Z,4,240,28.5,63.0,0.0,0.0,3250.0,0.15
2025-08-28T05:00Z,5,240,28.3,66.0,0.0,0.0,3150.0,0.15
2025-08-28T06:00Z,6,240,29.4,58.0,55.0,99.0,3700.0,0.15
2025-08-28T07:00Z,7,240,30.6,55.0,146.0,262.8,4300.0,0.15
2025-08-28T08:00Z,8,240,33.0,50.0,360.0,648.0,5500.0,0.85
2025-08-28T09:00Z,9,240,35.7,40.0,600.0,1080.0,6850.0,0.85
2025-08-28T10:00Z,10,240,37.9,29.0,744.0,1339.2,7950.0,0.85
2025-08-28T11:00Z,11,240,38.8,27.0,827.0,1488.6,8400.0,0.85
2025-08-28T12:00Z,12,240,39.0,29.0,845.0,1521.0,8500.0,0.85
2025-08-28T13:00Z,13,240,37.8,37.0,806.0,1450.8,7900.0,0.85
2025-08-28T14:00Z,14,240,36.2,42.0,707.0,1272.6,7100.0,0.85
2025-08-28T15:00Z,15,240,34.3,47.0,553.0,995.4,6150.0,0.85
2025-08-28T16:00Z,16,240,33.2,49.0,214.0,385.2,5600.0,0.85
2025-08-28T17:00Z,17,240,31.7,54.0,147.0,264.6,4850.0,0.85
2025-08-28T18:00Z,18,240,29.6,63.0,33.0,59.4,3800.0,0.15
2025-08-28T19:00Z,19,240,28.8,67.0,0.0,0.0,3400.0,0.15
2025-08-28T20:00Z,20,240,27.9,77.0,0.0,0.0,2950.0,0.15
2025-08-28T21:00Z,21,240,27.4,80.0,0.0,0.0,2700.0,0.15
2025-08-28T22:00Z,22,240,27.2,77.0,0.0,0.0,2600.0,0.15
2025-08-28T23:00Z,23,240,27.2,76.0,0.0,0.0,2600.0,0.15
2025-08-29T00:00Z,0,241,27.0,75.0,0.0,0.0,2500.0,0.15
2025-08-29T01:00Z,1,241,27.2,74.0,0.0,0.0,2600.0,0.15
2025-08-29T02:00Z,2,241,26.5,75.0,0.0,0.0,2250.0,0.15
2025-08-29T03:00Z,3,241,26.0,78.0,0.0,0.0,2000.0,0.15
2025-08-29T04:00Z,4,241,25.5,84.0,0.0,0.0,1750.0,0.15
2025-08-29T05:00Z,5,241,25.1,87.0,0.0,0.0,1550.0,0.15
2025-08-29T06:00Z,6,241,25.5,84.0,61.0,109.8,1750.0,0.15
2025-08-29T07:00Z,7,241,26.6,78.0,204.0,367.2,2300.0,0.15
2025-08-29T08:00Z,8,241,28.0,69.0,390.0,702.0,3000.0,0.85
2025-08-29T09:00Z,9,241,29.9,57.0,605.0,1089.0,3950.0,0.85
2025-08-29T10:00Z,10,241,31.5,48.0,728.0,1310.4,4750.0,0.85
2025-08-29T11:00Z,11,241,32.4,44.0,717.0,1290.6,5200.0,0.85
2025-08-29T12:00Z,12,241,33.3,43.0,805.0,1449.0,5650.0,0.85
2025-08-29T13:00Z,13,241,32.8,40.0,494.0,889.2,5400.0,0.85
2025-08-29T14:00Z,14,241,30.2,60.0,508.0,914.4,4100.0,0.85
2025-08-29T15:00Z,15,241,29.1,64.0,382.0,687.6,3550.0,0.85
2025-08-29T16:00Z,16,241,29.4,61.0,241.0,433.8,3700.0,0.85
2025-08-29T17:00Z,17,241,29.0,60.0,152.0,273.6,3500.0,0.85
2025-08-29T18:00Z,18,241,27.9,69.0,27.0,48.6,2950.0,0.15
2025-08-29T19:00Z,19,241,27.5,75.0,0.0,0.0,2750.0,0.15
2025-08-29T20:00Z,20,241,27.0,70.0,0.0,0.0,2500.0,0.15
2025-08-29T21:00Z,21,241,26.2,76.0,0.0,0.0,2100.0,0.15
2025-08-29T22:00Z,22,241,25.7,80.0,0.0,0.0,1850.0,0.15
2025-08-29T23:00Z,23,241,25.3,83.0,0.0,0.0,1650.0,0.15
2025-08-30T00:00Z,0,242,25.0,84.0,0.0,0.0,1500.0,0.15
2025-08-30T01:00Z,1,242,25.5,80.0,0.0,0.0,1750.0,0.15
2025-08-30T02:00Z,2,242,25.1,82.0,0.0,0.0,1550.0,0.15
2025-08-30T03:00Z,3,242,24.8,83.0,0.0,0.0,1400.0,0.15
2025-08-30T04:00Z,4,242,24.4,84.0,0.0,0.0,1200.0,0.15
2025-08-30T05:00Z,5,242,24.1,83.0,0.0,0.0,1050.0,0.15
2025-08-30T06:00Z,6,242,24.8,76.0,68.0,122.4,1400.0,0.15
2025-08-30T07:00Z,7,242,26.4,64.0,237.0,426.6,2200.0,0.15
2025-08-30T08:00Z,8,242,28.0,55.0,428.0,770.4,3000.0,0.15
2025-08-30T09:00Z,9,242,29.5,49.0,599.0,1078.2,3750.0,0.15
2025-08-30T10:00Z,10,242,31.2,42.0,726.0,1306.8,4600.0,0.15
2025-08-30T11:00Z,11,242,32.4,37.0,807.0,1452.6,5200.0,0.15
2025-08-30T12:00Z,12,242,32.8,36.0,813.0,1463.4,5400.0,0.15
2025-08-30T13:00Z,13,242,32.8,36.0,772.0,1389.6,5400.0,0.15
2025-08-30T14:00Z,14,242,32.5,36.0,659.0,1186.2,5250.0,0.15
2025-08-30T15:00Z,15,242,31.8,37.0,499.0,898.2,4900.0,0.15
2025-08-30T16:00Z,16,242,30.5,37.0,339.0,610.2,4250.0,0.15
2025-08-30T17:00Z,17,242,28.9,40.0,177.0,318.6,3450.0,0.15
2025-08-30T18:00Z,18,242,27.7,44.0,30.0,54.0,2850.0,0.15
2025-08-30T19:00Z,19,242,26.3,55.0,0.0,0.0,2150.0,0.15
2025-08-30T20:00Z,20,242,25.4,63.0,0.0,0.0,1700.0,0.15
2025-08-30T21:00Z,21,242,24.8,66.0,0.0,0.0,1400.0,0.15
2025-08-30T22:00Z,22,242,24.4,68.0,0.0,0.0,1200.0,0.15
2025-08-30T23:00Z,23,242,23.9,70.0,0.0,0.0,950.0,0.15
2025-08-31T00:00Z,0,243,23.2,74.0,0.0,0.0,600.0,0.15
2025-08-31T01:00Z,1,243,22.5,72.0,0.0,0.0,250.0,0.15
2025-08-31T02:00Z,2,243,22.1,75.0,0.0,0.0,50.0,0.15
2025-08-31T03:00Z,3,243,21.7,78.0,0.0,0.0,150.0,0.15
2025-08-31T04:00Z,4,243,21.3,81.0,0.0,0.0,350.0,0.15
2025-08-31T05:00Z,5,243,20.8,86.0,0.0,0.0,600.0,0.15
2025-08-31T06:00Z,6,243,22.1,79.0,68.0,122.4,50.0,0.15
2025-08-31T07:00Z,7,243,24.7,66.0,242.0,435.6,1350.0,0.15
2025-08-31T08:00Z,8,243,27.1,49.0,438.0,788.4,2550.0,0.15
2025-08-31T09:00Z,9,243,29.3,37.0,614.0,1105.2,3650.0,0.15
2025-08-31T10:00Z,10,243,30.8,31.0,751.0,1351.8,4400.0,0.15
2025-08-31T11:00Z,11,243,32.0,29.0,834.0,1501.2,5000.0,0.15
2025-08-31T12:00Z,12,243,32.5,29.0,856.0,1540.8,5250.0,0.15
2025-08-31T13:00Z,13,243,33.8,24.0,814.0,1465.2,5900.0,0.15
2025-08-31T14:00Z,14,243,33.5,27.0,708.0,1274.4,5750.0,0.15
2025-08-31T15:00Z,15,243,32.2,33.0,549.0,988.2,5100.0,0.15
2025-08-31T16:00Z,16,243,30.6,40.0,364.0,655.2,4300.0,0.15
2025-08-31T17:00Z,17,243,30.1,49.0,171.0,307.8,4050.0,0.15
2025-08-31T18:00Z,18,243,29.5,42.0,27.0,48.6,3750.0,0.15
2025-08-31T19:00Z,19,243,27.6,51.0,0.0,0.0,2800.0,0.15
2025-08-31T20:00Z,20,243,26.5,61.0,0.0,0.0,2250.0,0.15
2025-08-31T21:00Z,21,243,26.0,66.0,0.0,0.0,2000.0,0.15
2025-08-31T22:00Z,22,243,26.0,67.0,0.0,0.0,2000.0,0.15
2025-08-31T23:00Z,23,243,25.7,71.0,0.0,0.0,1850.0,0.15
2025-09-01T00:00Z,0,244,25.5,71.0,0.0,0.0,1750.0,0.15
2025-09-01T01:00Z,1,244,25.6,65.0,0.0,0.0,1800.0,0.15
2025-09-01T02:00Z,2,244,25.5,64.0,0.0,0.0,1750.0,0.15
2025-09-01T03:00Z,3,244,25.2,66.0,0.0,0.0,1600.0,0.15
2025-09-01T04:00Z,4,244,25.0,69.0,0.0,0.0,1500.0,0.15
2025-09-01T05:00Z,5,244,24.7,71.0,0.0,0.0,1350.0,0.15
2025-09-01T06:00Z,6,244,25.7,67.0,67.0,120.6,1850.0,0.15
2025-09-01T07:00Z,7,244,28.0,59.0,242.0,435.6,3000.0,0.15
2025-09-01T08:00Z,8,244,31.2,47.0,440.0,792.0,4600.0,0.85
2025-09-01T09:00Z,9,244,34.5,35.0,617.0,1110.6,6250.0,0.85
2025-09-01T10:00Z,10,244,37.2,26.0,754.0,1357.2,7600.0,0.85
2025-09-01T11:00Z,11,244,39.5,19.0,837.0,1506.6,8750.0,0.85
2025-09-01T12:00Z,12,244,40.8,15.0,856.0,1540.8,9400.0,0.85
2025-09-01T13:00Z,13,244,42.1,14.0,810.0,1458.0,10050.0,0.85
2025-09-01T14:00Z,14,244,40.3,23.0,710.0,1278.0,9150.0,0.85
2025-09-01T15:00Z,15,244,36.8,30.0,525.0,945.0,7400.0,0.85
2025-09-01T16:00Z,16,244,35.7,33.0,360.0,648.0,6850.0,0.85
2025-09-01T17:00Z,17,244,34.0,35.0,166.0,298.8,6000.0,0.85
2025-09-01T18:00Z,18,244,31.9,38.0,25.0,45.0,4950.0,0.15
2025-09-01T19:00Z,19,244,30.7,44.0,0.0,0.0,4350.0,0.15
2025-09-01T20:00Z,20,244,29.8,45.0,0.0,0.0,3900.0,0.15
2025-09-01T21:00Z,21,244,29.0,48.0,0.0,0.0,3500.0,0.15
2025-09-01T22:00Z,22,244,28.3,52.0,0.0,0.0,3150.0,0.15
2025-09-01T23:00Z,23,244,28.0,53.0,0.0,0.0,3000.0,0.15
2025-09-02T00:00Z,0,245,27.1,60.0,0.0,0.0,2550.0,0.15
2025-09-02T01:00Z,1,245,25.9,79.0,0.0,0.0,1950.0,0.15
2025-09-02T02:00Z,2,245,25.7,83.0,0.0,0.0,1850.0,0.15
2025-09-02T03:00Z,3,245,25.7,83.0,0.0,0.0,1850.0,0.15
2025-09-02T04:00Z,4,245,25.6,83.0,0.0,0.0,1800.0,0.15
2025-09-02T05:00Z,5,245,25.2,78.0,0.0,0.0,1600.0,0.15
2025-09-02T06:00Z,6,245,25.3,72.0,37.0,66.6,1650.0,0.15
2025-09-02T07:00Z,7,245,25.4,68.0,87.0,156.6,1700.0,0.15
2025-09-02T08:00Z,8,245,24.8,70.0,118.0,212.4,1400.0,0.85
2025-09-02T09:00Z,9,245,26.8,59.0,276.0,496.8,2400.0,0.85
2025-09-02T10:00Z,10,245,29.0,50.0,529.0,952.2,3500.0,0.85
2025-09-02T11:00Z,11,245,29.8,47.0,507.0,912.6,3900.0,0.85
2025-09-02T12:00Z,12,245,30.4,45.0,509.0,916.2,4200.0,0.85
2025-09-02T13:00Z,13,245,32.5,39.0,713.0,1283.4,5250.0,0.85
2025-09-02T14:00Z,14,245,31.2,45.0,499.0,898.2,4600.0,0.85
2025-09-02T15:00Z,15,245,25.8,73.0,360.0,648.0,1900.0,0.85
2025-09-02T16:00Z,16,245,26.5,70.0,150.0,270.0,2250.0,0.85
2025-09-02T17:00Z,17,245,26.3,66.0,106.0,190.8,2150.0,0.85
2025-09-02T18:00Z,18,245,25.3,69.0,18.0,32.4,1650.0,0.15
2025-09-02T19:00Z,19,245,24.8,72.0,0.0,0.0,1400.0,0.15
2025-09-02T20:00Z,20,245,24.5,74.0,0.0,0.0,1250.0,0.15
2025-09-02T21:00Z,21,245,23.8,72.0,0.0,0.0,900.0,0.15
2025-09-02T22:00Z,22,245,23.3,76.0,0.0,0.0,650.0,0.15
2025-09-02T23:00Z,23,245,23.0,79.0,0.0,0.0,500.0,0.15
2025-09-03T00:00Z,0,246,22.8,78.0,0.0,0.0,400.0,0.15
2025-09-03T01:00Z,1,246,22.2,82.0,0.0,0.0,100.0,0.15
2025-09-03T02:00Z,2,246,22.2,81.0,0.0,0.0,100.0,0.15
2025-09-03T03:00Z,3,246,22.4,77.0,0.0,0.0,200.0,0.15
2025-09-03T04:00Z,4,246,21.9,76.0,0.0,0.0,50.0,0.15
2025-09-03T05:00Z,5,246,21.5,76.0,0.0,0.0,250.0,0.15
2025-09-03T06:00Z,6,246,22.1,74.0,55.0,99.0,50.0,0.15
2025-09-03T07:00Z,7,246,24.0,65.0,231.0,415.8,1000.0,0.15
2025-09-03T08:00Z,8,246,25.9,56.0,434.0,781.2,1950.0,0.85
2025-09-03T09:00Z,9,246,27.5,48.0,613.0,1103.4,2750.0,0.85
2025-09-03T10:00Z,10,246,28.8,43.0,748.0,1346.4,3400.0,0.85
2025-09-03T11:00Z,11,246,29.5,41.0,828.0,1490.4,3750.0,0.85
2025-09-03T12:00Z,12,246,29.8,39.0,848.0,1526.4,3900.0,0.85
2025-09-03T13:00Z,13,246,30.0,40.0,801.0,1441.8,4000.0,0.85
2025-09-03T14:00Z,14,246,29.2,45.0,698.0,1256.4,3600.0,0.85
2025-09-03T15:00Z,15,246,28.4,49.0,544.0,979.2,3200.0,0.85
2025-09-03T16:00Z,16,246,27.5,53.0,355.0,639.0,2750.0,0.85
2025-09-03T17:00Z,17,246,26.4,57.0,163.0,293.4,2200.0,0.85
2025-09-03T18:00Z,18,246,25.5,61.0,22.0,39.6,1750.0,0.15
2025-09-03T19:00Z,19,246,25.2,62.0,0.0,0.0,1600.0,0.15
2025-09-03T20:00Z,20,246,25.0,64.0,0.0,0.0,1500.0,0.15
2025-09-03T21:00Z,21,246,24.5,68.0,0.0,0.0,1250.0,0.15
2025-09-03T22:00Z,22,246,23.9,72.0,0.0,0.0,950.0,0.15
2025-09-03T23:00Z,23,246,23.2,74.0,0.0,0.0,600.0,0.15
2025-09-04T00:00Z,0,247,22.4,78.0,0.0,0.0,200.0,0.15
2025-09-04T01:00Z,1,247,21.2,83.0,0.0,0.0,400.0,0.15
2025-09-04T02:00Z,2,247,20.4,86.0,0.0,0.0,800.0,0.15
2025-09-04T03:00Z,3,247,19.9,91.0,0.0,0.0,1050.0,0.15
2025-09-04T04:00Z,4,247,19.5,95.0,0.0,0.0,1250.0,0.15
2025-09-04T05:00Z,5,247,19.3,97.0,0.0,0.0,1350.0,0.15
2025-09-04T06:00Z,6,247,20.6,92.0,63.0,113.4,700.0,0.15
2025-09-04T07:00Z,7,247,23.4,79.0,237.0,426.6,700.0,0.15
2025-09-04T08:00Z,8,247,25.5,66.0,433.0,779.4,1750.0,0.85
2025-09-04T09:00Z,9,247,27.5,51.0,610.0,1098.0,2750.0,0.85
2025-09-04T10:00Z,10,247,29.1,41.0,747.0,1344.6,3550.0,0.85
2025-09-04T11:00Z,11,247,30.2,37.0,829.0,1492.2,4100.0,0.85
2025-09-04T12:00Z,12,247,31.0,36.0,848.0,1526.4,4500.0,0.85
2025-09-04T13:00Z,13,247,30.8,42.0,799.0,1438.2,4400.0,0.85
2025-09-04T14:00Z,14,247,30.3,44.0,692.0,1245.6,4150.0,0.85
2025-09-04T15:00Z,15,247,29.3,48.0,538.0,968.4,3650.0,0.85
2025-09-04T16:00Z,16,247,28.0,55.0,353.0,635.4,3000.0,0.85
2025-09-04T17:00Z,17,247,27.3,61.0,160.0,288.0,2650.0,0.85
2025-09-04T18:00Z,18,247,27.0,66.0,20.0,36.0,2500.0,0.15
2025-09-04T19:00Z,19,247,26.4,64.0,0.0,0.0,2200.0,0.15
2025-09-04T20:00Z,20,247,25.3,68.0,0.0,0.0,1650.0,0.15
2025-09-04T21:00Z,21,247,24.7,72.0,0.0,0.0,1350.0,0.15
2025-09-04T22:00Z,22,247,24.4,74.0,0.0,0.0,1200.0,0.15
2025-09-04T23:00Z,23,247,24.1,76.0,0.0,0.0,1050.0,0.15
2025-09-05T00:00Z,0,248,23.8,80.0,0.0,0.0,900.0,0.15
2025-09-05T01:00Z,1,248,23.5,83.0,0.0,0.0,750.0,0.15
2025-09-05T02:00Z,2,248,23.0,87.0,0.0,0.0,500.0,0.15
2025-09-05T03:00Z,3,248,22.8,89.0,0.0,0.0,400.0,0.15
2025-09-05T04:00Z,4,248,22.3,92.0,0.0,0.0,150.0,0.15
2025-09-05T05:00Z,5,248,22.1,93.0,0.0,0.0,50.0,0.15
2025-09-05T06:00Z,6,248,23.5,87.0,59.0,106.2,750.0,0.15
2025-09-05T07:00Z,7,248,25.5,76.0,230.0,414.0,1750.0,0.15
2025-09-05T08:00Z,8,248,27.0,66.0,425.0,765.0,2500.0,0.85
2025-09-05T09:00Z,9,248,28.6,58.0,602.0,1083.6,3300.0,0.85
2025-09-05T10:00Z,10,248,30.0,49.0,739.0,1330.2,4000.0,0.85
2025-09-05T11:00Z,11,248,31.1,42.0,822.0,1479.6,4550.0,0.85
2025-09-05T12:00Z,12,248,31.8,34.0,844.0,1519.2,4900.0,0.85
2025-09-05T13:00Z,13,248,31.6,32.0,805.0,1449.0,4800.0,0.85
2025-09-05T14:00Z,14,248,31.1,36.0,704.0,1267.2,4550.0,0.85
2025-09-05T15:00Z,15,248,30.1,44.0,547.0,984.6,4050.0,0.85
2025-09-05T16:00Z,16,248,28.8,54.0,357.0,642.6,3400.0,0.85
2025-09-05T17:00Z,17,248,27.2,65.0,159.0,286.2,2600.0,0.85
2025-09-05T18:00Z,18,248,26.0,74.0,19.0,34.2,2000.0,0.15
2025-09-05T19:00Z,19,248,25.2,79.0,0.0,0.0,1600.0,0.15
2025-09-05T20:00Z,20,248,24.9,81.0,0.0,0.0,1450.0,0.15
2025-09-05T21:00Z,21,248,24.4,83.0,0.0,0.0,1200.0,0.15
2025-09-05T22:00Z,22,248,23.8,86.0,0.0,0.0,900.0,0.15
2025-09-05T23:00Z,23,248,23.1,91.0,0.0,0.0,550.0,0.15
2025-09-06T00:00Z,0,249,22.5,95.0,0.0,0.0,250.0,0.15
2025-09-06T01:00Z,1,249,21.8,92.0,0.0,0.0,100.0,0.15
2025-09-06T02:00Z,2,249,21.4,93.0,0.0,0.0,300.0,0.15
2025-09-06T03:00Z,3,249,21.5,93.0,0.0,0.0,250.0,0.15
2025-09-06T04:00Z,4,249,21.5,96.0,0.0,0.0,250.0,0.15
2025-09-06T05:00Z,5,249,21.4,97.0,0.0,0.0,300.0,0.15
2025-09-06T06:00Z,6,249,22.4,92.0,51.0,91.8,200.0,0.15
2025-09-06T07:00Z,7,249,25.0,73.0,215.0,387.0,1500.0,0.15
2025-09-06T08:00Z,8,249,28.2,48.0,414.0,745.2,3100.0,0.15
2025-09-06T09:00Z,9,249,30.8,38.0,589.0,1060.2,4400.0,0.15
2025-09-06T10:00Z,10,249,32.8,33.0,716.0,1288.8,5400.0,0.15
2025-09-06T11:00Z,11,249,34.4,30.0,796.0,1432.8,6200.0,0.15
2025-09-06T12:00Z,12,249,35.2,30.0,817.0,1470.6,6600.0,0.15
2025-09-06T13:00Z,13,249,35.3,31.0,777.0,1398.6,6650.0,0.15
2025-09-06T14:00Z,14,249,34.1,40.0,673.0,1211.4,6050.0,0.15
2025-09-06T15:00Z,15,249,33.5,44.0,495.0,891.0,5750.0,0.15
2025-09-06T16:00Z,16,249,32.7,48.0,218.0,392.4,5350.0,0.15
2025-09-06T17:00Z,17,249,31.8,45.0,71.0,127.8,4900.0,0.15
2025-09-06T18:00Z,18,249,30.0,50.0,11.0,19.8,4000.0,0.15
2025-09-06T19:00Z,19,249,28.4,59.0,0.0,0.0,3200.0,0.15
2025-09-06T20:00Z,20,249,27.1,67.0,0.0,0.0,2550.0,0.15
2025-09-06T21:00Z,21,249,26.4,71.0,0.0,0.0,2200.0,0.15
2025-09-06T22:00Z,22,249,26.0,72.0,0.0,0.0,2000.0,0.15
2025-09-06T23:00Z,23,249,25.6,74.0,0.0,0.0,1800.0,0.15
2025-09-07T00:00Z,0,250,25.1,78.0,0.0,0.0,1550.0,0.15
2025-09-07T01:00Z,1,250,24.7,86.0,0.0,0.0,1350.0,0.15
2025-09-07T02:00Z,2,250,24.3,88.0,0.0,0.0,1150.0,0.15
2025-09-07T03:00Z,3,250,24.0,91.0,0.0,0.0,1000.0,0.15
2025-09-07T04:00Z,4,250,23.6,92.0,0.0,0.0,800.0,0.15
2025-09-07T05:00Z,5,250,23.3,92.0,0.0,0.0,650.0,0.15
2025-09-07T06:00Z,6,250,23.9,87.0,50.0,90.0,950.0,0.15
2025-09-07T07:00Z,7,250,25.5,79.0,172.0,309.6,1750.0,0.15
2025-09-07T08:00Z,8,250,27.4,72.0,253.0,455.4,2700.0,0.15
2025-09-07T09:00Z,9,250,30.1,61.0,513.0,923.4,4050.0,0.15
2025-09-07T10:00Z,10,250,32.5,51.0,711.0,1279.8,5250.0,0.15
2025-09-07T11:00Z,11,250,33.8,46.0,798.0,1436.4,5900.0,0.15
2025-09-07T12:00Z,12,250,34.3,46.0,817.0,1470.6,6150.0,0.15
2025-09-07T13:00Z,13,250,35.0,40.0,711.0,1279.8,6500.0,0.15
2025-09-07T14:00Z,14,250,34.5,40.0,612.0,1101.6,6250.0,0.15
2025-09-07T15:00Z,15,250,33.2,47.0,438.0,788.4,5600.0,0.15
2025-09-07T16:00Z,16,250,32.0,55.0,269.0,484.2,5000.0,0.15
2025-09-07T17:00Z,17,250,31.5,59.0,110.0,198.0,4750.0,0.15
2025-09-07T18:00Z,18,250,31.0,62.0,11.0,19.8,4500.0,0.15
2025-09-07T19:00Z,19,250,30.3,62.0,0.0,0.0,4150.0,0.15
2025-09-07T20:00Z,20,250,29.5,64.0,0.0,0.0,3750.0,0.15
2025-09-07T21:00Z,21,250,28.6,68.0,0.0,0.0,3300.0,0.15
2025-09-07T22:00Z,22,250,28.0,71.0,0.0,0.0,3000.0,0.15
2025-09-07T23:00Z,23,250,27.5,74.0,0.0,0.0,2750.0,0.15
2025-09-08T00:00Z,0,251,26.9,78.0,0.0,0.0,2450.0,0.15
2025-09-08T01:00Z,1,251,25.7,84.0,0.0,0.0,1850.0,0.15
2025-09-08T02:00Z,2,251,25.1,88.0,0.0,0.0,1550.0,0.15
2025-09-08T03:00Z,3,251,25.0,90.0,0.0,0.0,1500.0,0.15
2025-09-08T04:00Z,4,251,24.5,94.0,0.0,0.0,1250.0,0.15
2025-09-08T05:00Z,5,251,24.2,95.0,0.0,0.0,1100.0,0.15
2025-09-08T06:00Z,6,251,24.9,89.0,52.0,93.6,1450.0,0.15
2025-09-08T07:00Z,7,251,26.7,76.0,212.0,381.6,2350.0,0.15
2025-09-08T08:00Z,8,251,29.4,59.0,402.0,723.6,3700.0,0.85
2025-09-08T09:00Z,9,251,32.5,45.0,584.0,1051.2,5250.0,0.85
2025-09-08T10:00Z,10,251,34.8,35.0,718.0,1292.4,6400.0,0.85
2025-09-08T11:00Z,11,251,36.7,29.0,796.0,1432.8,7350.0,0.85
2025-09-08T12:00Z,12,251,38.0,25.0,819.0,1474.2,8000.0,0.85
2025-09-08T13:00Z,13,251,38.2,23.0,661.0,1189.8,8100.0,0.85
2025-09-08T14:00Z,14,251,36.8,28.0,565.0,1017.0,7400.0,0.85
2025-09-08T15:00Z,15,251,36.0,29.0,302.0,543.6,7000.0,0.85
2025-09-08T16:00Z,16,251,35.8,29.0,246.0,442.8,6900.0,0.85
2025-09-08T17:00Z,17,251,34.5,32.0,66.0,118.8,6250.0,0.85
2025-09-08T18:00Z,18,251,33.5,34.0,9.0,16.2,5750.0,0.15
2025-09-08T19:00Z,19,251,32.7,41.0,0.0,0.0,5350.0,0.15
2025-09-08T20:00Z,20,251,32.3,40.0,0.0,0.0,5150.0,0.15
2025-09-08T21:00Z,21,251,31.1,38.0,0.0,0.0,4550.0,0.15
2025-09-08T22:00Z,22,251,30.5,38.0,0.0,0.0,4250.0,0.15
2025-09-08T23:00Z,23,251,29.6,41.0,0.0,0.0,3800.0,0.15
2025-09-09T00:00Z,0,252,29.2,42.0,0.0,0.0,3600.0,0.15
2025-09-09T01:00Z,1,252,28.5,51.0,0.0,0.0,3250.0,0.15
2025-09-09T02:00Z,2,252,28.4,50.0,0.0,0.0,3200.0,0.15
2025-09-09T03:00Z,3,252,27.7,53.0,0.0,0.0,2850.0,0.15
2025-09-09T04:00Z,4,252,27.2,55.0,0.0,0.0,2600.0,0.15
2025-09-09T05:00Z,5,252,26.8,57.0,0.0,0.0,2400.0,0.15
2025-09-09T06:00Z,6,252,27.4,56.0,51.0,91.8,2700.0,0.15
2025-09-09T07:00Z,7,252,29.0,51.0,212.0,381.6,3500.0,0.15
2025-09-09T08:00Z,8,252,31.4,43.0,400.0,720.0,4700.0,0.85
2025-09-09T09:00Z,9,252,33.6,36.0,578.0,1040.4,5800.0,0.85
2025-09-09T10:00Z,10,252,35.7,31.0,707.0,1272.6,6850.0,0.85
2025-09-09T11:00Z,11,252,37.5,27.0,788.0,1418.4,7750.0,0.85
2025-09-09T12:00Z,12,252,38.8,24.0,803.0,1445.4,8400.0,0.85
2025-09-09T13:00Z,13,252,38.0,24.0,714.0,1285.2,8000.0,0.85
2025-09-09T14:00Z,14,252,37.6,24.0,510.0,918.0,7800.0,0.85
2025-09-09T15:00Z,15,252,37.6,23.0,445.0,801.0,7800.0,0.85
2025-09-09T16:00Z,16,252,36.6,25.0,277.0,498.6,7300.0,0.85
2025-09-09T17:00Z,17,252,31.8,40.0,82.0,147.6,4900.0,0.85
2025-09-09T18:00Z,18,252,30.6,45.0,3.0,5.4,4300.0,0.15
2025-09-09T19:00Z,19,252,30.0,48.0,0.0,0.0,4000.0,0.15
2025-09-09T20:00Z,20,252,29.5,51.0,0.0,0.0,3750.0,0.15
2025-09-09T21:00Z,21,252,29.3,53.0,0.0,0.0,3650.0,0.15
2025-09-09T22:00Z,22,252,29.1,53.0,0.0,0.0,3550.0,0.15
2025-09-09T23:00Z,23,252,28.8,55.0,0.0,0.0,3400.0,0.15
2025-09-10T00:00Z,0,253,27.9,60.0,0.0,0.0,2950.0,0.15
2025-09-10T01:00Z,1,253,25.2,81.0,0.0,0.0,1600.0,0.15
2025-09-10T02:00Z,2,253,25.6,79.0,0.0,0.0,1800.0,0.15
2025-09-10T03:00Z,3,253,25.0,74.0,0.0,0.0,1500.0,0.15
2025-09-10T04:00Z,4,253,24.4,81.0,0.0,0.0,1200.0,0.15
2025-09-10T05:00Z,5,253,24.1,90.0,0.0,0.0,1050.0,0.15
2025-09-10T06:00Z,6,253,24.9,89.0,47.0,84.6,1450.0,0.15
2025-09-10T07:00Z,7,253,26.0,82.0,168.0,302.4,2000.0,0.15
2025-09-10T08:00Z,8,253,27.7,72.0,363.0,653.4,2850.0,0.85
2025-09-10T09:00Z,9,253,29.1,64.0,468.0,842.4,3550.0,0.85
2025-09-10T10:00Z,10,253,30.0,60.0,501.0,901.8,4000.0,0.85
2025-09-10T11:00Z,11,253,29.8,59.0,547.0,984.6,3900.0,0.85
2025-09-10T12:00Z,12,253,28.9,65.0,591.0,1063.8,3450.0,0.85
2025-09-10T13:00Z,13,253,27.5,72.0,511.0,919.8,2750.0,0.85
2025-09-10T14:00Z,14,253,26.5,75.0,277.0,498.6,2250.0,0.85
2025-09-10T15:00Z,15,253,26.5,72.0,213.0,383.4,2250.0,0.85
2025-09-10T16:00Z,16,253,25.5,75.0,91.0,163.8,1750.0,0.85
2025-09-10T17:00Z,17,253,23.9,77.0,22.0,39.6,950.0,0.85
2025-09-10T18:00Z,18,253,22.6,83.0,5.0,9.0,300.0,0.15
2025-09-10T19:00Z,19,253,21.5,90.0,0.0,0.0,250.0,0.15
2025-09-10T20:00Z,20,253,21.2,93.0,0.0,0.0,400.0,0.15
2025-09-10T21:00Z,21,253,21.4,92.0,0.0,0.0,300.0,0.15
2025-09-10T22:00Z,22,253,21.0,93.0,0.0,0.0,500.0,0.15
2025-09-10T23:00Z,23,253,20.9,94.0,0.0,0.0,550.0,0.15
2025-09-11T00:00Z,0,254,21.1,95.0,0.0,0.0,450.0,0.15
2025-09-11T01:00Z,1,254,21.6,93.0,0.0,0.0,200.0,0.15
2025-09-11T02:00Z,2,254,21.7,92.0,0.0,0.0,150.0,0.15
2025-09-11T03:00Z,3,254,21.6,90.0,0.0,0.0,200.0,0.15
2025-09-11T04:00Z,4,254,21.5,87.0,0.0,0.0,250.0,0.15
2025-09-11T05:00Z,5,254,21.4,86.0,0.0,0.0,300.0,0.15
2025-09-11T06:00Z,6,254,22.0,83.0,50.0,90.0,0.0,0.15
2025-09-11T07:00Z,7,254,23.5,80.0,216.0,388.8,750.0,0.15
2025-09-11T08:00Z,8,254,25.3,71.0,409.0,736.2,1650.0,0.85
2025-09-11T09:00Z,9,254,26.8,63.0,582.0,1047.6,2400.0,0.85
2025-09-11T10:00Z,10,254,27.8,58.0,703.0,1265.4,2900.0,0.85
2025-09-11T11:00Z,11,254,28.9,53.0,755.0,1359.0,3450.0,0.85
2025-09-11T12:00Z,12,254,29.4,50.0,751.0,1351.8,3700.0,0.85
2025-09-11T13:00Z,13,254,29.0,53.0,675.0,1215.0,3500.0,0.85
2025-09-11T14:00Z,14,254,29.1,50.0,587.0,1056.6,3550.0,0.85
2025-09-11T15:00Z,15,254,28.7,50.0,445.0,801.0,3350.0,0.85
2025-09-11T16:00Z,16,254,27.8,56.0,272.0,489.6,2900.0,0.85
2025-09-11T17:00Z,17,254,26.3,65.0,120.0,216.0,2150.0,0.85
2025-09-11T18:00Z,18,254,24.9,71.0,10.0,18.0,1450.0,0.15
2025-09-11T19:00Z,19,254,24.0,76.0,0.0,0.0,1000.0,0.15
2025-09-11T20:00Z,20,254,23.2,78.0,0.0,0.0,600.0,0.15
2025-09-11T21:00Z,21,254,22.6,81.0,0.0,0.0,300.0,0.15
2025-09-11T22:00Z,22,254,22.2,83.0,0.0,0.0,100.0,0.15
2025-09-11T23:00Z,23,254,21.9,84.0,0.0,0.0,50.0,0.15
2025-09-12T00:00Z,0,255,21.6,86.0,0.0,0.0,200.0,0.15
2025-09-12T01:00Z,1,255,21.8,85.0,0.0,0.0,100.0,0.15
2025-09-12T02:00Z,2,255,21.6,86.0,0.0,0.0,200.0,0.15
2025-09-12T03:00Z,3,255,21.6,87.0,0.0,0.0,200.0,0.15
2025-09-12T04:00Z,4,255,21.5,88.0,0.0,0.0,250.0,0.15
2025-09-12T05:00Z,5,255,21.5,89.0,0.0,0.0,250.0,0.15
2025-09-12T06:00Z,6,255,22.2,86.0,49.0,88.2,100.0,0.15
2025-09-12T07:00Z,7,255,23.9,80.0,211.0,379.8,950.0,0.15
2025-09-12T08:00Z,8,255,25.7,71.0,403.0,725.4,1850.0,0.85
2025-09-12T09:00Z,9,255,27.1,63.0,574.0,1033.2,2550.0,0.85
2025-09-12T10:00Z,10,255,28.1,57.0,691.0,1243.8,3050.0,0.85
2025-09-12T11:00Z,11,255,28.9,53.0,764.0,1375.2,3450.0,0.85
2025-09-12T12:00Z,12,255,29.2,51.0,792.0,1425.6,3600.0,0.85
2025-09-12T13:00Z,13,255,29.6,49.0,739.0,1330.2,3800.0,0.85
2025-09-12T14:00Z,14,255,29.5,48.0,631.0,1135.8,3750.0,0.85
2025-09-12T15:00Z,15,255,28.8,50.0,476.0,856.8,3400.0,0.85
2025-09-12T16:00Z,16,255,27.4,57.0,302.0,543.6,2700.0,0.85
2025-09-12T17:00Z,17,255,25.9,64.0,125.0,225.0,1950.0,0.85
2025-09-12T18:00Z,18,255,24.3,71.0,9.0,16.2,1150.0,0.15
2025-09-12T19:00Z,19,255,23.5,75.0,0.0,0.0,750.0,0.15
2025-09-12T20:00Z,20,255,22.8,80.0,0.0,0.0,400.0,0.15
2025-09-12T21:00Z,21,255,22.1,83.0,0.0,0.0,50.0,0.15
2025-09-12T22:00Z,22,255,21.6,85.0,0.0,0.0,200.0,0.15
2025-09-12T23:00Z,23,255,21.1,87.0,0.0,0.0,450.0,0.15
2025-09-13T00:00Z,0,256,20.9,89.0,0.0,0.0,550.0,0.15
2025-09-13T01:00Z,1,256,20.5,91.0,0.0,0.0,750.0,0.15
2025-09-13T02:00Z,2,256,20.0,93.0,0.0,0.0,1000.0,0.15
2025-09-13T03:00Z,3,256,19.9,93.0,0.0,0.0,1050.0,0.15
2025-09-13T04:00Z,4,256,19.6,93.0,0.0,0.0,1200.0,0.15
2025-09-13T05:00Z,5,256,19.5,94.0,0.0,0.0,1250.0,0.15
2025-09-13T06:00Z,6,256,19.9,93.0,46.0,82.8,1050.0,0.15
2025-09-13T07:00Z,7,256,22.0,83.0,207.0,372.6,0.0,0.15
2025-09-13T08:00Z,8,256,24.6,71.0,396.0,712.8,1300.0,0.15
2025-09-13T09:00Z,9,256,26.3,63.0,579.0,1042.2,2150.0,0.15
2025-09-13T10:00Z,10,256,27.2,57.0,702.0,1263.6,2600.0,0.15
2025-09-13T11:00Z,11,256,28.0,51.0,785.0,1413.0,3000.0,0.15
2025-09-13T12:00Z,12,256,28.4,50.0,800.0,1440.0,3200.0,0.15
2025-09-13T13:00Z,13,256,29.4,45.0,767.0,1380.6,3700.0,0.15
2025-09-13T14:00Z,14,256,29.4,47.0,662.0,1191.6,3700.0,0.15
2025-09-13T15:00Z,15,256,28.5,54.0,503.0,905.4,3250.0,0.15
2025-09-13T16:00Z,16,256,27.3,60.0,314.0,565.2,2650.0,0.15
2025-09-13T17:00Z,17,256,26.0,65.0,123.0,221.4,2000.0,0.15
2025-09-13T18:00Z,18,256,25.0,70.0,8.0,14.4,1500.0,0.15
2025-09-13T19:00Z,19,256,24.6,73.0,0.0,0.0,1300.0,0.15
2025-09-13T20:00Z,20,256,24.3,76.0,0.0,0.0,1150.0,0.15
2025-09-13T21:00Z,21,256,23.5,78.0,0.0,0.0,750.0,0.15
2025-09-13T22:00Z,22,256,22.8,81.0,0.0,0.0,400.0,0.15
2025-09-13T23:00Z,23,256,22.0,85.0,0.0,0.0,0.0,0.15
2025-09-14T00:00Z,0,257,21.4,89.0,0.0,0.0,300.0,0.15
2025-09-14T01:00Z,1,257,20.9,88.0,0.0,0.0,550.0,0.15
2025-09-14T02:00Z,2,257,20.6,90.0,0.0,0.0,700.0,0.15
2025-09-14T03:00Z,3,257,20.4,91.0,0.0,0.0,800.0,0.15
2025-09-14T04:00Z,4,257,20.0,94.0,0.0,0.0,1000.0,0.15
2025-09-14T05:00Z,5,257,19.8,96.0,0.0,0.0,1100.0,0.15
2025-09-14T06:00Z,6,257,20.6,95.0,44.0,79.2,700.0,0.15
2025-09-14T07:00Z,7,257,23.0,78.0,211.0,379.8,500.0,0.15
2025-09-14T08:00Z,8,257,25.8,60.0,407.0,732.6,1900.0,0.15
2025-09-14T09:00Z,9,257,28.6,49.0,582.0,1047.6,3300.0,0.15
2025-09-14T10:00Z,10,257,31.0,41.0,717.0,1290.6,4500.0,0.15
2025-09-14T11:00Z,11,257,32.8,35.0,795.0,1431.0,5400.0,0.15
2025-09-14T12:00Z,12,257,33.8,33.0,811.0,1459.8,5900.0,0.15
2025-09-14T13:00Z,13,257,34.0,34.0,761.0,1369.8,6000.0,0.15
2025-09-14T14:00Z,14,257,33.6,36.0,652.0,1173.6,5800.0,0.15
2025-09-14T15:00Z,15,257,33.0,35.0,495.0,891.0,5500.0,0.15
2025-09-14T16:00Z,16,257,31.6,40.0,305.0,549.0,4800.0,0.15
2025-09-14T17:00Z,17,257,29.2,57.0,118.0,212.4,3600.0,0.15
2025-09-14T18:00Z,18,257,27.4,71.0,7.0,12.6,2700.0,0.15
2025-09-14T19:00Z,19,257,26.6,78.0,0.0,0.0,2300.0,0.15
2025-09-14T20:00Z,20,257,26.0,82.0,0.0,0.0,2000.0,0.15
2025-09-14T21:00Z,21,257,25.3,87.0,0.0,0.0,1650.0,0.15
2025-09-14T22:00Z,22,257,24.5,90.0,0.0,0.0,1250.0,0.15
2025-09-14T23:00Z,23,257,23.9,91.0,0.0,0.0,950.0,0.15
2025-09-15T00:00Z,0,258,23.2,93.0,0.0,0.0,600.0,0.15
2025-09-15T01:00Z,1,258,22.5,93.0,0.0,0.0,250.0,0.15
2025-09-15T02:00Z,2,258,22.2,94.0,0.0,0.0,100.0,0.15
2025-09-15T03:00Z,3,258,21.8,96.0,0.0,0.0,100.0,0.15
2025-09-15T04:00Z,4,258,21.5,96.0,0.0,0.0,250.0,0.15
2025-09-15T05:00Z,5,258,21.4,97.0,0.0,0.0,300.0,0.15
2025-09-15T06:00Z,6,258,22.0,93.0,43.0,77.4,0.0,0.15
2025-09-15T07:00Z,7,258,23.8,82.0,206.0,370.8,900.0,0.15
2025-09-15T08:00Z,8,258,26.0,71.0,399.0,718.2,2000.0,0.85
2025-09-15T09:00Z,9,258,28.4,53.0,573.0,1031.4,3200.0,0.85
2025-09-15T10:00Z,10,258,30.4,40.0,706.0,1270.8,4200.0,0.85
2025-09-15T11:00Z,11,258,31.5,38.0,783.0,1409.4,4750.0,0.85
2025-09-15T12:00Z,12,258,32.0,40.0,797.0,1434.6,5000.0,0.85
2025-09-15T13:00Z,13,258,32.3,34.0,749.0,1348.2,5150.0,0.85
2025-09-15T14:00Z,14,258,31.9,39.0,641.0,1153.8,4950.0,0.85
2025-09-15T15:00Z,15,258,30.7,49.0,485.0,873.0,4350.0,0.85
2025-09-15T16:00Z,16,258,29.4,55.0,298.0,536.4,3700.0,0.85
2025-09-15T17:00Z,17,258,28.0,57.0,112.0,201.6,3000.0,0.85
2025-09-15T18:00Z,18,258,26.9,64.0,6.0,10.8,2450.0,0.15
2025-09-15T19:00Z,19,258,26.0,72.0,0.0,0.0,2000.0,0.15
2025-09-15T20:00Z,20,258,25.5,74.0,0.0,0.0,1750.0,0.15
2025-09-15T21:00Z,21,258,25.0,78.0,0.0,0.0,1500.0,0.15
2025-09-15T22:00Z,22,258,24.4,82.0,0.0,0.0,1200.0,0.15
2025-09-15T23:00Z,23,258,23.9,84.0,0.0,0.0,950.0,0.15
2025-09-16T00:00Z,0,259,23.2,84.0,0.0,0.0,600.0,0.15
2025-09-16T01:00Z,1,259,23.0,83.0,0.0,0.0,500.0,0.15
2025-09-16T02:00Z,2,259,22.5,86.0,0.0,0.0,250.0,0.15
2025-09-16T03:00Z,3,259,21.7,91.0,0.0,0.0,150.0,0.15
2025-09-16T04:00Z,4,259,21.2,95.0,0.0,0.0,400.0,0.15
2025-09-16T05:00Z,5,259,20.8,96.0,0.0,0.0,600.0,0.15
2025-09-16T06:00Z,6,259,21.5,91.0,42.0,75.6,250.0,0.15
2025-09-16T07:00Z,7,259,24.2,74.0,203.0,365.4,1100.0,0.15
2025-09-16T08:00Z,8,259,27.5,58.0,398.0,716.4,2750.0,0.85
2025-09-16T09:00Z,9,259,29.9,47.0,572.0,1029.6,3950.0,0.85
2025-09-16T10:00Z,10,259,31.6,41.0,705.0,1269.0,4800.0,0.85
2025-09-16T11:00Z,11,259,32.7,39.0,782.0,1407.6,5350.0,0.85
2025-09-16T12:00Z,12,259,33.3,36.0,797.0,1434.6,5650.0,0.85
2025-09-16T13:00Z,13,259,33.8,30.0,749.0,1348.2,5900.0,0.85
2025-09-16T14:00Z,14,259,33.7,30.0,642.0,1155.6,5850.0,0.85
2025-09-16T15:00Z,15,259,32.8,33.0,486.0,874.8,5400.0,0.85
2025-09-16T16:00Z,16,259,31.2,38.0,297.0,534.6,4600.0,0.85
2025-09-16T17:00Z,17,259,29.3,48.0,110.0,198.0,3650.0,0.85
2025-09-16T18:00Z,18,259,27.6,62.0,5.0,9.0,2800.0,0.15
2025-09-16T19:00Z,19,259,26.6,71.0,0.0,0.0,2300.0,0.15
2025-09-16T20:00Z,20,259,26.0,75.0,0.0,0.0,2000.0,0.15
2025-09-16T21:00Z,21,259,25.4,79.0,0.0,0.0,1700.0,0.15
2025-09-16T22:00Z,22,259,24.5,83.0,0.0,0.0,1250.0,0.15
2025-09-16T23:00Z,23,259,24.0,84.0,0.0,0.0,1000.0,0.15
2025-09-17T00:00Z,0,260,23.6,85.0,0.0,0.0,800.0,0.15
2025-09-17T01:00Z,1,260,23.4,79.0,0.0,0.0,700.0,0.15
2025-09-17T02:00Z,2,260,22.9,80.0,0.0,0.0,450.0,0.15
2025-09-17T03:00Z,3,260,22.3,83.0,0.0,0.0,150.0,0.15
2025-09-17T04:00Z,4,260,21.9,87.0,0.0,0.0,50.0,0.15
2025-09-17T05:00Z,5,260,21.9,89.0,0.0,0.0,50.0,0.15
2025-09-17T06:00Z,6,260,22.7,87.0,42.0,75.6,350.0,0.15
2025-09-17T07:00Z,7,260,24.5,80.0,203.0,365.4,1250.0,0.15
2025-09-17T08:00Z,8,260,27.0,68.0,387.0,696.6,2500.0,0.85
2025-09-17T09:00Z,9,260,29.4,55.0,566.0,1018.8,3700.0,0.85
2025-09-17T10:00Z,10,260,30.9,45.0,694.0,1249.2,4450.0,0.85
2025-09-17T11:00Z,11,260,32.0,39.0,774.0,1393.2,5000.0,0.85
2025-09-17T12:00Z,12,260,32.7,36.0,790.0,1422.0,5350.0,0.85
2025-09-17T13:00Z,13,260,32.3,36.0,738.0,1328.4,5150.0,0.85
2025-09-17T14:00Z,14,260,31.6,38.0,629.0,1132.2,4800.0,0.85
2025-09-17T15:00Z,15,260,30.5,43.0,475.0,855.0,4250.0,0.85
2025-09-17T16:00Z,16,260,29.1,49.0,288.0,518.4,3550.0,0.85
2025-09-17T17:00Z,17,260,27.6,56.0,104.0,187.2,2800.0,0.85
2025-09-17T18:00Z,18,260,26.4,62.0,5.0,9.0,2200.0,0.15
2025-09-17T19:00Z,19,260,25.3,70.0,0.0,0.0,1650.0,0.15
2025-09-17T20:00Z,20,260,24.4,76.0,0.0,0.0,1200.0,0.15
2025-09-17T21:00Z,21,260,23.8,80.0,0.0,0.0,900.0,0.15
2025-09-17T22:00Z,22,260,23.4,80.0,0.0,0.0,700.0,0.15
2025-09-17T23:00Z,23,260,23.0,81.0,0.0,0.0,500.0,0.15
2025-09-18T00:00Z,0,261,22.7,83.0,0.0,0.0,350.0,0.15
2025-09-18T01:00Z,1,261,22.6,84.0,0.0,0.0,300.0,0.15
2025-09-18T02:00Z,2,261,22.4,86.0,0.0,0.0,200.0,0.15
2025-09-18T03:00Z,3,261,22.2,87.0,0.0,0.0,100.0,0.15
2025-09-18T04:00Z,4,261,22.1,87.0,0.0,0.0,50.0,0.15
2025-09-18T05:00Z,5,261,22.0,86.0,0.0,0.0,0.0,0.15
2025-09-18T06:00Z,6,261,22.7,83.0,36.0,64.8,350.0,0.15
2025-09-18T07:00Z,7,261,25.2,74.0,173.0,311.4,1600.0,0.15
2025-09-18T08:00Z,8,261,27.4,64.0,353.0,635.4,2700.0,0.85
2025-09-18T09:00Z,9,261,28.6,56.0,533.0,959.4,3300.0,0.85
2025-09-18T10:00Z,10,261,29.8,50.0,664.0,1195.2,3900.0,0.85
2025-09-18T11:00Z,11,261,30.2,48.0,701.0,1261.8,4100.0,0.85
2025-09-18T12:00Z,12,261,30.2,47.0,704.0,1267.2,4100.0,0.85
2025-09-18T13:00Z,13,261,29.1,56.0,565.0,1017.0,3550.0,0.85
2025-09-18T14:00Z,14,261,28.5,58.0,535.0,963.0,3250.0,0.85
2025-09-18T15:00Z,15,261,27.7,62.0,368.0,662.4,2850.0,0.85
2025-09-18T16:00Z,16,261,26.9,65.0,239.0,430.2,2450.0,0.85
2025-09-18T17:00Z,17,261,26.2,68.0,93.0,167.4,2100.0,0.85
2025-09-18T18:00Z,18,261,25.8,69.0,4.0,7.2,1900.0,0.15
2025-09-18T19:00Z,19,261,25.5,71.0,0.0,0.0,1750.0,0.15
2025-09-18T20:00Z,20,261,25.1,73.0,0.0,0.0,1550.0,0.15
2025-09-18T21:00Z,21,261,24.6,75.0,0.0,0.0,1300.0,0.15
2025-09-18T22:00Z,22,261,24.0,80.0,0.0,0.0,1000.0,0.15
2025-09-18T23:00Z,23,261,23.7,83.0,0.0,0.0,850.0,0.15
2025-09-19T00:00Z,0,262,23.3,85.0,0.0,0.0,650.0,0.15
2025-09-19T01:00Z,1,262,22.0,89.0,0.0,0.0,0.0,0.15
2025-09-19T02:00Z,2,262,21.4,91.0,0.0,0.0,300.0,0.15
2025-09-19T03:00Z,3,262,20.9,92.0,0.0,0.0,550.0,0.15
2025-09-19T04:00Z,4,262,20.5,94.0,0.0,0.0,750.0,0.15
2025-09-19T05:00Z,5,262,20.0,96.0,0.0,0.0,1000.0,0.15
2025-09-19T06:00Z,6,262,20.5,93.0,37.0,66.6,750.0,0.15
2025-09-19T07:00Z,7,262,23.0,80.0,187.0,336.6,500.0,0.15
2025-09-19T08:00Z,8,262,25.8,68.0,379.0,682.2,1900.0,0.85
2025-09-19T09:00Z,9,262,27.5,61.0,548.0,986.4,2750.0,0.85
2025-09-19T10:00Z,10,262,29.0,53.0,673.0,1211.4,3500.0,0.85
2025-09-19T11:00Z,11,262,30.0,48.0,691.0,1243.8,4000.0,0.85
2025-09-19T12:00Z,12,262,30.9,44.0,709.0,1276.2,4450.0,0.85
2025-09-19T13:00Z,13,262,31.0,45.0,673.0,1211.4,4500.0,0.85
2025-09-19T14:00Z,14,262,30.1,51.0,576.0,1036.8,4050.0,0.85
2025-09-19T15:00Z,15,262,28.5,58.0,355.0,639.0,3250.0,0.85
2025-09-19T16:00Z,16,262,27.8,60.0,269.0,484.2,2900.0,0.85
2025-09-19T17:00Z,17,262,27.0,64.0,94.0,169.2,2500.0,0.85
2025-09-19T18:00Z,18,262,26.9,67.0,3.0,5.4,2450.0,0.15
2025-09-19T19:00Z,19,262,26.1,70.0,0.0,0.0,2050.0,0.15
2025-09-19T20:00Z,20,262,25.4,76.0,0.0,0.0,1700.0,0.15
2025-09-19T21:00Z,21,262,24.9,79.0,0.0,0.0,1450.0,0.15
2025-09-19T22:00Z,22,262,24.5,82.0,0.0,0.0,1250.0,0.15
2025-09-19T23:00Z,23,262,24.1,85.0,0.0,0.0,1050.0,0.15
2025-09-20T00:00Z,0,263,23.6,87.0,0.0,0.0,800.0,0.15
2025-09-20T01:00Z,1,263,23.5,86.0,0.0,0.0,750.0,0.15
2025-09-20T02:00Z,2,263,23.1,89.0,0.0,0.0,550.0,0.15
2025-09-20T03:00Z,3,263,22.9,90.0,0.0,0.0,450.0,0.15
2025-09-20T04:00Z,4,263,22.6,92.0,0.0,0.0,300.0,0.15
2025-09-20T05:00Z,5,263,22.3,93.0,0.0,0.0,150.0,0.15
2025-09-20T06:00Z,6,263,22.9,88.0,37.0,66.6,450.0,0.15
2025-09-20T07:00Z,7,263,25.0,73.0,193.0,347.4,1500.0,0.15
2025-09-20T08:00Z,8,263,27.1,60.0,384.0,691.2,2550.0,0.15
2025-09-20T09:00Z,9,263,29.0,51.0,555.0,999.0,3500.0,0.15
2025-09-20T10:00Z,10,263,30.6,43.0,688.0,1238.4,4300.0,0.15
2025-09-20T11:00Z,11,263,31.8,38.0,760.0,1368.0,4900.0,0.15
2025-09-20T12:00Z,12,263,32.4,37.0,758.0,1364.4,5200.0,0.15
2025-09-20T13:00Z,13,263,32.3,35.0,714.0,1285.2,5150.0,0.15
2025-09-20T14:00Z,14,263,32.0,34.0,610.0,1098.0,5000.0,0.15
2025-09-20T15:00Z,15,263,31.0,35.0,458.0,824.4,4500.0,0.15
2025-09-20T16:00Z,16,263,29.4,41.0,275.0,495.0,3700.0,0.15
2025-09-20T17:00Z,17,263,27.8,50.0,94.0,169.2,2900.0,0.15
2025-09-20T18:00Z,18,263,26.3,59.0,3.0,5.4,2150.0,0.15
2025-09-20T19:00Z,19,263,25.5,65.0,0.0,0.0,1750.0,0.15
2025-09-20T20:00Z,20,263,24.8,68.0,0.0,0.0,1400.0,0.15
2025-09-20T21:00Z,21,263,24.1,72.0,0.0,0.0,1050.0,0.15
2025-09-20T22:00Z,22,263,23.6,74.0,0.0,0.0,800.0,0.15
2025-09-20T23:00Z,23,263,23.1,77.0,0.0,0.0,550.0,0.15
2025-09-21T00:00Z,0,264,22.6,78.0,0.0,0.0,300.0,0.15
2025-09-21T01:00Z,1,264,22.4,78.0,0.0,0.0,200.0,0.15
2025-09-21T02:00Z,2,264,21.9,79.0,0.0,0.0,50.0,0.15
2025-09-21T03:00Z,3,264,21.6,80.0,0.0,0.0,200.0,0.15
2025-09-21T04:00Z,4,264,21.4,81.0,0.0,0.0,300.0,0.15
2025-09-21T05:00Z,5,264,21.1,82.0,0.0,0.0,450.0,0.15
2025-09-21T06:00Z,6,264,22.0,76.0,37.0,66.6,0.0,0.15
2025-09-21T07:00Z,7,264,24.3,64.0,197.0,354.6,1150.0,0.15
2025-09-21T08:00Z,8,264,26.8,53.0,392.0,705.6,2400.0,0.15
2025-09-21T09:00Z,9,264,28.5,43.0,569.0,1024.2,3250.0,0.15
2025-09-21T10:00Z,10,264,29.8,40.0,706.0,1270.8,3900.0,0.15
2025-09-21T11:00Z,11,264,30.8,36.0,779.0,1402.2,4400.0,0.15
2025-09-21T12:00Z,12,264,31.3,35.0,791.0,1423.8,4650.0,0.15
2025-09-21T13:00Z,13,264,32.5,34.0,735.0,1323.0,5250.0,0.15
2025-09-21T14:00Z,14,264,32.2,36.0,624.0,1123.2,5100.0,0.15
2025-09-21T15:00Z,15,264,30.5,46.0,462.0,831.6,4250.0,0.15
2025-09-21T16:00Z,16,264,29.1,52.0,272.0,489.6,3550.0,0.15
2025-09-21T17:00Z,17,264,27.4,61.0,91.0,163.8,2700.0,0.15
2025-09-21T18:00Z,18,264,26.1,68.0,2.0,3.6,2050.0,0.15
2025-09-21T19:00Z,19,264,25.6,72.0,0.0,0.0,1800.0,0.15
2025-09-21T20:00Z,20,264,25.4,75.0,0.0,0.0,1700.0,0.15
2025-09-21T21:00Z,21,264,25.2,77.0,0.0,0.0,1600.0,0.15
2025-09-21T22:00Z,22,264,24.9,76.0,0.0,0.0,1450.0,0.15
2025-09-21T23:00Z,23,264,24.5,74.0,0.0,0.0,1250.0,0.15
2025-09-22T00:00Z,0,265,24.2,73.0,0.0,0.0,1100.0,0.15
2025-09-22T01:00Z,1,265,24.5,72.0,0.0,0.0,1250.0,0.15
2025-09-22T02:00Z,2,265,24.2,73.0,0.0,0.0,1100.0,0.15
2025-09-22T03:00Z,3,265,24.0,75.0,0.0,0.0,1000.0,0.15
2025-09-22T04:00Z,4,265,23.7,76.0,0.0,0.0,850.0,0.15
2025-09-22T05:00Z,5,265,23.5,78.0,0.0,0.0,750.0,0.15
2025-09-22T06:00Z,6,265,23.9,76.0,34.0,61.2,950.0,0.15
2025-09-22T07:00Z,7,265,25.5,70.0,187.0,336.6,1750.0,0.15
2025-09-22T08:00Z,8,265,27.6,61.0,376.0,676.8,2800.0,0.85
2025-09-22T09:00Z,9,265,29.8,51.0,549.0,988.2,3900.0,0.85
2025-09-22T10:00Z,10,265,31.2,44.0,654.0,1177.2,4600.0,0.85
2025-09-22T11:00Z,11,265,32.7,39.0,736.0,1324.8,5350.0,0.85
2025-09-22T12:00Z,12,265,33.2,37.0,719.0,1294.2,5600.0,0.85
2025-09-22T13:00Z,13,265,33.5,35.0,550.0,990.0,5750.0,0.85
2025-09-22T14:00Z,14,265,31.6,44.0,434.0,781.2,4800.0,0.85
2025-09-22T15:00Z,15,265,31.8,41.0,363.0,653.4,4900.0,0.85
2025-09-22T16:00Z,16,265,30.6,48.0,197.0,354.6,4300.0,0.85
2025-09-22T17:00Z,17,265,26.5,69.0,46.0,82.8,2250.0,0.85
2025-09-22T18:00Z,18,265,24.1,81.0,0.0,0.0,1050.0,0.15
2025-09-22T19:00Z,19,265,24.0,81.0,0.0,0.0,1000.0,0.15
2025-09-22T20:00Z,20,265,23.8,85.0,0.0,0.0,900.0,0.15
2025-09-22T21:00Z,21,265,23.5,87.0,0.0,0.0,750.0,0.15
2025-09-22T22:00Z,22,265,23.1,91.0,0.0,0.0,550.0,0.15
2025-09-22T23:00Z,23,265,22.8,94.0,0.0,0.0,400.0,0.15
2025-09-23T00:00Z,0,266,22.5,96.0,0.0,0.0,250.0,0.15
2025-09-23T01:00Z,1,266,21.5,93.0,0.0,0.0,250.0,0.15
2025-09-23T02:00Z,2,266,21.2,94.0,0.0,0.0,400.0,0.15
2025-09-23T03:00Z,3,266,21.1,95.0,0.0,0.0,450.0,0.15
2025-09-23T04:00Z,4,266,21.1,93.0,0.0,0.0,450.0,0.15
2025-09-23T05:00Z,5,266,20.9,93.0,0.0,0.0,550.0,0.15
2025-09-23T06:00Z,6,266,21.3,90.0,32.0,57.6,350.0,0.15
2025-09-23T07:00Z,7,266,23.1,78.0,187.0,336.6,550.0,0.15
2025-09-23T08:00Z,8,266,25.5,66.0,373.0,671.4,1750.0,0.85
2025-09-23T09:00Z,9,266,27.5,58.0,542.0,975.6,2750.0,0.85
2025-09-23T10:00Z,10,266,29.5,49.0,666.0,1198.8,3750.0,0.85
2025-09-23T11:00Z,11,266,31.1,41.0,745.0,1341.0,4550.0,0.85
2025-09-23T12:00Z,12,266,32.4,37.0,756.0,1360.8,5200.0,0.85
2025-09-23T13:00Z,13,266,31.6,37.0,683.0,1229.4,4800.0,0.85
2025-09-23T14:00Z,14,266,28.6,50.0,315.0,567.0,3300.0,0.85
2025-09-23T15:00Z,15,266,24.9,70.0,116.0,208.8,1450.0,0.85
2025-09-23T16:00Z,16,266,23.3,80.0,103.0,185.4,650.0,0.85
2025-09-23T17:00Z,17,266,22.0,91.0,48.0,86.4,0.0,0.85
2025-09-23T18:00Z,18,266,21.9,97.0,1.0,1.8,50.0,0.15
2025-09-23T19:00Z,19,266,21.9,96.0,0.0,0.0,50.0,0.15
2025-09-23T20:00Z,20,266,22.1,94.0,0.0,0.0,50.0,0.15
2025-09-23T21:00Z,21,266,22.2,90.0,0.0,0.0,100.0,0.15
2025-09-23T22:00Z,22,266,22.0,89.0,0.0,0.0,0.0,0.15
2025-09-23T23:00Z,23,266,21.8,89.0,0.0,0.0,100.0,0.15
2025-09-24T00:00Z,0,267,21.5,87.0,0.0,0.0,250.0,0.15
2025-09-24T01:00Z,1,267,21.9,90.0,0.0,0.0,50.0,0.15
2025-09-24T02:00Z,2,267,21.5,91.0,0.0,0.0,250.0,0.15
2025-09-24T03:00Z,3,267,21.0,95.0,0.0,0.0,500.0,0.15
2025-09-24T04:00Z,4,267,20.8,96.0,0.0,0.0,600.0,0.15
2025-09-24T05:00Z,5,267,20.1,98.0,0.0,0.0,950.0,0.15
2025-09-24T06:00Z,6,267,20.0,96.0,16.0,28.8,1000.0,0.15
2025-09-24T07:00Z,7,267,22.0,88.0,132.0,237.6,0.0,0.15
2025-09-24T08:00Z,8,267,24.2,74.0,314.0,565.2,1100.0,0.85
2025-09-24T09:00Z,9,267,25.9,64.0,506.0,910.8,1950.0,0.85
2025-09-24T10:00Z,10,267,27.0,58.0,658.0,1184.4,2500.0,0.85
2025-09-24T11:00Z,11,267,27.6,53.0,728.0,1310.4,2800.0,0.85
2025-09-24T12:00Z,12,267,27.4,52.0,683.0,1229.4,2700.0,0.85
2025-09-24T13:00Z,13,267,27.0,54.0,607.0,1092.6,2500.0,0.85
2025-09-24T14:00Z,14,267,26.3,50.0,520.0,936.0,2150.0,0.85
2025-09-24T15:00Z,15,267,25.2,51.0,363.0,653.4,1600.0,0.85
2025-09-24T16:00Z,16,267,24.1,57.0,181.0,325.8,1050.0,0.85
2025-09-24T17:00Z,17,267,22.8,64.0,64.0,115.2,400.0,0.85
2025-09-24T18:00Z,18,267,21.6,68.0,1.0,1.8,200.0,0.15
2025-09-24T19:00Z,19,267,20.8,74.0,0.0,0.0,600.0,0.15
2025-09-24T20:00Z,20,267,20.1,77.0,0.0,0.0,950.0,0.15
2025-09-24T21:00Z,21,267,19.6,79.0,0.0,0.0,1200.0,0.15
2025-09-24T22:00Z,22,267,19.3,80.0,0.0,0.0,1350.0,0.15
2025-09-24T23:00Z,23,267,18.9,82.0,0.0,0.0,1550.0,0.15
2025-09-25T00:00Z,0,268,18.5,83.0,0.0,0.0,1750.0,0.15
2025-09-25T01:00Z,1,268,18.2,83.0,0.0,0.0,1900.0,0.15
2025-09-25T02:00Z,2,268,17.9,85.0,0.0,0.0,2050.0,0.15
2025-09-25T03:00Z,3,268,17.6,86.0,0.0,0.0,2200.0,0.15
2025-09-25T04:00Z,4,268,17.5,85.0,0.0,0.0,2250.0,0.15
2025-09-25T05:00Z,5,268,17.3,86.0,0.0,0.0,2350.0,0.15
2025-09-25T06:00Z,6,268,18.1,84.0,31.0,55.8,1950.0,0.15
2025-09-25T07:00Z,7,268,20.0,80.0,180.0,324.0,1000.0,0.15
2025-09-25T08:00Z,8,268,22.1,69.0,371.0,667.8,50.0,0.85
2025-09-25T09:00Z,9,268,23.5,63.0,543.0,977.4,750.0,0.85
2025-09-25T10:00Z,10,268,24.4,60.0,662.0,1191.6,1200.0,0.85
2025-09-25T11:00Z,11,268,24.9,59.0,724.0,1303.2,1450.0,0.85
2025-09-25T12:00Z,12,268,25.5,56.0,750.0,1350.0,1750.0,0.85
2025-09-25T13:00Z,13,268,25.0,58.0,432.0,777.6,1500.0,0.85
2025-09-25T14:00Z,14,268,23.4,65.0,253.0,455.4,700.0,0.85
2025-09-25T15:00Z,15,268,23.4,66.0,369.0,664.2,700.0,0.85
2025-09-25T16:00Z,16,268,23.0,70.0,210.0,378.0,500.0,0.85
2025-09-25T17:00Z,17,268,22.6,74.0,67.0,120.6,300.0,0.85
2025-09-25T18:00Z,18,268,22.5,77.0,0.0,0.0,250.0,0.15
2025-09-25T19:00Z,19,268,22.1,80.0,0.0,0.0,50.0,0.15
2025-09-25T20:00Z,20,268,22.0,82.0,0.0,0.0,0.0,0.15
2025-09-25T21:00Z,21,268,21.5,86.0,0.0,0.0,250.0,0.15
2025-09-25T22:00Z,22,268,21.1,89.0,0.0,0.0,450.0,0.15
2025-09-25T23:00Z,23,268,21.2,89.0,0.0,0.0,400.0,0.15
2025-09-26T00:00Z,0,269,20.8,92.0,0.0,0.0,600.0,0.15
2025-09-26T01:00Z,1,269,20.5,93.0,0.0,0.0,750.0,0.15
2025-09-26T02:00Z,2,269,20.2,94.0,0.0,0.0,900.0,0.15
2025-09-26T03:00Z,3,269,20.1,95.0,0.0,0.0,950.0,0.15
2025-09-26T04:00Z,4,269,20.1,95.0,0.0,0.0,950.0,0.15
2025-09-26T05:00Z,5,269,19.5,97.0,0.0,0.0,1250.0,0.15
2025-09-26T06:00Z,6,269,20.0,97.0,27.0,48.6,1000.0,0.15
2025-09-26T07:00Z,7,269,21.3,90.0,169.0,304.2,350.0,0.15
2025-09-26T08:00Z,8,269,22.7,83.0,345.0,621.0,350.0,0.85
2025-09-26T09:00Z,9,269,24.0,75.0,425.0,765.0,1000.0,0.85
2025-09-26T10:00Z,10,269,25.5,66.0,635.0,1143.0,1750.0,0.85
2025-09-26T11:00Z,11,269,26.2,61.0,613.0,1103.4,2100.0,0.85
2025-09-26T12:00Z,12,269,26.5,60.0,467.0,840.6,2250.0,0.85
2025-09-26T13:00Z,13,269,26.5,55.0,395.0,711.0,2250.0,0.85
2025-09-26T14:00Z,14,269,22.1,86.0,221.0,397.8,50.0,0.85
2025-09-26T15:00Z,15,269,22.8,80.0,150.0,270.0,400.0,0.85
2025-09-26T16:00Z,16,269,23.1,78.0,141.0,253.8,550.0,0.85
2025-09-26T17:00Z,17,269,22.5,82.0,40.0,72.0,250.0,0.85
2025-09-26T18:00Z,18,269,21.6,85.0,0.0,0.0,200.0,0.15
2025-09-26T19:00Z,19,269,21.4,85.0,0.0,0.0,300.0,0.15
2025-09-26T20:00Z,20,269,21.0,86.0,0.0,0.0,500.0,0.15
2025-09-26T21:00Z,21,269,20.5,87.0,0.0,0.0,750.0,0.15
2025-09-26T22:00Z,22,269,20.1,89.0,0.0,0.0,950.0,0.15
2025-09-26T23:00Z,23,269,19.5,92.0,0.0,0.0,1250.0,0.15
2025-09-27T00:00Z,0,270,19.5,92.0,0.0,0.0,1250.0,0.15
2025-09-27T01:00Z,1,270,19.6,91.0,0.0,0.0,1200.0,0.15
2025-09-27T02:00Z,2,270,19.4,92.0,0.0,0.0,1300.0,0.15
2025-09-27T03:00Z,3,270,19.0,94.0,0.0,0.0,1500.0,0.15
2025-09-27T04:00Z,4,270,18.4,96.0,0.0,0.0,1800.0,0.15
2025-09-27T05:00Z,5,270,18.2,96.0,0.0,0.0,1900.0,0.15
2025-09-27T06:00Z,6,270,18.6,93.0,21.0,37.8,1700.0,0.15
2025-09-27T07:00Z,7,270,19.0,92.0,63.0,113.4,1500.0,0.15
2025-09-27T08:00Z,8,270,19.9,83.0,123.0,221.4,1050.0,0.15
2025-09-27T09:00Z,9,270,20.5,80.0,218.0,392.4,750.0,0.15
2025-09-27T10:00Z,10,270,22.0,73.0,378.0,680.4,0.0,0.15
2025-09-27T11:00Z,11,270,23.5,68.0,382.0,687.6,750.0,0.15
2025-09-27T12:00Z,12,270,23.8,66.0,446.0,802.8,900.0,0.15
2025-09-27T13:00Z,13,270,25.4,60.0,640.0,1152.0,1700.0,0.15
2025-09-27T14:00Z,14,270,25.0,60.0,490.0,882.0,1500.0,0.15
2025-09-27T15:00Z,15,270,23.6,68.0,303.0,545.4,800.0,0.15
2025-09-27T16:00Z,16,270,19.2,90.0,159.0,286.2,1400.0,0.15
2025-09-27T17:00Z,17,270,20.2,88.0,31.0,55.8,900.0,0.15
2025-09-27T18:00Z,18,270,20.8,86.0,0.0,0.0,600.0,0.15
2025-09-27T19:00Z,19,270,20.5,87.0,0.0,0.0,750.0,0.15
2025-09-27T20:00Z,20,270,20.1,89.0,0.0,0.0,950.0,0.15
2025-09-27T21:00Z,21,270,19.2,92.0,0.0,0.0,1400.0,0.15
2025-09-27T22:00Z,22,270,18.9,95.0,0.0,0.0,1550.0,0.15
2025-09-27T23:00Z,23,270,18.9,90.0,0.0,0.0,1550.0,0.15
2025-09-28T00:00Z,0,271,19.0,84.0,0.0,0.0,1500.0,0.15
2025-09-28T01:00Z,1,271,18.9,82.0,0.0,0.0,1550.0,0.15
2025-09-28T02:00Z,2,271,18.6,82.0,0.0,0.0,1700.0,0.15
2025-09-28T03:00Z,3,271,18.5,82.0,0.0,0.0,1750.0,0.15
2025-09-28T04:00Z,4,271,18.2,84.0,0.0,0.0,1900.0,0.15
2025-09-28T05:00Z,5,271,18.0,84.0,0.0,0.0,2000.0,0.15
2025-09-28T06:00Z,6,271,18.3,83.0,27.0,48.6,1850.0,0.15
2025-09-28T07:00Z,7,271,19.8,81.0,173.0,311.4,1100.0,0.15
2025-09-28T08:00Z,8,271,22.1,72.0,361.0,649.8,50.0,0.15
2025-09-28T09:00Z,9,271,23.9,60.0,515.0,927.0,950.0,0.15
2025-09-28T10:00Z,10,271,24.7,55.0,664.0,1195.2,1350.0,0.15
2025-09-28T11:00Z,11,271,25.4,49.0,740.0,1332.0,1700.0,0.15
2025-09-28T12:00Z,12,271,25.6,46.0,758.0,1364.4,1800.0,0.15
2025-09-28T13:00Z,13,271,25.6,46.0,690.0,1242.0,1800.0,0.15
2025-09-28T14:00Z,14,271,25.2,46.0,580.0,1044.0,1600.0,0.15
2025-09-28T15:00Z,15,271,24.8,46.0,428.0,770.4,1400.0,0.15
2025-09-28T16:00Z,16,271,23.8,55.0,242.0,435.6,900.0,0.15
2025-09-28T17:00Z,17,271,21.6,70.0,66.0,118.8,200.0,0.15
2025-09-28T18:00Z,18,271,21.0,75.0,0.0,0.0,500.0,0.15
2025-09-28T19:00Z,19,271,20.5,79.0,0.0,0.0,750.0,0.15
2025-09-28T20:00Z,20,271,20.1,78.0,0.0,0.0,950.0,0.15
2025-09-28T21:00Z,21,271,19.9,79.0,0.0,0.0,1050.0,0.15
2025-09-28T22:00Z,22,271,18.6,86.0,0.0,0.0,1700.0,0.15
2025-09-28T23:00Z,23,271,17.8,88.0,0.0,0.0,2100.0,0.15
2025-09-29T00:00Z,0,272,17.2,90.0,0.0,0.0,2400.0,0.15
2025-09-29T01:00Z,1,272,17.4,88.0,0.0,0.0,2300.0,0.15
2025-09-29T02:00Z,2,272,17.1,88.0,0.0,0.0,2450.0,0.15
2025-09-29T03:00Z,3,272,16.8,89.0,0.0,0.0,2600.0,0.15
2025-09-29T04:00Z,4,272,16.3,90.0,0.0,0.0,2850.0,0.15
2025-09-29T05:00Z,5,272,15.9,90.0,0.0,0.0,3050.0,0.15
2025-09-29T06:00Z,6,272,16.1,87.0,26.0,46.8,2950.0,0.15
2025-09-29T07:00Z,7,272,17.9,83.0,172.0,309.6,2050.0,0.15
2025-09-29T08:00Z,8,272,20.7,72.0,364.0,655.2,650.0,0.85
2025-09-29T09:00Z,9,272,23.1,61.0,536.0,964.8,550.0,0.85
2025-09-29T10:00Z,10,272,24.9,54.0,667.0,1200.6,1450.0,0.85
2025-09-29T11:00Z,11,272,26.0,47.0,737.0,1326.6,2000.0,0.85
2025-09-29T12:00Z,12,272,26.5,45.0,742.0,1335.6,2250.0,0.85
2025-09-29T13:00Z,13,272,26.9,47.0,679.0,1222.2,2450.0,0.85
2025-09-29T14:00Z,14,272,26.3,52.0,550.0,990.0,2150.0,0.85
2025-09-29T15:00Z,15,272,25.4,61.0,383.0,689.4,1700.0,0.85
2025-09-29T16:00Z,16,272,24.4,68.0,210.0,378.0,1200.0,0.85
2025-09-29T17:00Z,17,272,22.8,76.0,55.0,99.0,400.0,0.85
2025-09-29T18:00Z,18,272,22.0,81.0,0.0,0.0,0.0,0.15
2025-09-29T19:00Z,19,272,21.9,80.0,0.0,0.0,50.0,0.15
2025-09-29T20:00Z,20,272,21.4,81.0,0.0,0.0,300.0,0.15
2025-09-29T21:00Z,21,272,20.5,84.0,0.0,0.0,750.0,0.15
2025-09-29T22:00Z,22,272,19.9,86.0,0.0,0.0,1050.0,0.15
2025-09-29T23:00Z,23,272,19.6,86.0,0.0,0.0,1200.0,0.15
2025-09-30T00:00Z,0,273,19.5,88.0,0.0,0.0,1250.0,0.15
2025-09-30T01:00Z,1,273,19.9,90.0,0.0,0.0,1050.0,0.15
2025-09-30T02:00Z,2,273,19.9,91.0,0.0,0.0,1050.0,0.15
2025-09-30T03:00Z,3,273,19.5,92.0,0.0,0.0,1250.0,0.15
2025-09-30T04:00Z,4,273,19.2,93.0,0.0,0.0,1400.0,0.15
2025-09-30T05:00Z,5,273,18.4,97.0,0.0,0.0,1800.0,0.15
2025-09-30T06:00Z,6,273,18.4,98.0,23.0,41.4,1800.0,0.15
2025-09-30T07:00Z,7,273,19.6,91.0,130.0,234.0,1200.0,0.15
2025-09-30T08:00Z,8,273,20.9,81.0,201.0,361.8,550.0,0.85
2025-09-30T09:00Z,9,273,23.6,69.0,431.0,775.8,800.0,0.85
2025-09-30T10:00Z,10,273,25.0,61.0,457.0,822.6,1500.0,0.85
2025-09-30T11:00Z,11,273,25.1,59.0,261.0,469.8,1550.0,0.85
2025-09-30T12:00Z,12,273,25.1,61.0,209.0,376.2,1550.0,0.85
2025-09-30T13:00Z,13,273,25.3,63.0,195.0,351.0,1650.0,0.85
2025-09-30T14:00Z,14,273,25.3,62.0,151.0,271.8,1650.0,0.85
2025-09-30T15:00Z,15,273,26.1,61.0,208.0,374.4,2050.0,0.85
2025-09-30T16:00Z,16,273,26.0,63.0,178.0,320.4,2000.0,0.85
2025-09-30T17:00Z,17,273,23.9,67.0,56.0,100.8,950.0,0.85
2025-09-30T18:00Z,18,273,22.5,75.0,0.0,0.0,250.0,0.15
2025-09-30T19:00Z,19,273,21.8,80.0,0.0,0.0,100.0,0.15
2025-09-30T20:00Z,20,273,21.2,83.0,0.0,0.0,400.0,0.15
2025-09-30T21:00Z,21,273,20.8,86.0,0.0,0.0,600.0,0.15
2025-09-30T22:00Z,22,273,20.1,90.0,0.0,0.0,950.0,0.15
2025-09-30T23:00Z,23,273,19.7,87.0,0.0,0.0,1150.0,0.15
2025-10-01T00:00Z,0,274,20.8,80.0,0.0,0.0,600.0,0.15
2025-10-01T01:00Z,1,274,20.2,82.0,0.0,0.0,900.0,0.15
2025-10-01T02:00Z,2,274,20.3,80.0,0.0,0.0,850.0,0.15
2025-10-01T03:00Z,3,274,20.0,82.0,0.0,0.0,1000.0,0.15
2025-10-01T04:00Z,4,274,19.1,86.0,0.0,0.0,1450.0,0.15
2025-10-01T05:00Z,5,274,19.2,85.0,0.0,0.0,1400.0,0.15
2025-10-01T06:00Z,6,274,20.5,85.0,21.0,37.8,750.0,0.15
2025-10-01T07:00Z,7,274,20.2,85.0,121.0,217.8,900.0,0.15
2025-10-01T08:00Z,8,274,21.2,82.0,273.0,491.4,400.0,0.85
2025-10-01T09:00Z,9,274,23.4,72.0,477.0,858.6,700.0,0.85
2025-10-01T10:00Z,10,274,24.7,64.0,603.0,1085.4,1350.0,0.85
2025-10-01T11:00Z,11,274,25.5,57.0,678.0,1220.4,1750.0,0.85
2025-10-01T12:00Z,12,274,26.9,49.0,661.0,1189.8,2450.0,0.85
2025-10-01T13:00Z,13,274,26.9,46.0,598.0,1076.4,2450.0,0.85
2025-10-01T14:00Z,14,274,26.5,44.0,475.0,855.0,2250.0,0.85
2025-10-01T15:00Z,15,274,25.6,48.0,340.0,612.0,1800.0,0.85
2025-10-01T16:00Z,16,274,24.8,50.0,209.0,376.2,1400.0,0.85
2025-10-01T17:00Z,17,274,23.0,58.0,55.0,99.0,500.0,0.85
2025-10-01T18:00Z,18,274,22.4,62.0,0.0,0.0,200.0,0.15
2025-10-01T19:00Z,19,274,21.8,66.0,0.0,0.0,100.0,0.15
2025-10-01T20:00Z,20,274,21.4,67.0,0.0,0.0,300.0,0.15
2025-10-01T21:00Z,21,274,20.9,69.0,0.0,0.0,550.0,0.15
2025-10-01T22:00Z,22,274,20.5,71.0,0.0,0.0,750.0,0.15
2025-10-01T23:00Z,23,274,20.1,74.0,0.0,0.0,950.0,0.15
2025-10-02T00:00Z,0,275,19.9,74.0,0.0,0.0,1050.0,0.15
2025-10-02T01:00Z,1,275,19.5,76.0,0.0,0.0,1250.0,0.15
2025-10-02T02:00Z,2,275,19.5,75.0,0.0,0.0,1250.0,0.15
2025-10-02T03:00Z,3,275,19.0,78.0,0.0,0.0,1500.0,0.15
2025-10-02T04:00Z,4,275,18.6,81.0,0.0,0.0,1700.0,0.15
2025-10-02T05:00Z,5,275,18.2,84.0,0.0,0.0,1900.0,0.15
2025-10-02T06:00Z,6,275,18.0,88.0,22.0,39.6,2000.0,0.15
2025-10-02T07:00Z,7,275,19.1,82.0,112.0,201.6,1450.0,0.15
2025-10-02T08:00Z,8,275,20.8,70.0,312.0,561.6,600.0,0.85
2025-10-02T09:00Z,9,275,22.0,62.0,396.0,712.8,0.0,0.85
2025-10-02T10:00Z,10,275,23.6,49.0,547.0,984.6,800.0,0.85
2025-10-02T11:00Z,11,275,24.2,46.0,647.0,1164.6,1100.0,0.85
2025-10-02T12:00Z,12,275,24.4,43.0,634.0,1141.2,1200.0,0.85
2025-10-02T13:00Z,13,275,24.0,43.0,652.0,1173.6,1000.0,0.85
2025-10-02T14:00Z,14,275,23.5,45.0,548.0,986.4,750.0,0.85
2025-10-02T15:00Z,15,275,22.6,47.0,392.0,705.6,300.0,0.85
2025-10-02T16:00Z,16,275,21.5,48.0,219.0,394.2,250.0,0.85
2025-10-02T17:00Z,17,275,20.4,53.0,52.0,93.6,800.0,0.85
2025-10-02T18:00Z,18,275,19.6,56.0,0.0,0.0,1200.0,0.15
2025-10-02T19:00Z,19,275,19.1,59.0,0.0,0.0,1450.0,0.15
2025-10-02T20:00Z,20,275,18.6,66.0,0.0,0.0,1700.0,0.15
2025-10-02T21:00Z,21,275,18.4,66.0,0.0,0.0,1800.0,0.15
2025-10-02T22:00Z,22,275,18.0,69.0,0.0,0.0,2000.0,0.15
2025-10-02T23:00Z,23,275,17.9,70.0,0.0,0.0,2050.0,0.15
2025-10-03T00:00Z,0,276,17.9,69.0,0.0,0.0,2050.0,0.15
2025-10-03T01:00Z,1,276,17.0,71.0,0.0,0.0,2500.0,0.15
2025-10-03T02:00Z,2,276,16.8,72.0,0.0,0.0,2600.0,0.15
2025-10-03T03:00Z,3,276,16.5,75.0,0.0,0.0,2750.0,0.15
2025-10-03T04:00Z,4,276,16.5,75.0,0.0,0.0,2750.0,0.15
2025-10-03T05:00Z,5,276,16.2,77.0,0.0,0.0,2900.0,0.15
2025-10-03T06:00Z,6,276,16.7,76.0,20.0,36.0,2650.0,0.15
2025-10-03T07:00Z,7,276,18.1,73.0,151.0,271.8,1950.0,0.15
2025-10-03T08:00Z,8,276,20.1,63.0,328.0,590.4,950.0,0.85
2025-10-03T09:00Z,9,276,21.5,52.0,469.0,844.2,250.0,0.85
2025-10-03T10:00Z,10,276,22.2,48.0,572.0,1029.6,100.0,0.85
2025-10-03T11:00Z,11,276,22.7,45.0,675.0,1215.0,350.0,0.85
2025-10-03T12:00Z,12,276,23.0,41.0,701.0,1261.8,500.0,0.85
2025-10-03T13:00Z,13,276,22.9,41.0,660.0,1188.0,450.0,0.85
2025-10-03T14:00Z,14,276,22.6,41.0,549.0,988.2,300.0,0.85
2025-10-03T15:00Z,15,276,22.0,41.0,387.0,696.6,0.0,0.85
2025-10-03T16:00Z,16,276,21.0,44.0,215.0,387.0,500.0,0.85
2025-10-03T17:00Z,17,276,19.7,51.0,48.0,86.4,1150.0,0.85
2025-10-03T18:00Z,18,276,19.0,53.0,0.0,0.0,1500.0,0.15
2025-10-03T19:00Z,19,276,18.2,57.0,0.0,0.0,1900.0,0.15
2025-10-03T20:00Z,20,276,17.6,61.0,0.0,0.0,2200.0,0.15
2025-10-03T21:00Z,21,276,17.5,59.0,0.0,0.0,2250.0,0.15
2025-10-03T22:00Z,22,276,16.6,64.0,0.0,0.0,2700.0,0.15
2025-10-03T23:00Z,23,276,16.5,65.0,0.0,0.0,2750.0,0.15
2025-10-04T00:00Z,0,277,17.1,64.0,0.0,0.0,2450.0,0.15
2025-10-04T01:00Z,1,277,16.6,68.0,0.0,0.0,2700.0,0.15
2025-10-04T02:00Z,2,277,16.5,71.0,0.0,0.0,2750.0,0.15
2025-10-04T03:00Z,3,277,16.5,72.0,0.0,0.0,2750.0,0.15
2025-10-04T04:00Z,4,277,16.0,75.0,0.0,0.0,3000.0,0.15
2025-10-04T05:00Z,5,277,15.9,77.0,0.0,0.0,3050.0,0.15
2025-10-04T06:00Z,6,277,16.0,78.0,18.0,32.4,3000.0,0.15
2025-10-04T07:00Z,7,277,17.8,72.0,152.0,273.6,2100.0,0.15
2025-10-04T08:00Z,8,277,20.6,62.0,334.0,601.2,700.0,0.15
2025-10-04T09:00Z,9,277,23.0,52.0,502.0,903.6,500.0,0.15
2025-10-04T10:00Z,10,277,24.3,46.0,607.0,1092.6,1150.0,0.15
2025-10-04T11:00Z,11,277,26.0,40.0,715.0,1287.0,2000.0,0.15
2025-10-04T12:00Z,12,277,26.2,39.0,632.0,1137.6,2100.0,0.15
2025-10-04T13:00Z,13,277,26.5,37.0,572.0,1029.6,2250.0,0.15
2025-10-04T14:00Z,14,277,25.9,40.0,406.0,730.8,1950.0,0.15
2025-10-04T15:00Z,15,277,25.1,46.0,316.0,568.8,1550.0,0.15
2025-10-04T16:00Z,16,277,23.5,56.0,186.0,334.8,750.0,0.15
2025-10-04T17:00Z,17,277,21.9,63.0,41.0,73.8,50.0,0.15
2025-10-04T18:00Z,18,277,21.1,69.0,0.0,0.0,450.0,0.15
2025-10-04T19:00Z,19,277,20.8,75.0,0.0,0.0,600.0,0.15
2025-10-04T20:00Z,20,277,20.0,79.0,0.0,0.0,1000.0,0.15
2025-10-04T21:00Z,21,277,19.1,82.0,0.0,0.0,1450.0,0.15
2025-10-04T22:00Z,22,277,18.4,83.0,0.0,0.0,1800.0,0.15
2025-10-04T23:00Z,23,277,17.8,83.0,0.0,0.0,2100.0,0.15
2025-10-05T00:00Z,0,278,18.1,80.0,0.0,0.0,1950.0,0.15
2025-10-05T01:00Z,1,278,17.2,83.0,0.0,0.0,2400.0,0.15
2025-10-05T02:00Z,2,278,16.9,86.0,0.0,0.0,2550.0,0.15
2025-10-05T03:00Z,3,278,16.7,90.0,0.0,0.0,2650.0,0.15
2025-10-05T04:00Z,4,278,16.5,92.0,0.0,0.0,2750.0,0.15
2025-10-05T05:00Z,5,278,16.2,92.0,0.0,0.0,2900.0,0.15
2025-10-05T06:00Z,6,278,16.8,88.0,19.0,34.2,2600.0,0.15
2025-10-05T07:00Z,7,278,18.3,80.0,158.0,284.4,1850.0,0.15
2025-10-05T08:00Z,8,278,21.2,68.0,343.0,617.4,400.0,0.15
2025-10-05T09:00Z,9,278,24.1,57.0,511.0,919.8,1050.0,0.15
2025-10-05T10:00Z,10,278,26.6,46.0,637.0,1146.6,2300.0,0.15
2025-10-05T11:00Z,11,278,28.1,41.0,708.0,1274.4,3050.0,0.15
2025-10-05T12:00Z,12,278,29.2,36.0,714.0,1285.2,3600.0,0.15
2025-10-05T13:00Z,13,278,29.6,32.0,653.0,1175.4,3800.0,0.15
2025-10-05T14:00Z,14,278,29.4,31.0,540.0,972.0,3700.0,0.15
2025-10-05T15:00Z,15,278,28.5,34.0,383.0,689.4,3250.0,0.15
2025-10-05T16:00Z,16,278,27.1,40.0,196.0,352.8,2550.0,0.15
2025-10-05T17:00Z,17,278,24.9,57.0,40.0,72.0,1450.0,0.15
2025-10-05T18:00Z,18,278,23.1,71.0,0.0,0.0,550.0,0.15
2025-10-05T19:00Z,19,278,22.5,70.0,0.0,0.0,250.0,0.15
2025-10-05T20:00Z,20,278,21.9,68.0,0.0,0.0,50.0,0.15
2025-10-05T21:00Z,21,278,21.5,63.0,0.0,0.0,250.0,0.15
2025-10-05T22:00Z,22,278,21.3,61.0,0.0,0.0,350.0,0.15
2025-10-05T23:00Z,23,278,20.9,61.0,0.0,0.0,550.0,0.15
2025-10-06T00:00Z,0,279,21.2,66.0,0.0,0.0,400.0,0.15
2025-10-06T01:00Z,1,279,20.9,64.0,0.0,0.0,550.0,0.15
2025-10-06T02:00Z,2,279,20.3,65.0,0.0,0.0,850.0,0.15
2025-10-06T03:00Z,3,279,20.0,63.0,0.0,0.0,1000.0,0.15
2025-10-06T04:00Z,4,279,19.9,61.0,0.0,0.0,1050.0,0.15
2025-10-06T05:00Z,5,279,19.2,61.0,0.0,0.0,1400.0,0.15
2025-10-06T06:00Z,6,279,19.9,57.0,18.0,32.4,1050.0,0.15
2025-10-06T07:00Z,7,279,20.8,56.0,145.0,261.0,600.0,0.15
2025-10-06T08:00Z,8,279,21.6,52.0,295.0,531.0,200.0,0.85
2025-10-06T09:00Z,9,279,22.8,46.0,459.0,826.2,400.0,0.85
2025-10-06T10:00Z,10,279,23.9,40.0,568.0,1022.4,950.0,0.85
2025-10-06T11:00Z,11,279,24.5,36.0,647.0,1164.6,1250.0,0.85
2025-10-06T12:00Z,12,279,24.6,34.0,636.0,1144.8,1300.0,0.85
2025-10-06T13:00Z,13,279,23.9,36.0,378.0,680.4,950.0,0.85
2025-10-06T14:00Z,14,279,23.9,35.0,445.0,801.0,950.0,0.85
2025-10-06T15:00Z,15,279,22.6,43.0,295.0,531.0,300.0,0.85
2025-10-06T16:00Z,16,279,22.2,44.0,162.0,291.6,100.0,0.85
2025-10-06T17:00Z,17,279,21.9,46.0,21.0,37.8,50.0,0.85
2025-10-06T18:00Z,18,279,21.1,50.0,0.0,0.0,450.0,0.15
2025-10-06T19:00Z,19,279,20.5,55.0,0.0,0.0,750.0,0.15
2025-10-06T20:00Z,20,279,20.0,59.0,0.0,0.0,1000.0,0.15
2025-10-06T21:00Z,21,279,19.5,62.0,0.0,0.0,1250.0,0.15
2025-10-06T22:00Z,22,279,18.9,64.0,0.0,0.0,1550.0,0.15
2025-10-06T23:00Z,23,279,18.4,67.0,0.0,0.0,1800.0,0.15
2025-10-07T00:00Z,0,280,17.9,70.0,0.0,0.0,2050.0,0.15
2025-10-07T01:00Z,1,280,17.6,70.0,0.0,0.0,2200.0,0.15
2025-10-07T02:00Z,2,280,17.3,72.0,0.0,0.0,2350.0,0.15
2025-10-07T03:00Z,3,280,17.0,72.0,0.0,0.0,2500.0,0.15
2025-10-07T04:00Z,4,280,16.6,75.0,0.0,0.0,2700.0,0.15
2025-10-07T05:00Z,5,280,16.1,76.0,0.0,0.0,2950.0,0.15
2025-10-07T06:00Z,6,280,16.4,73.0,17.0,30.6,2800.0,0.15
2025-10-07T07:00Z,7,280,18.0,66.0,142.0,255.6,2000.0,0.15
2025-10-07T08:00Z,8,280,20.6,59.0,318.0,572.4,700.0,0.85
2025-10-07T09:00Z,9,280,22.2,54.0,474.0,853.2,100.0,0.85
2025-10-07T10:00Z,10,280,22.9,51.0,481.0,865.8,450.0,0.85
2025-10-07T11:00Z,11,280,22.9,52.0,561.0,1009.8,450.0,0.85
2025-10-07T12:00Z,12,280,23.4,51.0,581.0,1045.8,700.0,0.85
2025-10-07T13:00Z,13,280,23.0,53.0,385.0,693.0,500.0,0.85
2025-10-07T14:00Z,14,280,23.1,54.0,394.0,709.2,550.0,0.85
2025-10-07T15:00Z,15,280,23.2,51.0,282.0,507.6,600.0,0.85
2025-10-07T16:00Z,16,280,22.3,55.0,161.0,289.8,150.0,0.85
2025-10-07T17:00Z,17,280,21.3,61.0,33.0,59.4,350.0,0.85
2025-10-07T18:00Z,18,280,20.5,64.0,0.0,0.0,750.0,0.15
2025-10-07T19:00Z,19,280,19.5,72.0,0.0,0.0,1250.0,0.15
2025-10-07T20:00Z,20,280,18.9,74.0,0.0,0.0,1550.0,0.15
2025-10-07T21:00Z,21,280,18.0,78.0,0.0,0.0,2000.0,0.15
2025-10-07T22:00Z,22,280,17.2,81.0,0.0,0.0,2400.0,0.15
2025-10-07T23:00Z,23,280,16.5,84.0,0.0,0.0,2750.0,0.15
2025-10-08T00:00Z,0,281,16.2,80.0,0.0,0.0,2900.0,0.15
2025-10-08T01:00Z,1,281,15.2,82.0,0.0,0.0,3400.0,0.15
2025-10-08T02:00Z,2,281,14.6,83.0,0.0,0.0,3700.0,0.15
2025-10-08T03:00Z,3,281,14.2,83.0,0.0,0.0,3900.0,0.15
2025-10-08T04:00Z,4,281,13.9,83.0,0.0,0.0,4050.0,0.15
2025-10-08T05:00Z,5,281,13.8,82.0,0.0,0.0,4100.0,0.15
2025-10-08T06:00Z,6,281,14.2,80.0,17.0,30.6,3900.0,0.15
2025-10-08T07:00Z,7,281,16.1,74.0,153.0,275.4,2950.0,0.15
2025-10-08T08:00Z,8,281,19.4,62.0,338.0,608.4,1300.0,0.85
2025-10-08T09:00Z,9,281,22.0,57.0,507.0,912.6,0.0,0.85
2025-10-08T10:00Z,10,281,23.5,53.0,633.0,1139.4,750.0,0.85
2025-10-08T11:00Z,11,281,24.7,46.0,704.0,1267.2,1350.0,0.85
2025-10-08T12:00Z,12,281,25.3,44.0,712.0,1281.6,1650.0,0.85
2025-10-08T13:00Z,13,281,25.9,43.0,653.0,1175.4,1950.0,0.85
2025-10-08T14:00Z,14,281,25.7,45.0,537.0,966.6,1850.0,0.85
2025-10-08T15:00Z,15,281,24.8,51.0,368.0,662.4,1400.0,0.85
2025-10-08T16:00Z,16,281,23.2,61.0,192.0,345.6,600.0,0.85
2025-10-08T17:00Z,17,281,21.8,71.0,35.0,63.0,100.0,0.85
2025-10-08T18:00Z,18,281,21.3,74.0,0.0,0.0,350.0,0.15
2025-10-08T19:00Z,19,281,20.8,78.0,0.0,0.0,600.0,0.15
2025-10-08T20:00Z,20,281,20.5,78.0,0.0,0.0,750.0,0.15
2025-10-08T21:00Z,21,281,19.9,80.0,0.0,0.0,1050.0,0.15
2025-10-08T22:00Z,22,281,18.8,87.0,0.0,0.0,1600.0,0.15
2025-10-08T23:00Z,23,281,17.9,91.0,0.0,0.0,2050.0,0.15
2025-10-09T00:00Z,0,282,17.1,91.0,0.0,0.0,2450.0,0.15
2025-10-09T01:00Z,1,282,15.9,92.0,0.0,0.0,3050.0,0.15
2025-10-09T02:00Z,2,282,15.1,94.0,0.0,0.0,3450.0,0.15
2025-10-09T03:00Z,3,282,14.8,94.0,0.0,0.0,3600.0,0.15
2025-10-09T04:00Z,4,282,14.3,93.0,0.0,0.0,3850.0,0.15
2025-10-09T05:00Z,5,282,13.8,95.0,0.0,0.0,4100.0,0.15
2025-10-09T06:00Z,6,282,14.1,93.0,15.0,27.0,3950.0,0.15
2025-10-09T07:00Z,7,282,16.0,81.0,141.0,253.8,3000.0,0.15
2025-10-09T08:00Z,8,282,19.2,67.0,324.0,583.2,1400.0,0.85
2025-10-09T09:00Z,9,282,21.8,56.0,484.0,871.2,100.0,0.85
2025-10-09T10:00Z,10,282,23.3,51.0,538.0,968.4,650.0,0.85
2025-10-09T11:00Z,11,282,24.9,45.0,614.0,1105.2,1450.0,0.85
2025-10-09T12:00Z,12,282,26.3,39.0,578.0,1040.4,2150.0,0.85
2025-10-09T13:00Z,13,282,27.4,36.0,528.0,950.4,2700.0,0.85
2025-10-09T14:00Z,14,282,27.7,35.0,502.0,903.6,2850.0,0.85
2025-10-09T15:00Z,15,282,26.8,41.0,369.0,664.2,2400.0,0.85
2025-10-09T16:00Z,16,282,24.9,53.0,186.0,334.8,1450.0,0.85
2025-10-09T17:00Z,17,282,23.2,66.0,32.0,57.6,600.0,0.85
2025-10-09T18:00Z,18,282,23.0,74.0,0.0,0.0,500.0,0.15
2025-10-09T19:00Z,19,282,22.5,78.0,0.0,0.0,250.0,0.15
2025-10-09T20:00Z,20,282,21.6,84.0,0.0,0.0,200.0,0.15
2025-10-09T21:00Z,21,282,21.0,88.0,0.0,0.0,500.0,0.15
2025-10-09T22:00Z,22,282,20.0,92.0,0.0,0.0,1000.0,0.15
2025-10-09T23:00Z,23,282,19.2,95.0,0.0,0.0,1400.0,0.15
2025-10-10T00:00Z,0,283,18.9,96.0,0.0,0.0,1550.0,0.15
2025-10-10T01:00Z,1,283,18.0,98.0,0.0,0.0,2000.0,0.15
2025-10-10T02:00Z,2,283,17.6,98.0,0.0,0.0,2200.0,0.15
2025-10-10T03:00Z,3,283,17.4,97.0,0.0,0.0,2300.0,0.15
2025-10-10T04:00Z,4,283,17.4,96.0,0.0,0.0,2300.0,0.15
2025-10-10T05:00Z,5,283,17.5,95.0,0.0,0.0,2250.0,0.15
2025-10-10T06:00Z,6,283,17.6,94.0,14.0,25.2,2200.0,0.15
2025-10-10T07:00Z,7,283,19.2,85.0,135.0,243.0,1400.0,0.15
2025-10-10T08:00Z,8,283,21.9,74.0,317.0,570.6,50.0,0.85
2025-10-10T09:00Z,9,283,24.0,66.0,483.0,869.4,1000.0,0.85
2025-10-10T10:00Z,10,283,25.4,61.0,608.0,1094.4,1700.0,0.85
2025-10-10T11:00Z,11,283,26.5,55.0,678.0,1220.4,2250.0,0.85
2025-10-10T12:00Z,12,283,27.9,48.0,686.0,1234.8,2950.0,0.85
2025-10-10T13:00Z,13,283,27.1,51.0,620.0,1116.0,2550.0,0.85
2025-10-10T14:00Z,14,283,27.5,50.0,431.0,775.8,2750.0,0.85
2025-10-10T15:00Z,15,283,25.8,62.0,312.0,561.6,1900.0,0.85
2025-10-10T16:00Z,16,283,25.0,63.0,161.0,289.8,1500.0,0.85
2025-10-10T17:00Z,17,283,24.1,67.0,26.0,46.8,1050.0,0.85
2025-10-10T18:00Z,18,283,24.2,71.0,0.0,0.0,1100.0,0.15
2025-10-10T19:00Z,19,283,23.5,75.0,0.0,0.0,750.0,0.15
2025-10-10T20:00Z,20,283,23.0,77.0,0.0,0.0,500.0,0.15
2025-10-10T21:00Z,21,283,22.1,82.0,0.0,0.0,50.0,0.15
2025-10-10T22:00Z,22,283,21.7,83.0,0.0,0.0,150.0,0.15
2025-10-10T23:00Z,23,283,21.2,86.0,0.0,0.0,400.0,0.15
2025-10-11T00:00Z,0,284,20.5,89.0,0.0,0.0,750.0,0.15
2025-10-11T01:00Z,1,284,19.9,91.0,0.0,0.0,1050.0,0.15
2025-10-11T02:00Z,2,284,19.5,91.0,0.0,0.0,1250.0,0.15
2025-10-11T03:00Z,3,284,19.2,90.0,0.0,0.0,1400.0,0.15
2025-10-11T04:00Z,4,284,19.0,90.0,0.0,0.0,1500.0,0.15
2025-10-11T05:00Z,5,284,18.9,90.0,0.0,0.0,1550.0,0.15
2025-10-11T06:00Z,6,284,19.4,93.0,13.0,23.4,1300.0,0.15
2025-10-11T07:00Z,7,284,21.0,83.0,130.0,234.0,500.0,0.15
2025-10-11T08:00Z,8,284,23.5,70.0,315.0,567.0,750.0,0.15
2025-10-11T09:00Z,9,284,25.3,63.0,477.0,858.6,1650.0,0.15
2025-10-11T10:00Z,10,284,26.6,56.0,585.0,1053.0,2300.0,0.15
2025-10-11T11:00Z,11,284,27.3,52.0,622.0,1119.6,2650.0,0.15
2025-10-11T12:00Z,12,284,26.1,57.0,608.0,1094.4,2050.0,0.15
2025-10-11T13:00Z,13,284,27.5,50.0,493.0,887.4,2750.0,0.15
2025-10-11T14:00Z,14,284,24.8,66.0,454.0,817.2,1400.0,0.15
2025-10-11T15:00Z,15,284,24.8,66.0,214.0,385.2,1400.0,0.15
2025-10-11T16:00Z,16,284,24.5,65.0,151.0,271.8,1250.0,0.15
2025-10-11T17:00Z,17,284,23.4,71.0,25.0,45.0,700.0,0.15
2025-10-11T18:00Z,18,284,22.1,76.0,0.0,0.0,50.0,0.15
2025-10-11T19:00Z,19,284,21.8,81.0,0.0,0.0,100.0,0.15
2025-10-11T20:00Z,20,284,21.5,84.0,0.0,0.0,250.0,0.15
2025-10-11T21:00Z,21,284,21.1,86.0,0.0,0.0,450.0,0.15
2025-10-11T22:00Z,22,284,20.8,88.0,0.0,0.0,600.0,0.15
2025-10-11T23:00Z,23,284,20.4,91.0,0.0,0.0,800.0,0.15
2025-10-12T00:00Z,0,285,20.4,91.0,0.0,0.0,800.0,0.15
2025-10-12T01:00Z,1,285,20.2,91.0,0.0,0.0,900.0,0.15
2025-10-12T02:00Z,2,285,19.9,93.0,0.0,0.0,1050.0,0.15
2025-10-12T03:00Z,3,285,19.8,95.0,0.0,0.0,1100.0,0.15
2025-10-12T04:00Z,4,285,19.4,96.0,0.0,0.0,1300.0,0.15
2025-10-12T05:00Z,5,285,19.2,97.0,0.0,0.0,1400.0,0.15
2025-10-12T06:00Z,6,285,20.0,93.0,9.0,16.2,1000.0,0.15
2025-10-12T07:00Z,7,285,20.0,88.0,106.0,190.8,1000.0,0.15
2025-10-12T08:00Z,8,285,21.0,81.0,175.0,315.0,500.0,0.15
2025-10-12T09:00Z,9,285,22.8,74.0,352.0,633.6,400.0,0.15
2025-10-12T10:00Z,10,285,24.6,64.0,503.0,905.4,1300.0,0.15
2025-10-12T11:00Z,11,285,25.8,56.0,620.0,1116.0,1900.0,0.15
2025-10-12T12:00Z,12,285,26.5,48.0,435.0,783.0,2250.0,0.15
2025-10-12T13:00Z,13,285,26.8,47.0,445.0,801.0,2400.0,0.15
2025-10-12T14:00Z,14,285,26.0,49.0,308.0,554.4,2000.0,0.15
2025-10-12T15:00Z,15,285,26.2,49.0,233.0,419.4,2100.0,0.15
2025-10-12T16:00Z,16,285,25.5,51.0,93.0,167.4,1750.0,0.15
2025-10-12T17:00Z,17,285,24.4,57.0,17.0,30.6,1200.0,0.15
2025-10-12T18:00Z,18,285,22.5,73.0,0.0,0.0,250.0,0.15
2025-10-12T19:00Z,19,285,21.9,75.0,0.0,0.0,50.0,0.15
2025-10-12T20:00Z,20,285,21.5,77.0,0.0,0.0,250.0,0.15
2025-10-12T21:00Z,21,285,21.0,80.0,0.0,0.0,500.0,0.15
2025-10-12T22:00Z,22,285,20.8,82.0,0.0,0.0,600.0,0.15
2025-10-12T23:00Z,23,285,20.5,82.0,0.0,0.0,750.0,0.15
2025-10-13T00:00Z,0,286,20.5,82.0,0.0,0.0,750.0,0.15
2025-10-13T01:00Z,1,286,20.2,81.0,0.0,0.0,900.0,0.15
2025-10-13T02:00Z,2,286,20.0,79.0,0.0,0.0,1000.0,0.15
2025-10-13T03:00Z,3,286,19.6,80.0,0.0,0.0,1200.0,0.15
2025-10-13T04:00Z,4,286,19.0,82.0,0.0,0.0,1500.0,0.15
2025-10-13T05:00Z,5,286,18.9,82.0,0.0,0.0,1550.0,0.15
2025-10-13T06:00Z,6,286,19.4,80.0,12.0,21.6,1300.0,0.15
2025-10-13T07:00Z,7,286,20.8,75.0,134.0,241.2,600.0,0.15
2025-10-13T08:00Z,8,286,23.3,63.0,313.0,563.4,650.0,0.85
2025-10-13T09:00Z,9,286,25.9,52.0,478.0,860.4,1950.0,0.85
2025-10-13T10:00Z,10,286,27.9,42.0,601.0,1081.8,2950.0,0.85
2025-10-13T11:00Z,11,286,29.4,37.0,666.0,1198.8,3700.0,0.85
2025-10-13T12:00Z,12,286,30.4,29.0,671.0,1207.8,4200.0,0.85
2025-10-13T13:00Z,13,286,31.0,28.0,581.0,1045.8,4500.0,0.85
2025-10-13T14:00Z,14,286,29.2,34.0,456.0,820.8,3600.0,0.85
2025-10-13T15:00Z,15,286,27.6,45.0,298.0,536.4,2800.0,0.85
2025-10-13T16:00Z,16,286,26.9,48.0,144.0,259.2,2450.0,0.85
2025-10-13T17:00Z,17,286,25.3,59.0,22.0,39.6,1650.0,0.85
2025-10-13T18:00Z,18,286,24.5,68.0,0.0,0.0,1250.0,0.15
2025-10-13T19:00Z,19,286,23.6,73.0,0.0,0.0,800.0,0.15
2025-10-13T20:00Z,20,286,23.2,76.0,0.0,0.0,600.0,0.15
2025-10-13T21:00Z,21,286,23.1,72.0,0.0,0.0,550.0,0.15
2025-10-13T22:00Z,22,286,23.0,66.0,0.0,0.0,500.0,0.15
2025-10-13T23:00Z,23,286,22.6,66.0,0.0,0.0,300.0,0.15
2025-10-14T00:00Z,0,287,22.5,65.0,0.0,0.0,250.0,0.15
2025-10-14T01:00Z,1,287,21.5,70.0,0.0,0.0,250.0,0.15
2025-10-14T02:00Z,2,287,21.0,71.0,0.0,0.0,500.0,0.15
2025-10-14T03:00Z,3,287,21.0,70.0,0.0,0.0,500.0,0.15
2025-10-14T04:00Z,4,287,20.6,71.0,0.0,0.0,700.0,0.15
2025-10-14T05:00Z,5,287,20.5,71.0,0.0,0.0,750.0,0.15
2025-10-14T06:00Z,6,287,20.7,71.0,11.0,19.8,650.0,0.15
2025-10-14T07:00Z,7,287,21.9,69.0,133.0,239.4,50.0,0.15
2025-10-14T08:00Z,8,287,24.1,62.0,302.0,543.6,1050.0,0.85
2025-10-14T09:00Z,9,287,26.7,53.0,461.0,829.8,2350.0,0.85
2025-10-14T10:00Z,10,287,28.9,41.0,586.0,1054.8,3450.0,0.85
2025-10-14T11:00Z,11,287,30.4,34.0,652.0,1173.6,4200.0,0.85
2025-10-14T12:00Z,12,287,29.0,35.0,572.0,1029.6,3500.0,0.85
2025-10-14T13:00Z,13,287,30.9,28.0,488.0,878.4,4450.0,0.85
2025-10-14T14:00Z,14,287,30.6,28.0,450.0,810.0,4300.0,0.85
2025-10-14T15:00Z,15,287,24.0,60.0,256.0,460.8,1000.0,0.85
2025-10-14T16:00Z,16,287,23.9,61.0,83.0,149.4,950.0,0.85
2025-10-14T17:00Z,17,287,24.4,59.0,7.0,12.6,1200.0,0.85
2025-10-14T18:00Z,18,287,23.0,78.0,0.0,0.0,500.0,0.15
2025-10-14T19:00Z,19,287,23.0,78.0,0.0,0.0,500.0,0.15
2025-10-14T20:00Z,20,287,22.9,75.0,0.0,0.0,450.0,0.15
2025-10-14T21:00Z,21,287,22.5,58.0,0.0,0.0,250.0,0.15
2025-10-14T22:00Z,22,287,21.6,58.0,0.0,0.0,200.0,0.15
2025-10-14T23:00Z,23,287,21.1,60.0,0.0,0.0,450.0,0.15
2025-10-15T00:00Z,0,288,20.1,74.0,0.0,0.0,950.0,0.15
2025-10-15T01:00Z,1,288,20.0,73.0,0.0,0.0,1000.0,0.15
2025-10-15T02:00Z,2,288,20.5,71.0,0.0,0.0,750.0,0.15
2025-10-15T03:00Z,3,288,19.4,76.0,0.0,0.0,1300.0,0.15
2025-10-15T04:00Z,4,288,19.0,74.0,0.0,0.0,1500.0,0.15
2025-10-15T05:00Z,5,288,18.4,77.0,0.0,0.0,1800.0,0.15
2025-10-15T06:00Z,6,288,18.8,75.0,11.0,19.8,1600.0,0.15
2025-10-15T07:00Z,7,288,20.1,71.0,128.0,230.4,950.0,0.15
2025-10-15T08:00Z,8,288,22.5,58.0,290.0,522.0,250.0,0.85
2025-10-15T09:00Z,9,288,25.3,46.0,445.0,801.0,1650.0,0.85
2025-10-15T10:00Z,10,288,27.2,41.0,556.0,1000.8,2600.0,0.85
2025-10-15T11:00Z,11,288,27.5,43.0,635.0,1143.0,2750.0,0.85
2025-10-15T12:00Z,12,288,27.1,45.0,521.0,937.8,2550.0,0.85
2025-10-15T13:00Z,13,288,26.2,50.0,515.0,927.0,2100.0,0.85
2025-10-15T14:00Z,14,288,26.0,51.0,384.0,691.2,2000.0,0.85
2025-10-15T15:00Z,15,288,25.2,56.0,237.0,426.6,1600.0,0.85
2025-10-15T16:00Z,16,288,23.4,67.0,116.0,208.8,700.0,0.85
2025-10-15T17:00Z,17,288,19.9,92.0,15.0,27.0,1050.0,0.85
2025-10-15T18:00Z,18,288,18.9,90.0,0.0,0.0,1550.0,0.15
2025-10-15T19:00Z,19,288,19.0,90.0,0.0,0.0,1500.0,0.15
2025-10-15T20:00Z,20,288,18.9,89.0,0.0,0.0,1550.0,0.15
2025-10-15T21:00Z,21,288,18.9,89.0,0.0,0.0,1550.0,0.15
2025-10-15T22:00Z,22,288,18.6,91.0,0.0,0.0,1700.0,0.15
2025-10-15T23:00Z,23,288,18.5,91.0,0.0,0.0,1750.0,0.15
2025-10-16T00:00Z,0,289,19.5,87.0,0.0,0.0,1250.0,0.15
2025-10-16T01:00Z,1,289,17.3,94.0,0.0,0.0,2350.0,0.15
2025-10-16T02:00Z,2,289,17.5,93.0,0.0,0.0,2250.0,0.15
2025-10-16T03:00Z,3,289,17.4,95.0,0.0,0.0,2300.0,0.15
2025-10-16T04:00Z,4,289,17.1,96.0,0.0,0.0,2450.0,0.15
2025-10-16T05:00Z,5,289,17.1,95.0,0.0,0.0,2450.0,0.15
2025-10-16T06:00Z,6,289,18.0,94.0,10.0,18.0,2000.0,0.15
2025-10-16T07:00Z,7,289,19.2,87.0,110.0,198.0,1400.0,0.15
2025-10-16T08:00Z,8,289,20.2,82.0,264.0,475.2,900.0,0.85
2025-10-16T09:00Z,9,289,21.4,76.0,414.0,745.2,300.0,0.85
2025-10-16T10:00Z,10,289,22.4,70.0,526.0,946.8,200.0,0.85
2025-10-16T11:00Z,11,289,23.1,66.0,587.0,1056.6,550.0,0.85
2025-10-16T12:00Z,12,289,24.2,60.0,588.0,1058.4,1100.0,0.85
2025-10-16T13:00Z,13,289,24.7,54.0,471.0,847.8,1350.0,0.85
2025-10-16T14:00Z,14,289,23.3,59.0,416.0,748.8,650.0,0.85
2025-10-16T15:00Z,15,289,23.0,60.0,292.0,525.6,500.0,0.85
2025-10-16T16:00Z,16,289,21.9,65.0,147.0,264.6,50.0,0.85
2025-10-16T17:00Z,17,289,20.5,72.0,18.0,32.4,750.0,0.85
2025-10-16T18:00Z,18,289,20.2,73.0,0.0,0.0,900.0,0.15
2025-10-16T19:00Z,19,289,20.0,75.0,0.0,0.0,1000.0,0.15
2025-10-16T20:00Z,20,289,19.4,79.0,0.0,0.0,1300.0,0.15
2025-10-16T21:00Z,21,289,18.8,81.0,0.0,0.0,1600.0,0.15
2025-10-16T22:00Z,22,289,18.4,82.0,0.0,0.0,1800.0,0.15
2025-10-16T23:00Z,23,289,18.0,85.0,0.0,0.0,2000.0,0.15
2025-10-17T00:00Z,0,290,17.9,84.0,0.0,0.0,2050.0,0.15
2025-10-17T01:00Z,1,290,17.4,86.0,0.0,0.0,2300.0,0.15
2025-10-17T02:00Z,2,290,17.1,87.0,0.0,0.0,2450.0,0.15
2025-10-17T03:00Z,3,290,16.7,88.0,0.0,0.0,2650.0,0.15
2025-10-17T04:00Z,4,290,16.4,89.0,0.0,0.0,2800.0,0.15
2025-10-17T05:00Z,5,290,15.9,91.0,0.0,0.0,3050.0,0.15
2025-10-17T06:00Z,6,290,16.0,91.0,9.0,16.2,3000.0,0.15
2025-10-17T07:00Z,7,290,17.2,85.0,124.0,223.2,2400.0,0.15
2025-10-17T08:00Z,8,290,19.6,74.0,299.0,538.2,1200.0,0.85
2025-10-17T09:00Z,9,290,21.5,64.0,463.0,833.4,250.0,0.85
2025-10-17T10:00Z,10,290,23.0,55.0,566.0,1018.8,500.0,0.85
2025-10-17T11:00Z,11,290,24.1,48.0,623.0,1121.4,1050.0,0.85
2025-10-17T12:00Z,12,290,25.0,43.0,589.0,1060.2,1500.0,0.85
2025-10-17T13:00Z,13,290,25.5,40.0,546.0,982.8,1750.0,0.85
2025-10-17T14:00Z,14,290,25.0,41.0,414.0,745.2,1500.0,0.85
2025-10-17T15:00Z,15,290,23.2,56.0,238.0,428.4,600.0,0.85
2025-10-17T16:00Z,16,290,21.6,64.0,123.0,221.4,200.0,0.85
2025-10-17T17:00Z,17,290,21.1,69.0,16.0,28.8,450.0,0.85
2025-10-17T18:00Z,18,290,21.4,67.0,0.0,0.0,300.0,0.15
2025-10-17T19:00Z,19,290,21.1,67.0,0.0,0.0,450.0,0.15
2025-10-17T20:00Z,20,290,20.8,70.0,0.0,0.0,600.0,0.15
2025-10-17T21:00Z,21,290,20.5,72.0,0.0,0.0,750.0,0.15
2025-10-17T22:00Z,22,290,19.8,75.0,0.0,0.0,1100.0,0.15
2025-10-17T23:00Z,23,290,19.1,78.0,0.0,0.0,1450.0,0.15
2025-10-18T00:00Z,0,291,18.9,83.0,0.0,0.0,1550.0,0.15
2025-10-18T01:00Z,1,291,18.7,85.0,0.0,0.0,1650.0,0.15
2025-10-18T02:00Z,2,291,18.8,86.0,0.0,0.0,1600.0,0.15
2025-10-18T03:00Z,3,291,18.7,87.0,0.0,0.0,1650.0,0.15
2025-10-18T04:00Z,4,291,18.7,88.0,0.0,0.0,1650.0,0.15
2025-10-18T05:00Z,5,291,18.1,91.0,0.0,0.0,1950.0,0.15
2025-10-18T06:00Z,6,291,18.6,90.0,8.0,14.4,1700.0,0.15
2025-10-18T07:00Z,7,291,19.5,84.0,100.0,180.0,1250.0,0.15
2025-10-18T08:00Z,8,291,20.8,75.0,221.0,397.8,600.0,0.15
2025-10-18T09:00Z,9,291,20.2,76.0,143.0,257.4,900.0,0.15
2025-10-18T10:00Z,10,291,20.2,75.0,183.0,329.4,900.0,0.15
2025-10-18T11:00Z,11,291,20.2,74.0,185.0,333.0,900.0,0.15
2025-10-18T12:00Z,12,291,19.6,78.0,200.0,360.0,1200.0,0.15
2025-10-18T13:00Z,13,291,19.8,78.0,221.0,397.8,1100.0,0.15
2025-10-18T14:00Z,14,291,20.4,75.0,300.0,540.0,800.0,0.15
2025-10-18T15:00Z,15,291,20.4,77.0,249.0,448.2,800.0,0.15
2025-10-18T16:00Z,16,291,19.5,80.0,106.0,190.8,1250.0,0.15
2025-10-18T17:00Z,17,291,18.7,83.0,14.0,25.2,1650.0,0.15
2025-10-18T18:00Z,18,291,18.7,83.0,0.0,0.0,1650.0,0.15
2025-10-18T19:00Z,19,291,18.0,88.0,0.0,0.0,2000.0,0.15
2025-10-18T20:00Z,20,291,18.0,88.0,0.0,0.0,2000.0,0.15
2025-10-18T21:00Z,21,291,18.1,88.0,0.0,0.0,1950.0,0.15
2025-10-18T22:00Z,22,291,17.2,91.0,0.0,0.0,2400.0,0.15
2025-10-18T23:00Z,23,291,16.8,95.0,0.0,0.0,2600.0,0.15
2025-10-19T00:00Z,0,292,16.6,96.0,0.0,0.0,2700.0,0.15
2025-10-19T01:00Z,1,292,16.0,97.0,0.0,0.0,3000.0,0.15
2025-10-19T02:00Z,2,292,15.7,98.0,0.0,0.0,3150.0,0.15
2025-10-19T03:00Z,3,292,15.7,98.0,0.0,0.0,3150.0,0.15
2025-10-19T04:00Z,4,292,15.6,98.0,0.0,0.0,3200.0,0.15
2025-10-19T05:00Z,5,292,15.4,98.0,0.0,0.0,3300.0,0.15
2025-10-19T06:00Z,6,292,16.0,98.0,7.0,12.6,3000.0,0.15
2025-10-19T07:00Z,7,292,17.5,92.0,103.0,185.4,2250.0,0.15
2025-10-19T08:00Z,8,292,19.9,80.0,244.0,439.2,1050.0,0.15
2025-10-19T09:00Z,9,292,21.1,69.0,339.0,610.2,450.0,0.15
2025-10-19T10:00Z,10,292,21.5,66.0,387.0,696.6,250.0,0.15
2025-10-19T11:00Z,11,292,21.8,63.0,381.0,685.8,100.0,0.15
2025-10-19T12:00Z,12,292,22.6,59.0,416.0,748.8,300.0,0.15
2025-10-19T13:00Z,13,292,22.4,59.0,532.0,957.6,200.0,0.15
2025-10-19T14:00Z,14,292,21.8,63.0,388.0,698.4,100.0,0.15
2025-10-19T15:00Z,15,292,21.1,66.0,169.0,304.2,450.0,0.15
2025-10-19T16:00Z,16,292,20.5,68.0,100.0,180.0,750.0,0.15
2025-10-19T17:00Z,17,292,20.0,73.0,11.0,19.8,1000.0,0.15
2025-10-19T18:00Z,18,292,19.9,79.0,0.0,0.0,1050.0,0.15
2025-10-19T19:00Z,19,292,19.2,83.0,0.0,0.0,1400.0,0.15
2025-10-19T20:00Z,20,292,18.5,87.0,0.0,0.0,1750.0,0.15
2025-10-19T21:00Z,21,292,17.8,91.0,0.0,0.0,2100.0,0.15
2025-10-19T22:00Z,22,292,17.1,93.0,0.0,0.0,2450.0,0.15
2025-10-19T23:00Z,23,292,16.7,96.0,0.0,0.0,2650.0,0.15
2025-10-20T00:00Z,0,293,16.5,97.0,0.0,0.0,2750.0,0.15
2025-10-20T01:00Z,1,293,16.0,96.0,0.0,0.0,3000.0,0.15
2025-10-20T02:00Z,2,293,15.5,97.0,0.0,0.0,3250.0,0.15
2025-10-20T03:00Z,3,293,15.1,98.0,0.0,0.0,3450.0,0.15
2025-10-20T04:00Z,4,293,14.9,98.0,0.0,0.0,3550.0,0.15
2025-10-20T05:00Z,5,293,14.4,100.0,0.0,0.0,3800.0,0.15
2025-10-20T06:00Z,6,293,14.9,98.0,7.0,12.6,3550.0,0.15
2025-10-20T07:00Z,7,293,16.4,90.0,114.0,205.2,2800.0,0.15
2025-10-20T08:00Z,8,293,19.1,76.0,290.0,522.0,1450.0,0.85
2025-10-20T09:00Z,9,293,21.5,67.0,455.0,819.0,250.0,0.85
2025-10-20T10:00Z,10,293,23.3,58.0,578.0,1040.4,650.0,0.85
2025-10-20T11:00Z,11,293,24.8,50.0,650.0,1170.0,1400.0,0.85
2025-10-20T12:00Z,12,293,25.8,43.0,656.0,1180.8,1900.0,0.85
2025-10-20T13:00Z,13,293,26.6,38.0,572.0,1029.6,2300.0,0.85
2025-10-20T14:00Z,14,293,26.8,31.0,447.0,804.6,2400.0,0.85
2025-10-20T15:00Z,15,293,26.3,30.0,275.0,495.0,2150.0,0.85
2025-10-20T16:00Z,16,293,25.1,37.0,130.0,234.0,1550.0,0.85
2025-10-20T17:00Z,17,293,22.0,59.0,14.0,25.2,0.0,0.85
2025-10-20T18:00Z,18,293,20.8,68.0,0.0,0.0,600.0,0.15
2025-10-20T19:00Z,19,293,20.1,78.0,0.0,0.0,950.0,0.15
2025-10-20T20:00Z,20,293,19.6,83.0,0.0,0.0,1200.0,0.15
2025-10-20T21:00Z,21,293,19.2,86.0,0.0,0.0,1400.0,0.15
2025-10-20T22:00Z,22,293,19.4,84.0,0.0,0.0,1300.0,0.15
2025-10-20T23:00Z,23,293,19.0,84.0,0.0,0.0,1500.0,0.15
2025-10-21T00:00Z,0,294,18.5,85.0,0.0,0.0,1750.0,0.15
2025-10-21T01:00Z,1,294,18.0,84.0,0.0,0.0,2000.0,0.15
2025-10-21T02:00Z,2,294,17.8,80.0,0.0,0.0,2100.0,0.15
2025-10-21T03:00Z,3,294,17.7,73.0,0.0,0.0,2150.0,0.15
2025-10-21T04:00Z,4,294,17.1,70.0,0.0,0.0,2450.0,0.15
2025-10-21T05:00Z,5,294,16.9,66.0,0.0,0.0,2550.0,0.15
2025-10-21T06:00Z,6,294,17.5,62.0,7.0,12.6,2250.0,0.15
2025-10-21T07:00Z,7,294,18.8,60.0,110.0,198.0,1600.0,0.15
2025-10-21T08:00Z,8,294,21.2,56.0,288.0,518.4,400.0,0.85
2025-10-21T09:00Z,9,294,24.0,48.0,453.0,815.4,1000.0,0.85
2025-10-21T10:00Z,10,294,26.5,39.0,577.0,1038.6,2250.0,0.85
2025-10-21T11:00Z,11,294,28.0,34.0,639.0,1150.2,3000.0,0.85
2025-10-21T12:00Z,12,294,28.5,33.0,644.0,1159.2,3250.0,0.85
2025-10-21T13:00Z,13,294,28.5,34.0,585.0,1053.0,3250.0,0.85
2025-10-21T14:00Z,14,294,28.4,33.0,461.0,829.8,3200.0,0.85
2025-10-21T15:00Z,15,294,27.1,38.0,293.0,527.4,2550.0,0.85
2025-10-21T16:00Z,16,294,25.5,47.0,130.0,234.0,1750.0,0.85
2025-10-21T17:00Z,17,294,24.0,55.0,12.0,21.6,1000.0,0.85
2025-10-21T18:00Z,18,294,23.4,60.0,0.0,0.0,700.0,0.15
2025-10-21T19:00Z,19,294,22.6,64.0,0.0,0.0,300.0,0.15
2025-10-21T20:00Z,20,294,21.9,68.0,0.0,0.0,50.0,0.15
2025-10-21T21:00Z,21,294,21.2,71.0,0.0,0.0,400.0,0.15
2025-10-21T22:00Z,22,294,21.4,70.0,0.0,0.0,300.0,0.15
2025-10-21T23:00Z,23,294,21.0,71.0,0.0,0.0,500.0,0.15
2025-10-22T00:00Z,0,295,19.9,74.0,0.0,0.0,1050.0,0.15
2025-10-22T01:00Z,1,295,20.0,73.0,0.0,0.0,1000.0,0.15
2025-10-22T02:00Z,2,295,19.9,72.0,0.0,0.0,1050.0,0.15
2025-10-22T03:00Z,3,295,19.6,71.0,0.0,0.0,1200.0,0.15
2025-10-22T04:00Z,4,295,19.2,71.0,0.0,0.0,1400.0,0.15
2025-10-22T05:00Z,5,295,19.0,73.0,0.0,0.0,1500.0,0.15
2025-10-22T06:00Z,6,295,18.9,74.0,5.0,9.0,1550.0,0.15
2025-10-22T07:00Z,7,295,19.9,72.0,78.0,140.4,1050.0,0.15
2025-10-22T08:00Z,8,295,22.1,64.0,222.0,399.6,50.0,0.85
2025-10-22T09:00Z,9,295,24.5,54.0,357.0,642.6,1250.0,0.85
2025-10-22T10:00Z,10,295,25.9,49.0,452.0,813.6,1950.0,0.85
2025-10-22T11:00Z,11,295,27.0,45.0,491.0,883.8,2500.0,0.85
2025-10-22T12:00Z,12,295,27.9,41.0,522.0,939.6,2950.0,0.85
2025-10-22T13:00Z,13,295,27.9,40.0,440.0,792.0,2950.0,0.85
2025-10-22T14:00Z,14,295,27.1,42.0,438.0,788.4,2550.0,0.85
2025-10-22T15:00Z,15,295,26.6,49.0,226.0,406.8,2300.0,0.85
2025-10-22T16:00Z,16,295,25.1,57.0,112.0,201.6,1550.0,0.85
2025-10-22T17:00Z,17,295,24.0,64.0,9.0,16.2,1000.0,0.85
2025-10-22T18:00Z,18,295,22.0,75.0,0.0,0.0,0.0,0.15
2025-10-22T19:00Z,19,295,21.5,74.0,0.0,0.0,250.0,0.15
2025-10-22T20:00Z,20,295,21.4,73.0,0.0,0.0,300.0,0.15
2025-10-22T21:00Z,21,295,21.2,76.0,0.0,0.0,400.0,0.15
2025-10-22T22:00Z,22,295,21.0,78.0,0.0,0.0,500.0,0.15
2025-10-22T23:00Z,23,295,20.8,81.0,0.0,0.0,600.0,0.15
2025-10-23T00:00Z,0,296,21.1,79.0,0.0,0.0,450.0,0.15
2025-10-23T01:00Z,1,296,20.8,80.0,0.0,0.0,600.0,0.15
2025-10-23T02:00Z,2,296,20.5,80.0,0.0,0.0,750.0,0.15
2025-10-23T03:00Z,3,296,20.2,81.0,0.0,0.0,900.0,0.15
2025-10-23T04:00Z,4,296,19.9,82.0,0.0,0.0,1050.0,0.15
2025-10-23T05:00Z,5,296,19.5,83.0,0.0,0.0,1250.0,0.15
2025-10-23T06:00Z,6,296,19.6,83.0,5.0,9.0,1200.0,0.15
2025-10-23T07:00Z,7,296,21.0,74.0,107.0,192.6,500.0,0.15
2025-10-23T08:00Z,8,296,23.0,64.0,279.0,502.2,500.0,0.85
2025-10-23T09:00Z,9,296,25.1,53.0,440.0,792.0,1550.0,0.85
2025-10-23T10:00Z,10,296,26.8,45.0,562.0,1011.6,2400.0,0.85
2025-10-23T11:00Z,11,296,28.5,37.0,636.0,1144.8,3250.0,0.85
2025-10-23T12:00Z,12,296,29.8,30.0,580.0,1044.0,3900.0,0.85
2025-10-23T13:00Z,13,296,29.9,30.0,546.0,982.8,3950.0,0.85
2025-10-23T14:00Z,14,296,29.0,35.0,419.0,754.2,3500.0,0.85
2025-10-23T15:00Z,15,296,28.6,37.0,287.0,516.6,3300.0,0.85
2025-10-23T16:00Z,16,296,27.5,40.0,118.0,212.4,2750.0,0.85
2025-10-23T17:00Z,17,296,26.5,44.0,10.0,18.0,2250.0,0.85
2025-10-23T18:00Z,18,296,25.9,46.0,0.0,0.0,1950.0,0.15
2025-10-23T19:00Z,19,296,25.0,53.0,0.0,0.0,1500.0,0.15
2025-10-23T20:00Z,20,296,24.4,60.0,0.0,0.0,1200.0,0.15
2025-10-23T21:00Z,21,296,23.7,65.0,0.0,0.0,850.0,0.15
2025-10-23T22:00Z,22,296,23.0,69.0,0.0,0.0,500.0,0.15
2025-10-23T23:00Z,23,296,22.1,74.0,0.0,0.0,50.0,0.15
2025-10-24T00:00Z,0,297,21.9,78.0,0.0,0.0,50.0,0.15
2025-10-24T01:00Z,1,297,21.1,82.0,0.0,0.0,450.0,0.15
2025-10-24T02:00Z,2,297,20.6,83.0,0.0,0.0,700.0,0.15
2025-10-24T03:00Z,3,297,20.4,85.0,0.0,0.0,800.0,0.15
2025-10-24T04:00Z,4,297,20.0,88.0,0.0,0.0,1000.0,0.15
2025-10-24T05:00Z,5,297,19.5,90.0,0.0,0.0,1250.0,0.15
2025-10-24T06:00Z,6,297,19.8,91.0,5.0,9.0,1100.0,0.15
2025-10-24T07:00Z,7,297,21.1,84.0,99.0,178.2,450.0,0.15
2025-10-24T08:00Z,8,297,22.8,73.0,270.0,486.0,400.0,0.85
2025-10-24T09:00Z,9,297,24.2,61.0,422.0,759.6,1100.0,0.85
2025-10-24T10:00Z,10,297,25.5,54.0,536.0,964.8,1750.0,0.85
2025-10-24T11:00Z,11,297,26.8,48.0,587.0,1056.6,2400.0,0.85
2025-10-24T12:00Z,12,297,27.6,43.0,545.0,981.0,2800.0,0.85
2025-10-24T13:00Z,13,297,27.8,41.0,555.0,999.0,2900.0,0.85
2025-10-24T14:00Z,14,297,27.6,40.0,440.0,792.0,2800.0,0.85
2025-10-24T15:00Z,15,297,26.2,45.0,280.0,504.0,2100.0,0.85
2025-10-24T16:00Z,16,297,24.1,56.0,119.0,214.2,1050.0,0.85
2025-10-24T17:00Z,17,297,22.4,64.0,9.0,16.2,200.0,0.85
2025-10-24T18:00Z,18,297,21.6,68.0,0.0,0.0,200.0,0.15
2025-10-24T19:00Z,19,297,21.1,71.0,0.0,0.0,450.0,0.15
2025-10-24T20:00Z,20,297,20.8,75.0,0.0,0.0,600.0,0.15
2025-10-24T21:00Z,21,297,20.2,79.0,0.0,0.0,900.0,0.15
2025-10-24T22:00Z,22,297,19.8,82.0,0.0,0.0,1100.0,0.15
2025-10-24T23:00Z,23,297,19.1,86.0,0.0,0.0,1450.0,0.15
2025-10-25T00:00Z,0,298,19.1,85.0,0.0,0.0,1450.0,0.15
2025-10-25T01:00Z,1,298,18.5,89.0,0.0,0.0,1750.0,0.15
2025-10-25T02:00Z,2,298,18.3,90.0,0.0,0.0,1850.0,0.15
2025-10-25T03:00Z,3,298,18.0,92.0,0.0,0.0,2000.0,0.15
2025-10-25T04:00Z,4,298,18.0,93.0,0.0,0.0,2000.0,0.15
2025-10-25T05:00Z,5,298,17.8,94.0,0.0,0.0,2100.0,0.15
2025-10-25T06:00Z,6,298,17.9,96.0,4.0,7.2,2050.0,0.15
2025-10-25T07:00Z,7,298,19.2,90.0,101.0,181.8,1400.0,0.15
2025-10-25T08:00Z,8,298,21.6,79.0,270.0,486.0,200.0,0.15
2025-10-25T09:00Z,9,298,24.3,69.0,430.0,774.0,1150.0,0.15
2025-10-25T10:00Z,10,298,26.9,56.0,550.0,990.0,2450.0,0.15
2025-10-25T11:00Z,11,298,29.0,43.0,616.0,1108.8,3500.0,0.15
2025-10-25T12:00Z,12,298,30.3,37.0,621.0,1117.8,4150.0,0.15
2025-10-25T13:00Z,13,298,31.8,30.0,565.0,1017.0,4900.0,0.15
2025-10-25T14:00Z,14,298,32.5,25.0,452.0,813.6,5250.0,0.15
2025-10-25T15:00Z,15,298,32.2,24.0,295.0,531.0,5100.0,0.15
2025-10-25T16:00Z,16,298,29.6,41.0,122.0,219.6,3800.0,0.15
2025-10-25T17:00Z,17,298,27.5,47.0,8.0,14.4,2750.0,0.15
2025-10-25T18:00Z,18,298,26.2,55.0,0.0,0.0,2100.0,0.15
2025-10-25T19:00Z,19,298,25.0,58.0,0.0,0.0,1500.0,0.15
2025-10-25T20:00Z,20,298,23.5,62.0,0.0,0.0,750.0,0.15
2025-10-25T21:00Z,21,298,22.4,65.0,0.0,0.0,200.0,0.15
2025-10-25T22:00Z,22,298,21.5,74.0,0.0,0.0,250.0,0.15
2025-10-25T23:00Z,23,298,20.9,80.0,0.0,0.0,550.0,0.15
2025-10-26T00:00Z,0,299,20.1,80.0,0.0,0.0,950.0,0.15
2025-10-26T01:00Z,1,299,20.1,76.0,0.0,0.0,950.0,0.15
2025-10-26T02:00Z,2,299,19.9,72.0,0.0,0.0,1050.0,0.15
2025-10-26T03:00Z,3,299,19.5,68.0,0.0,0.0,1250.0,0.15
2025-10-26T04:00Z,4,299,19.5,61.0,0.0,0.0,1250.0,0.15
2025-10-26T05:00Z,5,299,19.4,56.0,0.0,0.0,1300.0,0.15
2025-10-26T06:00Z,6,299,19.5,51.0,4.0,7.2,1250.0,0.15
2025-10-26T07:00Z,7,299,21.4,43.0,103.0,185.4,300.0,0.15
2025-10-26T08:00Z,8,299,24.5,34.0,276.0,496.8,1250.0,0.15
2025-10-26T09:00Z,9,299,28.0,26.0,437.0,786.6,3000.0,0.15
2025-10-26T10:00Z,10,299,31.4,20.0,558.0,1004.4,4700.0,0.15
2025-10-26T11:00Z,11,299,34.3,15.0,625.0,1125.0,6150.0,0.15
2025-10-26T12:00Z,12,299,34.3,20.0,628.0,1130.4,6150.0,0.15
2025-10-26T13:00Z,13,299,33.7,22.0,570.0,1026.0,5850.0,0.15
2025-10-26T14:00Z,14,299,29.2,40.0,455.0,819.0,3600.0,0.15
2025-10-26T15:00Z,15,299,28.0,54.0,290.0,522.0,3000.0,0.15
2025-10-26T16:00Z,16,299,25.8,63.0,118.0,212.4,1900.0,0.15
2025-10-26T17:00Z,17,299,24.1,69.0,7.0,12.6,1050.0,0.15
2025-10-26T18:00Z,18,299,22.6,80.0,0.0,0.0,300.0,0.15
2025-10-26T19:00Z,19,299,21.5,82.0,0.0,0.0,250.0,0.15
2025-10-26T20:00Z,20,299,21.1,80.0,0.0,0.0,450.0,0.15
2025-10-26T21:00Z,21,299,20.8,79.0,0.0,0.0,600.0,0.15
2025-10-26T22:00Z,22,299,20.4,75.0,0.0,0.0,800.0,0.15
2025-10-26T23:00Z,23,299,20.2,70.0,0.0,0.0,900.0,0.15
2025-10-27T00:00Z,0,300,19.9,69.0,0.0,0.0,1050.0,0.15
2025-10-27T01:00Z,1,300,19.5,67.0,0.0,0.0,1250.0,0.15
2025-10-27T02:00Z,2,300,19.0,65.0,0.0,0.0,1500.0,0.15
2025-10-27T03:00Z,3,300,18.6,64.0,0.0,0.0,1700.0,0.15
2025-10-27T04:00Z,4,300,18.3,71.0,0.0,0.0,1850.0,0.15
2025-10-27T05:00Z,5,300,18.8,67.0,0.0,0.0,1600.0,0.15
2025-10-27T06:00Z,6,300,19.0,61.0,3.0,5.4,1500.0,0.15
2025-10-27T07:00Z,7,300,19.5,60.0,84.0,151.2,1250.0,0.15
2025-10-27T08:00Z,8,300,20.3,55.0,263.0,473.4,850.0,0.85
2025-10-27T09:00Z,9,300,21.4,50.0,420.0,756.0,300.0,0.85
2025-10-27T10:00Z,10,300,22.2,46.0,527.0,948.6,100.0,0.85
2025-10-27T11:00Z,11,300,23.0,42.0,571.0,1027.8,500.0,0.85
2025-10-27T12:00Z,12,300,23.1,40.0,596.0,1072.8,550.0,0.85
2025-10-27T13:00Z,13,300,23.0,39.0,445.0,801.0,500.0,0.85
2025-10-27T14:00Z,14,300,22.8,41.0,358.0,644.4,400.0,0.85
2025-10-27T15:00Z,15,300,21.5,49.0,245.0,441.0,250.0,0.85
2025-10-27T16:00Z,16,300,20.8,50.0,89.0,160.2,600.0,0.85
2025-10-27T17:00Z,17,300,19.6,54.0,6.0,10.8,1200.0,0.85
2025-10-27T18:00Z,18,300,19.1,54.0,0.0,0.0,1450.0,0.15
2025-10-27T19:00Z,19,300,18.8,55.0,0.0,0.0,1600.0,0.15
2025-10-27T20:00Z,20,300,18.2,59.0,0.0,0.0,1900.0,0.15
2025-10-27T21:00Z,21,300,17.7,63.0,0.0,0.0,2150.0,0.15
2025-10-27T22:00Z,22,300,17.2,65.0,0.0,0.0,2400.0,0.15
2025-10-27T23:00Z,23,300,16.9,68.0,0.0,0.0,2550.0,0.15
2025-10-28T00:00Z,0,301,17.1,66.0,0.0,0.0,2450.0,0.15
2025-10-28T01:00Z,1,301,16.3,69.0,0.0,0.0,2850.0,0.15
2025-10-28T02:00Z,2,301,15.8,71.0,0.0,0.0,3100.0,0.15
2025-10-28T03:00Z,3,301,15.3,71.0,0.0,0.0,3350.0,0.15
2025-10-28T04:00Z,4,301,15.0,70.0,0.0,0.0,3500.0,0.15
2025-10-28T05:00Z,5,301,14.9,69.0,0.0,0.0,3550.0,0.15
2025-10-28T06:00Z,6,301,15.0,69.0,3.0,5.4,3500.0,0.15
2025-10-28T07:00Z,7,301,16.4,65.0,95.0,171.0,2800.0,0.15
2025-10-28T08:00Z,8,301,19.0,56.0,258.0,464.4,1500.0,0.85
2025-10-28T09:00Z,9,301,21.6,54.0,404.0,727.2,200.0,0.85
2025-10-28T10:00Z,10,301,23.2,47.0,464.0,835.2,600.0,0.85
2025-10-28T11:00Z,11,301,24.5,41.0,568.0,1022.4,1250.0,0.85
2025-10-28T12:00Z,12,301,24.3,42.0,571.0,1027.8,1150.0,0.85
2025-10-28T13:00Z,13,301,24.5,40.0,533.0,959.4,1250.0,0.85
2025-10-28T14:00Z,14,301,24.2,40.0,404.0,727.2,1100.0,0.85
2025-10-28T15:00Z,15,301,23.4,43.0,268.0,482.4,700.0,0.85
2025-10-28T16:00Z,16,301,22.2,48.0,109.0,196.2,100.0,0.85
2025-10-28T17:00Z,17,301,20.9,54.0,6.0,10.8,550.0,0.85
2025-10-28T18:00Z,18,301,20.1,60.0,0.0,0.0,950.0,0.15
2025-10-28T19:00Z,19,301,19.1,67.0,0.0,0.0,1450.0,0.15
2025-10-28T20:00Z,20,301,18.4,71.0,0.0,0.0,1800.0,0.15
2025-10-28T21:00Z,21,301,18.0,74.0,0.0,0.0,2000.0,0.15
2025-10-28T22:00Z,22,301,17.0,79.0,0.0,0.0,2500.0,0.15
2025-10-28T23:00Z,23,301,16.3,82.0,0.0,0.0,2850.0,0.15
2025-10-29T00:00Z,0,302,15.9,78.0,0.0,0.0,3050.0,0.15
2025-10-29T01:00Z,1,302,14.6,86.0,0.0,0.0,3700.0,0.15
2025-10-29T02:00Z,2,302,14.2,87.0,0.0,0.0,3900.0,0.15
2025-10-29T03:00Z,3,302,13.7,89.0,0.0,0.0,4150.0,0.15
2025-10-29T04:00Z,4,302,13.4,91.0,0.0,0.0,4300.0,0.15
2025-10-29T05:00Z,5,302,13.4,90.0,0.0,0.0,4300.0,0.15
2025-10-29T06:00Z,6,302,13.9,88.0,3.0,5.4,4050.0,0.15
2025-10-29T07:00Z,7,302,15.4,76.0,96.0,172.8,3300.0,0.15
2025-10-29T08:00Z,8,302,18.6,63.0,268.0,482.4,1700.0,0.85
2025-10-29T09:00Z,9,302,22.2,49.0,430.0,774.0,100.0,0.85
2025-10-29T10:00Z,10,302,24.0,43.0,551.0,991.8,1000.0,0.85
2025-10-29T11:00Z,11,302,24.9,39.0,617.0,1110.6,1450.0,0.85
2025-10-29T12:00Z,12,302,25.6,36.0,621.0,1117.8,1800.0,0.85
2025-10-29T13:00Z,13,302,26.0,37.0,563.0,1013.4,2000.0,0.85
2025-10-29T14:00Z,14,302,26.0,39.0,446.0,802.8,2000.0,0.85
2025-10-29T15:00Z,15,302,25.3,40.0,220.0,396.0,1650.0,0.85
2025-10-29T16:00Z,16,302,24.3,43.0,82.0,147.6,1150.0,0.85
2025-10-29T17:00Z,17,302,23.0,49.0,4.0,7.2,500.0,0.85
2025-10-29T18:00Z,18,302,21.9,58.0,0.0,0.0,50.0,0.15
2025-10-29T19:00Z,19,302,21.2,62.0,0.0,0.0,400.0,0.15
2025-10-29T20:00Z,20,302,21.0,63.0,0.0,0.0,500.0,0.15
2025-10-29T21:00Z,21,302,20.6,68.0,0.0,0.0,700.0,0.15
2025-10-29T22:00Z,22,302,20.4,69.0,0.0,0.0,800.0,0.15
2025-10-29T23:00Z,23,302,20.0,74.0,0.0,0.0,1000.0,0.15
2025-10-30T00:00Z,0,303,19.5,76.0,0.0,0.0,1250.0,0.15
2025-10-30T01:00Z,1,303,19.2,78.0,0.0,0.0,1400.0,0.15
2025-10-30T02:00Z,2,303,19.0,81.0,0.0,0.0,1500.0,0.15
2025-10-30T03:00Z,3,303,18.9,83.0,0.0,0.0,1550.0,0.15
2025-10-30T04:00Z,4,303,18.8,85.0,0.0,0.0,1600.0,0.15
2025-10-30T05:00Z,5,303,18.5,86.0,0.0,0.0,1750.0,0.15
2025-10-30T06:00Z,6,303,18.5,85.0,2.0,3.6,1750.0,0.15
2025-10-30T07:00Z,7,303,19.6,78.0,62.0,111.6,1200.0,0.15
2025-10-30T08:00Z,8,303,20.1,75.0,69.0,124.2,950.0,0.85
2025-10-30T09:00Z,9,303,23.2,52.0,342.0,615.6,600.0,0.85
2025-10-30T10:00Z,10,303,23.2,49.0,209.0,376.2,600.0,0.85
2025-10-30T11:00Z,11,303,24.5,49.0,431.0,775.8,1250.0,0.85
2025-10-30T12:00Z,12,303,25.6,46.0,428.0,770.4,1800.0,0.85
2025-10-30T13:00Z,13,303,26.5,43.0,498.0,896.4,2250.0,0.85
2025-10-30T14:00Z,14,303,26.6,42.0,352.0,633.6,2300.0,0.85
2025-10-30T15:00Z,15,303,26.1,43.0,212.0,381.6,2050.0,0.85
2025-10-30T16:00Z,16,303,25.0,49.0,97.0,174.6,1500.0,0.85
2025-10-30T17:00Z,17,303,23.5,58.0,4.0,7.2,750.0,0.85
2025-10-30T18:00Z,18,303,22.5,70.0,0.0,0.0,250.0,0.15
2025-10-30T19:00Z,19,303,21.5,80.0,0.0,0.0,250.0,0.15
2025-10-30T20:00Z,20,303,21.0,83.0,0.0,0.0,500.0,0.15
2025-10-30T21:00Z,21,303,20.8,78.0,0.0,0.0,600.0,0.15
2025-10-30T22:00Z,22,303,20.2,77.0,0.0,0.0,900.0,0.15
2025-10-30T23:00Z,23,303,19.5,77.0,0.0,0.0,1250.0,0.15
2025-10-31T00:00Z,0,304,19.5,71.0,0.0,0.0,1250.0,0.15
2025-10-31T01:00Z,1,304,19.0,72.0,0.0,0.0,1500.0,0.15
2025-10-31T02:00Z,2,304,18.3,75.0,0.0,0.0,1850.0,0.15
2025-10-31T03:00Z,3,304,18.5,74.0,0.0,0.0,1750.0,0.15
2025-10-31T04:00Z,4,304,18.8,77.0,0.0,0.0,1600.0,0.15
2025-10-31T05:00Z,5,304,18.5,79.0,0.0,0.0,1750.0,0.15
2025-10-31T06:00Z,6,304,19.1,82.0,2.0,3.6,1450.0,0.15
2025-10-31T07:00Z,7,304,19.6,79.0,54.0,97.2,1200.0,0.15
2025-10-31T08:00Z,8,304,21.0,69.0,225.0,405.0,500.0,0.85
2025-10-31T09:00Z,9,304,22.4,62.0,377.0,678.6,200.0,0.85
2025-10-31T10:00Z,10,304,23.8,56.0,498.0,896.4,900.0,0.85
2025-10-31T11:00Z,11,304,24.5,50.0,565.0,1017.0,1250.0,0.85
2025-10-31T12:00Z,12,304,25.1,42.0,569.0,1024.2,1550.0,0.85
2025-10-31T13:00Z,13,304,25.0,44.0,525.0,945.0,1500.0,0.85
2025-10-31T14:00Z,14,304,24.2,47.0,402.0,723.6,1100.0,0.85
2025-10-31T15:00Z,15,304,23.2,50.0,259.0,466.2,600.0,0.85
2025-10-31T16:00Z,16,304,22.1,56.0,100.0,180.0,50.0,0.85
2025-10-31T17:00Z,17,304,21.0,63.0,4.0,7.2,500.0,0.85
2025-10-31T18:00Z,18,304,20.5,66.0,0.0,0.0,750.0,0.15
2025-10-31T19:00Z,19,304,20.0,68.0,0.0,0.0,1000.0,0.15
2025-10-31T20:00Z,20,304,19.5,71.0,0.0,0.0,1250.0,0.15
2025-10-31T21:00Z,21,304,19.0,74.0,0.0,0.0,1500.0,0.15
2025-10-31T22:00Z,22,304,18.5,78.0,0.0,0.0,1750.0,0.15
2025-10-31T23:00Z,23,304,18.1,80.0,0.0,0.0,1950.0,0.15
2025-11-01T00:00Z,0,305,17.9,81.0,0.0,0.0,2050.0,0.15
2025-11-01T01:00Z,1,305,17.5,84.0,0.0,0.0,2250.0,0.15
2025-11-01T02:00Z,2,305,17.1,86.0,0.0,0.0,2450.0,0.15
2025-11-01T03:00Z,3,305,16.5,89.0,0.0,0.0,2750.0,0.15
2025-11-01T04:00Z,4,305,15.9,91.0,0.0,0.0,3050.0,0.15
2025-11-01T05:00Z,5,305,15.4,93.0,0.0,0.0,3300.0,0.15
2025-11-01T06:00Z,6,305,15.2,93.0,2.0,3.6,3400.0,0.15
2025-11-01T07:00Z,7,305,16.1,87.0,84.0,151.2,2950.0,0.15
2025-11-01T08:00Z,8,305,18.6,75.0,248.0,446.4,1700.0,0.15
2025-11-01T09:00Z,9,305,21.4,65.0,407.0,732.6,300.0,0.15
2025-11-01T10:00Z,10,305,23.0,57.0,529.0,952.2,500.0,0.15
2025-11-01T11:00Z,11,305,24.4,50.0,592.0,1065.6,1200.0,0.15
2025-11-01T12:00Z,12,305,25.0,45.0,595.0,1071.0,1500.0,0.15
2025-11-01T13:00Z,13,305,25.5,44.0,541.0,973.8,1750.0,0.15
2025-11-01T14:00Z,14,305,24.9,48.0,423.0,761.4,1450.0,0.15
2025-11-01T15:00Z,15,305,23.4,58.0,267.0,480.6,700.0,0.15
2025-11-01T16:00Z,16,305,21.6,68.0,99.0,178.2,200.0,0.15
2025-11-01T17:00Z,17,305,20.8,73.0,4.0,7.2,600.0,0.15
2025-11-01T18:00Z,18,305,20.8,75.0,0.0,0.0,600.0,0.15
2025-11-01T19:00Z,19,305,20.2,79.0,0.0,0.0,900.0,0.15
2025-11-01T20:00Z,20,305,19.7,83.0,0.0,0.0,1150.0,0.15
2025-11-01T21:00Z,21,305,19.0,88.0,0.0,0.0,1500.0,0.15
2025-11-01T22:00Z,22,305,18.0,93.0,0.0,0.0,2000.0,0.15
2025-11-01T23:00Z,23,305,16.9,97.0,0.0,0.0,2550.0,0.15
2025-11-02T00:00Z,0,306,16.4,97.0,0.0,0.0,2800.0,0.15
2025-11-02T01:00Z,1,306,15.3,99.0,0.0,0.0,3350.0,0.15
2025-11-02T02:00Z,2,306,14.9,98.0,0.0,0.0,3550.0,0.15
2025-11-02T03:00Z,3,306,14.4,99.0,0.0,0.0,3800.0,0.15
2025-11-02T04:00Z,4,306,13.9,99.0,0.0,0.0,4050.0,0.15
2025-11-02T05:00Z,5,306,13.4,99.0,0.0,0.0,4300.0,0.15
2025-11-02T06:00Z,6,306,13.4,100.0,1.0,1.8,4300.0,0.15
2025-11-02T07:00Z,7,306,14.6,92.0,77.0,138.6,3700.0,0.15
2025-11-02T08:00Z,8,306,16.9,78.0,233.0,419.4,2550.0,0.15
2025-11-02T09:00Z,9,306,19.4,65.0,362.0,651.6,1300.0,0.15
2025-11-02T10:00Z,10,306,22.1,53.0,534.0,961.2,50.0,0.15
2025-11-02T11:00Z,11,306,24.4,42.0,604.0,1087.2,1200.0,0.15
2025-11-02T12:00Z,12,306,25.5,37.0,609.0,1096.2,1750.0,0.15
2025-11-02T13:00Z,13,306,26.6,32.0,550.0,990.0,2300.0,0.15
2025-11-02T14:00Z,14,306,26.7,32.0,428.0,770.4,2350.0,0.15
2025-11-02T15:00Z,15,306,26.0,36.0,268.0,482.4,2000.0,0.15
2025-11-02T16:00Z,16,306,23.7,52.0,83.0,149.4,850.0,0.15
2025-11-02T17:00Z,17,306,21.9,65.0,3.0,5.4,50.0,0.15
2025-11-02T18:00Z,18,306,21.6,72.0,0.0,0.0,200.0,0.15
2025-11-02T19:00Z,19,306,21.5,73.0,0.0,0.0,250.0,0.15
2025-11-02T20:00Z,20,306,21.0,81.0,0.0,0.0,500.0,0.15
2025-11-02T21:00Z,21,306,20.5,84.0,0.0,0.0,750.0,0.15
2025-11-02T22:00Z,22,306,20.1,86.0,0.0,0.0,950.0,0.15
2025-11-02T23:00Z,23,306,19.6,88.0,0.0,0.0,1200.0,0.15
2025-11-03T00:00Z,0,307,19.1,89.0,0.0,0.0,1450.0,0.15
2025-11-03T01:00Z,1,307,18.9,90.0,0.0,0.0,1550.0,0.15
2025-11-03T02:00Z,2,307,18.8,89.0,0.0,0.0,1600.0,0.15
2025-11-03T03:00Z,3,307,18.8,88.0,0.0,0.0,1600.0,0.15
2025-11-03T04:00Z,4,307,18.7,86.0,0.0,0.0,1650.0,0.15
2025-11-03T05:00Z,5,307,18.2,87.0,0.0,0.0,1900.0,0.15
2025-11-03T06:00Z,6,307,18.2,87.0,1.0,1.8,1900.0,0.15
2025-11-03T07:00Z,7,307,19.5,79.0,70.0,126.0,1250.0,0.15
2025-11-03T08:00Z,8,307,20.9,71.0,218.0,392.4,550.0,0.85
2025-11-03T09:00Z,9,307,22.3,62.0,381.0,685.8,150.0,0.85
2025-11-03T10:00Z,10,307,23.5,48.0,492.0,885.6,750.0,0.85
2025-11-03T11:00Z,11,307,24.4,41.0,550.0,990.0,1200.0,0.85
2025-11-03T12:00Z,12,307,24.1,42.0,569.0,1024.2,1050.0,0.85
2025-11-03T13:00Z,13,307,23.9,41.0,518.0,932.4,950.0,0.85
2025-11-03T14:00Z,14,307,23.0,43.0,392.0,705.6,500.0,0.85
2025-11-03T15:00Z,15,307,22.0,47.0,243.0,437.4,0.0,0.85
2025-11-03T16:00Z,16,307,20.9,53.0,92.0,165.6,550.0,0.85
2025-11-03T17:00Z,17,307,19.8,62.0,3.0,5.4,1100.0,0.85
2025-11-03T18:00Z,18,307,19.3,65.0,0.0,0.0,1350.0,0.15
2025-11-03T19:00Z,19,307,18.7,67.0,0.0,0.0,1650.0,0.15
2025-11-03T20:00Z,20,307,18.2,70.0,0.0,0.0,1900.0,0.15
2025-11-03T21:00Z,21,307,17.6,73.0,0.0,0.0,2200.0,0.15
2025-11-03T22:00Z,22,307,17.1,76.0,0.0,0.0,2450.0,0.15
2025-11-03T23:00Z,23,307,16.7,77.0,0.0,0.0,2650.0,0.15
2025-11-04T00:00Z,0,308,16.5,74.0,0.0,0.0,2750.0,0.15
2025-11-04T01:00Z,1,308,15.9,78.0,0.0,0.0,3050.0,0.15
2025-11-04T02:00Z,2,308,15.6,79.0,0.0,0.0,3200.0,0.15
2025-11-04T03:00Z,3,308,15.2,81.0,0.0,0.0,3400.0,0.15
2025-11-04T04:00Z,4,308,14.9,82.0,0.0,0.0,3550.0,0.15
2025-11-04T05:00Z,5,308,14.6,84.0,0.0,0.0,3700.0,0.15
2025-11-04T06:00Z,6,308,14.6,84.0,1.0,1.8,3700.0,0.15
2025-11-04T07:00Z,7,308,15.7,78.0,75.0,135.0,3150.0,0.15
2025-11-04T08:00Z,8,308,18.2,66.0,243.0,437.4,1900.0,0.85
2025-11-04T09:00Z,9,308,20.6,54.0,403.0,725.4,700.0,0.85
2025-11-04T10:00Z,10,308,22.0,46.0,477.0,858.6,0.0,0.85
2025-11-04T11:00Z,11,308,22.9,41.0,557.0,1002.6,450.0,0.85
2025-11-04T12:00Z,12,308,23.5,40.0,541.0,973.8,750.0,0.85
2025-11-04T13:00Z,13,308,23.8,38.0,489.0,880.2,900.0,0.85
2025-11-04T14:00Z,14,308,23.3,38.0,352.0,633.6,650.0,0.85
2025-11-04T15:00Z,15,308,22.4,40.0,216.0,388.8,200.0,0.85
2025-11-04T16:00Z,16,308,21.0,46.0,88.0,158.4,500.0,0.85
2025-11-04T17:00Z,17,308,19.5,60.0,2.0,3.6,1250.0,0.85
2025-11-04T18:00Z,18,308,18.7,66.0,0.0,0.0,1650.0,0.15
2025-11-04T19:00Z,19,308,18.0,70.0,0.0,0.0,2000.0,0.15
2025-11-04T20:00Z,20,308,17.2,74.0,0.0,0.0,2400.0,0.15
2025-11-04T21:00Z,21,308,16.5,77.0,0.0,0.0,2750.0,0.15
2025-11-04T22:00Z,22,308,15.7,81.0,0.0,0.0,3150.0,0.15
2025-11-04T23:00Z,23,308,15.2,83.0,0.0,0.0,3400.0,0.15
2025-11-05T00:00Z,0,309,14.8,84.0,0.0,0.0,3600.0,0.15
2025-11-05T01:00Z,1,309,13.8,88.0,0.0,0.0,4100.0,0.15
2025-11-05T02:00Z,2,309,13.1,90.0,0.0,0.0,4450.0,0.15
2025-11-05T03:00Z,3,309,12.7,91.0,0.0,0.0,4650.0,0.15
2025-11-05T04:00Z,4,309,12.2,92.0,0.0,0.0,4900.0,0.15
2025-11-05T05:00Z,5,309,11.8,92.0,0.0,0.0,5100.0,0.15
2025-11-05T06:00Z,6,309,11.6,92.0,1.0,1.8,5200.0,0.15
2025-11-05T07:00Z,7,309,12.5,86.0,77.0,138.6,4750.0,0.15
2025-11-05T08:00Z,8,309,15.6,71.0,242.0,435.6,3200.0,0.85
2025-11-05T09:00Z,9,309,18.8,58.0,403.0,725.4,1600.0,0.85
2025-11-05T10:00Z,10,309,20.8,52.0,524.0,943.2,600.0,0.85
2025-11-05T11:00Z,11,309,21.9,48.0,590.0,1062.0,50.0,0.85
2025-11-05T12:00Z,12,309,22.3,47.0,594.0,1069.2,150.0,0.85
2025-11-05T13:00Z,13,309,22.5,46.0,540.0,972.0,250.0,0.85
2025-11-05T14:00Z,14,309,22.3,46.0,421.0,757.8,150.0,0.85
2025-11-05T15:00Z,15,309,21.4,50.0,260.0,468.0,300.0,0.85
2025-11-05T16:00Z,16,309,20.1,59.0,91.0,163.8,950.0,0.85
2025-11-05T17:00Z,17,309,19.2,64.0,2.0,3.6,1400.0,0.85
2025-11-05T18:00Z,18,309,19.1,63.0,0.0,0.0,1450.0,0.15
2025-11-05T19:00Z,19,309,18.4,68.0,0.0,0.0,1800.0,0.15
2025-11-05T20:00Z,20,309,17.5,72.0,0.0,0.0,2250.0,0.15
2025-11-05T21:00Z,21,309,17.0,74.0,0.0,0.0,2500.0,0.15
2025-11-05T22:00Z,22,309,16.4,76.0,0.0,0.0,2800.0,0.15
2025-11-05T23:00Z,23,309,15.6,80.0,0.0,0.0,3200.0,0.15
2025-11-06T00:00Z,0,310,15.1,82.0,0.0,0.0,3450.0,0.15
2025-11-06T01:00Z,1,310,14.3,88.0,0.0,0.0,3850.0,0.15
2025-11-06T02:00Z,2,310,14.0,90.0,0.0,0.0,4000.0,0.15
2025-11-06T03:00Z,3,310,13.6,92.0,0.0,0.0,4200.0,0.15
2025-11-06T04:00Z,4,310,13.5,93.0,0.0,0.0,4250.0,0.15
2025-11-06T05:00Z,5,310,13.4,93.0,0.0,0.0,4300.0,0.15
2025-11-06T06:00Z,6,310,13.7,94.0,1.0,1.8,4150.0,0.15
2025-11-06T07:00Z,7,310,15.6,86.0,73.0,131.4,3200.0,0.15
2025-11-06T08:00Z,8,310,18.0,72.0,234.0,421.2,2000.0,0.85
2025-11-06T09:00Z,9,310,20.5,63.0,394.0,709.2,750.0,0.85
2025-11-06T10:00Z,10,310,22.6,57.0,510.0,918.0,300.0,0.85
2025-11-06T11:00Z,11,310,24.1,51.0,547.0,984.6,1050.0,0.85
2025-11-06T12:00Z,12,310,24.8,47.0,505.0,909.0,1400.0,0.85
2025-11-06T13:00Z,13,310,25.5,44.0,456.0,820.8,1750.0,0.85
2025-11-06T14:00Z,14,310,25.6,44.0,377.0,678.6,1800.0,0.85
2025-11-06T15:00Z,15,310,24.9,47.0,246.0,442.8,1450.0,0.85
2025-11-06T16:00Z,16,310,23.4,54.0,86.0,154.8,700.0,0.85
2025-11-06T17:00Z,17,310,21.7,62.0,2.0,3.6,150.0,0.85
2025-11-06T18:00Z,18,310,20.8,71.0,0.0,0.0,600.0,0.15
2025-11-06T19:00Z,19,310,20.0,74.0,0.0,0.0,1000.0,0.15
2025-11-06T20:00Z,20,310,19.7,71.0,0.0,0.0,1150.0,0.15
2025-11-06T21:00Z,21,310,19.6,70.0,0.0,0.0,1200.0,0.15
2025-11-06T22:00Z,22,310,19.1,79.0,0.0,0.0,1450.0,0.15
2025-11-06T23:00Z,23,310,19.0,84.0,0.0,0.0,1500.0,0.15
2025-11-07T00:00Z,0,311,19.0,84.0,0.0,0.0,1500.0,0.15
2025-11-07T01:00Z,1,311,18.9,79.0,0.0,0.0,1550.0,0.15
2025-11-07T02:00Z,2,311,18.4,78.0,0.0,0.0,1800.0,0.15
2025-11-07T03:00Z,3,311,17.8,80.0,0.0,0.0,2100.0,0.15
2025-11-07T04:00Z,4,311,17.3,83.0,0.0,0.0,2350.0,0.15
2025-11-07T05:00Z,5,311,17.0,84.0,0.0,0.0,2500.0,0.15
2025-11-07T06:00Z,6,311,17.4,80.0,0.0,0.0,2300.0,0.15
2025-11-07T07:00Z,7,311,17.6,75.0,43.0,77.4,2200.0,0.15
2025-11-07T08:00Z,8,311,18.9,67.0,195.0,351.0,1550.0,0.85
2025-11-07T09:00Z,9,311,20.0,60.0,324.0,583.2,1000.0,0.85
2025-11-07T10:00Z,10,311,21.0,55.0,394.0,709.2,500.0,0.85
2025-11-07T11:00Z,11,311,22.1,46.0,528.0,950.4,50.0,0.85
2025-11-07T12:00Z,12,311,22.2,47.0,528.0,950.4,100.0,0.85
2025-11-07T13:00Z,13,311,22.0,46.0,458.0,824.4,0.0,0.85
2025-11-07T14:00Z,14,311,21.4,49.0,364.0,655.2,300.0,0.85
2025-11-07T15:00Z,15,311,20.0,58.0,215.0,387.0,1000.0,0.85
2025-11-07T16:00Z,16,311,19.0,63.0,75.0,135.0,1500.0,0.85
2025-11-07T17:00Z,17,311,18.1,68.0,1.0,1.8,1950.0,0.85
2025-11-07T18:00Z,18,311,17.9,71.0,0.0,0.0,2050.0,0.15
2025-11-07T19:00Z,19,311,17.0,74.0,0.0,0.0,2500.0,0.15
2025-11-07T20:00Z,20,311,16.5,77.0,0.0,0.0,2750.0,0.15
2025-11-07T21:00Z,21,311,16.0,79.0,0.0,0.0,3000.0,0.15
2025-11-07T22:00Z,22,311,15.4,82.0,0.0,0.0,3300.0,0.15
2025-11-07T23:00Z,23,311,14.9,84.0,0.0,0.0,3550.0,0.15
2025-11-08T00:00Z,0,312,15.1,78.0,0.0,0.0,3450.0,0.15
2025-11-08T01:00Z,1,312,14.6,81.0,0.0,0.0,3700.0,0.15
2025-11-08T02:00Z,2,312,14.2,83.0,0.0,0.0,3900.0,0.15
2025-11-08T03:00Z,3,312,14.0,82.0,0.0,0.0,4000.0,0.15
2025-11-08T04:00Z,4,312,13.6,82.0,0.0,0.0,4200.0,0.15
2025-11-08T05:00Z,5,312,13.4,81.0,0.0,0.0,4300.0,0.15
2025-11-08T06:00Z,6,312,13.8,79.0,0.0,0.0,4100.0,0.15
2025-11-08T07:00Z,7,312,14.7,74.0,61.0,109.8,3650.0,0.15
2025-11-08T08:00Z,8,312,16.4,69.0,202.0,363.6,2800.0,0.15
2025-11-08T09:00Z,9,312,18.4,60.0,306.0,550.8,1800.0,0.15
2025-11-08T10:00Z,10,312,20.0,50.0,382.0,687.6,1000.0,0.15
2025-11-08T11:00Z,11,312,21.2,43.0,436.0,784.8,400.0,0.15
2025-11-08T12:00Z,12,312,21.5,43.0,375.0,675.0,250.0,0.15
2025-11-08T13:00Z,13,312,22.6,37.0,463.0,833.4,300.0,0.15
2025-11-08T14:00Z,14,312,23.1,36.0,384.0,691.2,550.0,0.15
2025-11-08T15:00Z,15,312,22.2,43.0,231.0,415.8,100.0,0.15
2025-11-08T16:00Z,16,312,20.0,61.0,55.0,99.0,1000.0,0.15
2025-11-08T17:00Z,17,312,18.9,70.0,1.0,1.8,1550.0,0.15
2025-11-08T18:00Z,18,312,18.5,73.0,0.0,0.0,1750.0,0.15
2025-11-08T19:00Z,19,312,17.9,79.0,0.0,0.0,2050.0,0.15
2025-11-08T20:00Z,20,312,18.2,77.0,0.0,0.0,1900.0,0.15
2025-11-08T21:00Z,21,312,18.2,74.0,0.0,0.0,1900.0,0.15
2025-11-08T22:00Z,22,312,15.7,84.0,0.0,0.0,3150.0,0.15
2025-11-08T23:00Z,23,312,15.4,81.0,0.0,0.0,3300.0,0.15
2025-11-09T00:00Z,0,313,15.1,81.0,0.0,0.0,3450.0,0.15
2025-11-09T01:00Z,1,313,14.4,85.0,0.0,0.0,3800.0,0.15
2025-11-09T02:00Z,2,313,13.5,87.0,0.0,0.0,4250.0,0.15
2025-11-09T03:00Z,3,313,12.8,89.0,0.0,0.0,4600.0,0.15
2025-11-09T04:00Z,4,313,12.8,91.0,0.0,0.0,4600.0,0.15
2025-11-09T05:00Z,5,313,13.2,84.0,0.0,0.0,4400.0,0.15
2025-11-09T06:00Z,6,313,13.9,76.0,0.0,0.0,4050.0,0.15
2025-11-09T07:00Z,7,313,14.9,67.0,46.0,82.8,3550.0,0.15
2025-11-09T08:00Z,8,313,16.4,66.0,181.0,325.8,2800.0,0.15
2025-11-09T09:00Z,9,313,17.7,65.0,364.0,655.2,2150.0,0.15
2025-11-09T10:00Z,10,313,18.0,67.0,313.0,563.4,2000.0,0.15
2025-11-09T11:00Z,11,313,19.4,61.0,345.0,621.0,1300.0,0.15
2025-11-09T12:00Z,12,313,19.5,61.0,468.0,842.4,1250.0,0.15
2025-11-09T13:00Z,13,313,20.0,58.0,405.0,729.0,1000.0,0.15
2025-11-09T14:00Z,14,313,19.2,60.0,324.0,583.2,1400.0,0.15
2025-11-09T15:00Z,15,313,18.5,66.0,204.0,367.2,1750.0,0.15
2025-11-09T16:00Z,16,313,17.2,73.0,50.0,90.0,2400.0,0.15
2025-11-09T17:00Z,17,313,16.5,77.0,1.0,1.8,2750.0,0.15
2025-11-09T18:00Z,18,313,16.0,86.0,0.0,0.0,3000.0,0.15
2025-11-09T19:00Z,19,313,16.1,86.0,0.0,0.0,2950.0,0.15
2025-11-09T20:00Z,20,313,15.6,88.0,0.0,0.0,3200.0,0.15
2025-11-09T21:00Z,21,313,15.8,84.0,0.0,0.0,3100.0,0.15
2025-11-09T22:00Z,22,313,15.5,84.0,0.0,0.0,3250.0,0.15
2025-11-09T23:00Z,23,313,15.4,86.0,0.0,0.0,3300.0,0.15
2025-11-10T00:00Z,0,314,15.8,86.0,0.0,0.0,3100.0,0.15
2025-11-10T01:00Z,1,314,15.6,87.0,0.0,0.0,3200.0,0.15
2025-11-10T02:00Z,2,314,15.4,87.0,0.0,0.0,3300.0,0.15
2025-11-10T03:00Z,3,314,15.1,87.0,0.0,0.0,3450.0,0.15
2025-11-10T04:00Z,4,314,15.0,88.0,0.0,0.0,3500.0,0.15
2025-11-10T05:00Z,5,314,14.8,89.0,0.0,0.0,3600.0,0.15
2025-11-10T06:00Z,6,314,15.1,89.0,0.0,0.0,3450.0,0.15
2025-11-10T07:00Z,7,314,16.0,83.0,59.0,106.2,3000.0,0.15
2025-11-10T08:00Z,8,314,17.5,77.0,216.0,388.8,2250.0,0.85
2025-11-10T09:00Z,9,314,19.4,64.0,377.0,678.6,1300.0,0.85
2025-11-10T10:00Z,10,314,20.5,54.0,440.0,792.0,750.0,0.85
2025-11-10T11:00Z,11,314,21.2,50.0,501.0,901.8,400.0,0.85
2025-11-10T12:00Z,12,314,21.1,50.0,405.0,729.0,450.0,0.85
2025-11-10T13:00Z,13,314,21.3,49.0,383.0,689.4,350.0,0.85
2025-11-10T14:00Z,14,314,20.7,51.0,200.0,360.0,650.0,0.85
2025-11-10T15:00Z,15,314,20.2,55.0,139.0,250.2,900.0,0.85
2025-11-10T16:00Z,16,314,19.1,63.0,58.0,104.4,1450.0,0.85
2025-11-10T17:00Z,17,314,17.8,70.0,1.0,1.8,2100.0,0.85
2025-11-10T18:00Z,18,314,17.4,72.0,0.0,0.0,2300.0,0.15
2025-11-10T19:00Z,19,314,15.9,81.0,0.0,0.0,3050.0,0.15
2025-11-10T20:00Z,20,314,15.3,82.0,0.0,0.0,3350.0,0.15
2025-11-10T21:00Z,21,314,14.6,86.0,0.0,0.0,3700.0,0.15
2025-11-10T22:00Z,22,314,14.0,89.0,0.0,0.0,4000.0,0.15
2025-11-10T23:00Z,23,314,13.6,92.0,0.0,0.0,4200.0,0.15
2025-11-11T00:00Z,0,315,13.4,88.0,0.0,0.0,4300.0,0.15
2025-11-11T01:00Z,1,315,12.4,91.0,0.0,0.0,4800.0,0.15
2025-11-11T02:00Z,2,315,11.9,92.0,0.0,0.0,5050.0,0.15
2025-11-11T03:00Z,3,315,11.6,94.0,0.0,0.0,5200.0,0.15
2025-11-11T04:00Z,4,315,11.1,95.0,0.0,0.0,5450.0,0.15
2025-11-11T05:00Z,5,315,10.8,95.0,0.0,0.0,5600.0,0.15
2025-11-11T06:00Z,6,315,10.7,96.0,0.0,0.0,5650.0,0.15
2025-11-11T07:00Z,7,315,11.6,93.0,61.0,109.8,5200.0,0.15
2025-11-11T08:00Z,8,315,13.6,85.0,199.0,358.2,4200.0,0.85
2025-11-11T09:00Z,9,315,16.2,75.0,353.0,635.4,2900.0,0.85
2025-11-11T10:00Z,10,315,18.7,64.0,460.0,828.0,1650.0,0.85
2025-11-11T11:00Z,11,315,20.2,57.0,523.0,941.4,900.0,0.85
2025-11-11T12:00Z,12,315,21.1,49.0,562.0,1011.6,450.0,0.85
2025-11-11T13:00Z,13,315,21.9,45.0,513.0,923.4,50.0,0.85
2025-11-11T14:00Z,14,315,21.8,43.0,401.0,721.8,100.0,0.85
2025-11-11T15:00Z,15,315,21.2,45.0,244.0,439.2,400.0,0.85
2025-11-11T16:00Z,16,315,19.2,59.0,77.0,138.6,1400.0,0.85
2025-11-11T17:00Z,17,315,18.0,69.0,1.0,1.8,2000.0,0.85
2025-11-11T18:00Z,18,315,17.4,75.0,0.0,0.0,2300.0,0.15
2025-11-11T19:00Z,19,315,16.5,82.0,0.0,0.0,2750.0,0.15
2025-11-11T20:00Z,20,315,15.6,87.0,0.0,0.0,3200.0,0.15
2025-11-11T21:00Z,21,315,14.6,90.0,0.0,0.0,3700.0,0.15
2025-11-11T22:00Z,22,315,13.9,92.0,0.0,0.0,4050.0,0.15
2025-11-11T23:00Z,23,315,13.4,92.0,0.0,0.0,4300.0,0.15
2025-11-12T00:00Z,0,316,13.1,91.0,0.0,0.0,4450.0,0.15
2025-11-12T01:00Z,1,316,12.0,92.0,0.0,0.0,5000.0,0.15
2025-11-12T02:00Z,2,316,11.6,93.0,0.0,0.0,5200.0,0.15
2025-11-12T03:00Z,3,316,11.4,94.0,0.0,0.0,5300.0,0.15
2025-11-12T04:00Z,4,316,11.4,93.0,0.0,0.0,5300.0,0.15
2025-11-12T05:00Z,5,316,11.4,93.0,0.0,0.0,5300.0,0.15
2025-11-12T06:00Z,6,316,10.9,93.0,0.0,0.0,5550.0,0.15
2025-11-12T07:00Z,7,316,11.8,92.0,60.0,108.0,5100.0,0.15
2025-11-12T08:00Z,8,316,14.7,80.0,219.0,394.2,3650.0,0.85
2025-11-12T09:00Z,9,316,17.9,71.0,376.0,676.8,2050.0,0.85
2025-11-12T10:00Z,10,316,20.5,62.0,495.0,891.0,750.0,0.85
2025-11-12T11:00Z,11,316,22.1,50.0,559.0,1006.2,50.0,0.85
2025-11-12T12:00Z,12,316,23.2,45.0,563.0,1013.4,600.0,0.85
2025-11-12T13:00Z,13,316,23.5,43.0,504.0,907.2,750.0,0.85
2025-11-12T14:00Z,14,316,23.0,46.0,392.0,705.6,500.0,0.85
2025-11-12T15:00Z,15,316,21.9,55.0,238.0,428.4,50.0,0.85
2025-11-12T16:00Z,16,316,19.9,67.0,75.0,135.0,1050.0,0.85
2025-11-12T17:00Z,17,316,18.5,75.0,1.0,1.8,1750.0,0.85
2025-11-12T18:00Z,18,316,17.6,81.0,0.0,0.0,2200.0,0.15
2025-11-12T19:00Z,19,316,16.9,84.0,0.0,0.0,2550.0,0.15
2025-11-12T20:00Z,20,316,16.5,86.0,0.0,0.0,2750.0,0.15
2025-11-12T21:00Z,21,316,16.1,88.0,0.0,0.0,2950.0,0.15
2025-11-12T22:00Z,22,316,15.9,88.0,0.0,0.0,3050.0,0.15
2025-11-12T23:00Z,23,316,15.6,85.0,0.0,0.0,3200.0,0.15
2025-11-13T00:00Z,0,317,14.9,86.0,0.0,0.0,3550.0,0.15
2025-11-13T01:00Z,1,317,14.0,86.0,0.0,0.0,4000.0,0.15
2025-11-13T02:00Z,2,317,13.6,85.0,0.0,0.0,4200.0,0.15
2025-11-13T03:00Z,3,317,13.4,83.0,0.0,0.0,4300.0,0.15
2025-11-13T04:00Z,4,317,13.2,81.0,0.0,0.0,4400.0,0.15
2025-11-13T05:00Z,5,317,13.1,80.0,0.0,0.0,4450.0,0.15
2025-11-13T06:00Z,6,317,13.0,82.0,0.0,0.0,4500.0,0.15
2025-11-13T07:00Z,7,317,14.0,80.0,60.0,108.0,4000.0,0.15
2025-11-13T08:00Z,8,317,16.9,66.0,221.0,397.8,2550.0,0.85
2025-11-13T09:00Z,9,317,19.4,55.0,381.0,685.8,1300.0,0.85
2025-11-13T10:00Z,10,317,21.3,49.0,502.0,903.6,350.0,0.85
2025-11-13T11:00Z,11,317,22.9,38.0,567.0,1020.6,450.0,0.85
2025-11-13T12:00Z,12,317,23.9,35.0,570.0,1026.0,950.0,0.85
2025-11-13T13:00Z,13,317,24.3,34.0,511.0,919.8,1150.0,0.85
2025-11-13T14:00Z,14,317,24.2,37.0,396.0,712.8,1100.0,0.85
2025-11-13T15:00Z,15,317,23.5,41.0,238.0,428.4,750.0,0.85
2025-11-13T16:00Z,16,317,21.7,47.0,75.0,135.0,150.0,0.85
2025-11-13T17:00Z,17,317,19.8,70.0,0.0,0.0,1100.0,0.85
2025-11-13T18:00Z,18,317,19.2,76.0,0.0,0.0,1400.0,0.15
2025-11-13T19:00Z,19,317,19.1,59.0,0.0,0.0,1450.0,0.15
2025-11-13T20:00Z,20,317,19.0,48.0,0.0,0.0,1500.0,0.15
2025-11-13T21:00Z,21,317,18.4,51.0,0.0,0.0,1800.0,0.15
2025-11-13T22:00Z,22,317,17.5,54.0,0.0,0.0,2250.0,0.15
2025-11-13T23:00Z,23,317,16.6,58.0,0.0,0.0,2700.0,0.15
2025-11-14T00:00Z,0,318,15.4,64.0,0.0,0.0,3300.0,0.15
2025-11-14T01:00Z,1,318,15.4,57.0,0.0,0.0,3300.0,0.15
2025-11-14T02:00Z,2,318,15.4,55.0,0.0,0.0,3300.0,0.15
2025-11-14T03:00Z,3,318,15.4,56.0,0.0,0.0,3300.0,0.15
2025-11-14T04:00Z,4,318,15.2,58.0,0.0,0.0,3400.0,0.15
2025-11-14T05:00Z,5,318,15.0,58.0,0.0,0.0,3500.0,0.15
2025-11-14T06:00Z,6,318,14.5,58.0,0.0,0.0,3750.0,0.15
2025-11-14T07:00Z,7,318,14.9,56.0,57.0,102.6,3550.0,0.15
2025-11-14T08:00Z,8,318,17.1,51.0,218.0,392.4,2450.0,0.85
2025-11-14T09:00Z,9,318,19.7,46.0,377.0,678.6,1150.0,0.85
2025-11-14T10:00Z,10,318,22.0,41.0,498.0,896.4,0.0,0.85
2025-11-14T11:00Z,11,318,23.6,36.0,563.0,1013.4,800.0,0.85
2025-11-14T12:00Z,12,318,25.0,33.0,567.0,1020.6,1500.0,0.85
2025-11-14T13:00Z,13,318,25.5,30.0,508.0,914.4,1750.0,0.85
2025-11-14T14:00Z,14,318,25.9,27.0,393.0,707.4,1950.0,0.85
2025-11-14T15:00Z,15,318,24.8,29.0,239.0,430.2,1400.0,0.85
2025-11-14T16:00Z,16,318,22.7,31.0,74.0,133.2,350.0,0.85
2025-11-14T17:00Z,17,318,21.5,31.0,0.0,0.0,250.0,0.85
2025-11-14T18:00Z,18,318,20.9,31.0,0.0,0.0,550.0,0.15
2025-11-14T19:00Z,19,318,20.2,32.0,0.0,0.0,900.0,0.15
2025-11-14T20:00Z,20,318,19.9,33.0,0.0,0.0,1050.0,0.15
2025-11-14T21:00Z,21,318,19.1,35.0,0.0,0.0,1450.0,0.15
2025-11-14T22:00Z,22,318,18.3,37.0,0.0,0.0,1850.0,0.15
2025-11-14T23:00Z,23,318,17.4,39.0,0.0,0.0,2300.0,0.15
2025-11-15T00:00Z,0,319,16.9,43.0,0.0,0.0,2550.0,0.15
2025-11-15T01:00Z,1,319,16.7,43.0,0.0,0.0,2650.0,0.15
2025-11-15T02:00Z,2,319,15.6,47.0,0.0,0.0,3200.0,0.15
2025-11-15T03:00Z,3,319,14.7,49.0,0.0,0.0,3650.0,0.15
2025-11-15T04:00Z,4,319,14.5,49.0,0.0,0.0,3750.0,0.15
2025-11-15T05:00Z,5,319,14.9,45.0,0.0,0.0,3550.0,0.15
2025-11-15T06:00Z,6,319,14.8,44.0,0.0,0.0,3600.0,0.15
2025-11-15T07:00Z,7,319,15.2,43.0,53.0,95.4,3400.0,0.15
2025-11-15T08:00Z,8,319,17.1,42.0,208.0,374.4,2450.0,0.15
2025-11-15T09:00Z,9,319,19.8,38.0,364.0,655.2,1100.0,0.15
2025-11-15T10:00Z,10,319,22.6,33.0,481.0,865.8,300.0,0.15
2025-11-15T11:00Z,11,319,24.8,28.0,544.0,979.2,1400.0,0.15
2025-11-15T12:00Z,12,319,26.4,24.0,547.0,984.6,2200.0,0.15
2025-11-15T13:00Z,13,319,27.2,24.0,493.0,887.4,2600.0,0.15
2025-11-15T14:00Z,14,319,27.2,25.0,380.0,684.0,2600.0,0.15
2025-11-15T15:00Z,15,319,26.1,29.0,226.0,406.8,2050.0,0.15
2025-11-15T16:00Z,16,319,23.0,38.0,66.0,118.8,500.0,0.15
2025-11-15T17:00Z,17,319,21.5,40.0,0.0,0.0,250.0,0.15
2025-11-15T18:00Z,18,319,20.7,45.0,0.0,0.0,650.0,0.15
2025-11-15T19:00Z,19,319,19.2,58.0,0.0,0.0,1400.0,0.15
2025-11-15T20:00Z,20,319,18.3,66.0,0.0,0.0,1850.0,0.15
2025-11-15T21:00Z,21,319,17.1,73.0,0.0,0.0,2450.0,0.15
2025-11-15T22:00Z,22,319,16.5,73.0,0.0,0.0,2750.0,0.15
2025-11-15T23:00Z,23,319,16.0,71.0,0.0,0.0,3000.0,0.15
2025-11-16T00:00Z,0,320,15.1,75.0,0.0,0.0,3450.0,0.15
2025-11-16T01:00Z,1,320,14.3,75.0,0.0,0.0,3850.0,0.15
2025-11-16T02:00Z,2,320,13.6,77.0,0.0,0.0,4200.0,0.15
2025-11-16T03:00Z,3,320,13.8,71.0,0.0,0.0,4100.0,0.15
2025-11-16T04:00Z,4,320,14.2,61.0,0.0,0.0,3900.0,0.15
2025-11-16T05:00Z,5,320,13.8,62.0,0.0,0.0,4100.0,0.15
2025-11-16T06:00Z,6,320,13.2,65.0,0.0,0.0,4400.0,0.15
2025-11-16T07:00Z,7,320,14.5,56.0,51.0,91.8,3750.0,0.15
2025-11-16T08:00Z,8,320,17.5,48.0,204.0,367.2,2250.0,0.15
2025-11-16T09:00Z,9,320,20.9,44.0,362.0,651.6,550.0,0.15
2025-11-16T10:00Z,10,320,24.1,36.0,475.0,855.0,1050.0,0.15
2025-11-16T11:00Z,11,320,25.9,30.0,529.0,952.2,1950.0,0.15
2025-11-16T12:00Z,12,320,27.5,27.0,532.0,957.6,2750.0,0.15
2025-11-16T13:00Z,13,320,28.1,26.0,456.0,820.8,3050.0,0.15
2025-11-16T14:00Z,14,320,27.1,31.0,260.0,468.0,2550.0,0.15
2025-11-16T15:00Z,15,320,26.0,37.0,142.0,255.6,2000.0,0.15
2025-11-16T16:00Z,16,320,23.5,57.0,38.0,68.4,750.0,0.15
2025-11-16T17:00Z,17,320,21.8,53.0,0.0,0.0,100.0,0.15
2025-11-16T18:00Z,18,320,20.2,61.0,0.0,0.0,900.0,0.15
2025-11-16T19:00Z,19,320,19.1,58.0,0.0,0.0,1450.0,0.15
2025-11-16T20:00Z,20,320,18.0,62.0,0.0,0.0,2000.0,0.15
2025-11-16T21:00Z,21,320,17.2,64.0,0.0,0.0,2400.0,0.15
2025-11-16T22:00Z,22,320,16.5,63.0,0.0,0.0,2750.0,0.15
2025-11-16T23:00Z,23,320,15.6,66.0,0.0,0.0,3200.0,0.15
2025-11-17T00:00Z,0,321,14.9,64.0,0.0,0.0,3550.0,0.15
2025-11-17T01:00Z,1,321,14.1,67.0,0.0,0.0,3950.0,0.15
2025-11-17T02:00Z,2,321,13.8,68.0,0.0,0.0,4100.0,0.15
2025-11-17T03:00Z,3,321,13.8,71.0,0.0,0.0,4100.0,0.15
2025-11-17T04:00Z,4,321,13.4,75.0,0.0,0.0,4300.0,0.15
2025-11-17T05:00Z,5,321,12.9,77.0,0.0,0.0,4550.0,0.15
2025-11-17T06:00Z,6,321,12.6,71.0,0.0,0.0,4700.0,0.15
2025-11-17T07:00Z,7,321,13.2,65.0,36.0,64.8,4400.0,0.15
2025-11-17T08:00Z,8,321,15.1,62.0,150.0,270.0,3450.0,0.85
2025-11-17T09:00Z,9,321,18.0,55.0,291.0,523.8,2000.0,0.85
2025-11-17T10:00Z,10,321,20.4,50.0,368.0,662.4,800.0,0.85
2025-11-17T11:00Z,11,321,21.6,55.0,416.0,748.8,200.0,0.85
2025-11-17T12:00Z,12,321,21.6,61.0,517.0,930.6,200.0,0.85
2025-11-17T13:00Z,13,321,22.1,57.0,314.0,565.2,50.0,0.85
2025-11-17T14:00Z,14,321,22.1,58.0,347.0,624.6,50.0,0.85
2025-11-17T15:00Z,15,321,21.2,64.0,165.0,297.0,400.0,0.85
2025-11-17T16:00Z,16,321,20.1,70.0,41.0,73.8,950.0,0.85
2025-11-17T17:00Z,17,321,19.5,77.0,0.0,0.0,1250.0,0.85
2025-11-17T18:00Z,18,321,19.5,80.0,0.0,0.0,1250.0,0.15
2025-11-17T19:00Z,19,321,19.2,83.0,0.0,0.0,1400.0,0.15
2025-11-17T20:00Z,20,321,18.5,90.0,0.0,0.0,1750.0,0.15
2025-11-17T21:00Z,21,321,18.2,91.0,0.0,0.0,1900.0,0.15
2025-11-17T22:00Z,22,321,17.4,95.0,0.0,0.0,2300.0,0.15
2025-11-17T23:00Z,23,321,16.9,97.0,0.0,0.0,2550.0,0.15
2025-11-18T00:00Z,0,322,15.6,95.0,0.0,0.0,3200.0,0.15
2025-11-18T01:00Z,1,322,15.8,95.0,0.0,0.0,3100.0,0.15
2025-11-18T02:00Z,2,322,16.0,92.0,0.0,0.0,3000.0,0.15
2025-11-18T03:00Z,3,322,16.2,93.0,0.0,0.0,2900.0,0.15
2025-11-18T04:00Z,4,322,16.2,94.0,0.0,0.0,2900.0,0.15
2025-11-18T05:00Z,5,322,16.2,94.0,0.0,0.0,2900.0,0.15
2025-11-18T06:00Z,6,322,15.9,92.0,0.0,0.0,3050.0,0.15
2025-11-18T07:00Z,7,322,16.1,91.0,28.0,50.4,2950.0,0.15
2025-11-18T08:00Z,8,322,17.4,81.0,136.0,244.8,2300.0,0.85
2025-11-18T09:00Z,9,322,18.8,69.0,252.0,453.6,1600.0,0.85
2025-11-18T10:00Z,10,322,19.9,60.0,317.0,570.6,1050.0,0.85
2025-11-18T11:00Z,11,322,21.0,51.0,373.0,671.4,500.0,0.85
2025-11-18T12:00Z,12,322,22.0,47.0,344.0,619.2,0.0,0.85
2025-11-18T13:00Z,13,322,21.5,51.0,302.0,543.6,250.0,0.85
2025-11-18T14:00Z,14,322,20.6,55.0,218.0,392.4,700.0,0.85
2025-11-18T15:00Z,15,322,19.4,62.0,127.0,228.6,1300.0,0.85
2025-11-18T16:00Z,16,322,17.9,71.0,39.0,70.2,2050.0,0.85
2025-11-18T17:00Z,17,322,17.2,74.0,0.0,0.0,2400.0,0.85
2025-11-18T18:00Z,18,322,17.4,71.0,0.0,0.0,2300.0,0.15
2025-11-18T19:00Z,19,322,16.7,65.0,0.0,0.0,2650.0,0.15
2025-11-18T20:00Z,20,322,16.0,67.0,0.0,0.0,3000.0,0.15
2025-11-18T21:00Z,21,322,15.4,72.0,0.0,0.0,3300.0,0.15
2025-11-18T22:00Z,22,322,14.9,76.0,0.0,0.0,3550.0,0.15
2025-11-18T23:00Z,23,322,14.1,81.0,0.0,0.0,3950.0,0.15
2025-11-19T00:00Z,0,323,13.6,82.0,0.0,0.0,4200.0,0.15
2025-11-19T01:00Z,1,323,13.1,85.0,0.0,0.0,4450.0,0.15
2025-11-19T02:00Z,2,323,12.9,86.0,0.0,0.0,4550.0,0.15
2025-11-19T03:00Z,3,323,12.6,87.0,0.0,0.0,4700.0,0.15
2025-11-19T04:00Z,4,323,12.7,87.0,0.0,0.0,4650.0,0.15
2025-11-19T05:00Z,5,323,12.8,87.0,0.0,0.0,4600.0,0.15
2025-11-19T06:00Z,6,323,12.7,89.0,0.0,0.0,4650.0,0.15
2025-11-19T07:00Z,7,323,13.4,85.0,41.0,73.8,4300.0,0.15
2025-11-19T08:00Z,8,323,15.0,78.0,181.0,325.8,3500.0,0.85
2025-11-19T09:00Z,9,323,16.8,68.0,336.0,604.8,2600.0,0.85
2025-11-19T10:00Z,10,323,18.6,57.0,459.0,826.2,1700.0,0.85
2025-11-19T11:00Z,11,323,19.7,46.0,505.0,909.0,1150.0,0.85
2025-11-19T12:00Z,12,323,20.5,40.0,505.0,909.0,750.0,0.85
2025-11-19T13:00Z,13,323,20.5,40.0,462.0,831.6,750.0,0.85
2025-11-19T14:00Z,14,323,20.5,38.0,362.0,651.6,750.0,0.85
2025-11-19T15:00Z,15,323,19.6,39.0,220.0,396.0,1200.0,0.85
2025-11-19T16:00Z,16,323,18.0,47.0,64.0,115.2,2000.0,0.85
2025-11-19T17:00Z,17,323,16.4,59.0,0.0,0.0,2800.0,0.85
2025-11-19T18:00Z,18,323,15.6,68.0,0.0,0.0,3200.0,0.15
2025-11-19T19:00Z,19,323,15.0,68.0,0.0,0.0,3500.0,0.15
2025-11-19T20:00Z,20,323,14.3,71.0,0.0,0.0,3850.0,0.15
2025-11-19T21:00Z,21,323,13.8,74.0,0.0,0.0,4100.0,0.15
2025-11-19T22:00Z,22,323,13.3,78.0,0.0,0.0,4350.0,0.15
2025-11-19T23:00Z,23,323,12.6,82.0,0.0,0.0,4700.0,0.15
2025-11-20T00:00Z,0,324,12.1,84.0,0.0,0.0,4950.0,0.15
2025-11-20T01:00Z,1,324,10.8,87.0,0.0,0.0,5600.0,0.15
2025-11-20T02:00Z,2,324,10.6,88.0,0.0,0.0,5700.0,0.15
2025-11-20T03:00Z,3,324,10.5,88.0,0.0,0.0,5750.0,0.15
2025-11-20T04:00Z,4,324,10.1,88.0,0.0,0.0,5950.0,0.15
2025-11-20T05:00Z,5,324,9.4,89.0,0.0,0.0,6300.0,0.15
2025-11-20T06:00Z,6,324,9.1,87.0,0.0,0.0,6450.0,0.15
2025-11-20T07:00Z,7,324,9.4,86.0,41.0,73.8,6300.0,0.15
2025-11-20T08:00Z,8,324,11.5,77.0,148.0,266.4,5250.0,0.85
2025-11-20T09:00Z,9,324,14.4,66.0,282.0,507.6,3800.0,0.85
2025-11-20T10:00Z,10,324,17.5,54.0,441.0,793.8,2250.0,0.85
2025-11-20T11:00Z,11,324,19.8,45.0,525.0,945.0,1100.0,0.85
2025-11-20T12:00Z,12,324,21.2,38.0,531.0,955.8,400.0,0.85
2025-11-20T13:00Z,13,324,22.0,34.0,476.0,856.8,0.0,0.85
2025-11-20T14:00Z,14,324,21.8,34.0,352.0,633.6,100.0,0.85
2025-11-20T15:00Z,15,324,21.4,35.0,195.0,351.0,300.0,0.85
2025-11-20T16:00Z,16,324,18.5,53.0,58.0,104.4,1750.0,0.85
2025-11-20T17:00Z,17,324,16.5,72.0,0.0,0.0,2750.0,0.85
2025-11-20T18:00Z,18,324,16.6,77.0,0.0,0.0,2700.0,0.15
2025-11-20T19:00Z,19,324,15.8,80.0,0.0,0.0,3100.0,0.15
2025-11-20T20:00Z,20,324,15.1,81.0,0.0,0.0,3450.0,0.15
2025-11-20T21:00Z,21,324,14.3,82.0,0.0,0.0,3850.0,0.15
2025-11-20T22:00Z,22,324,13.9,81.0,0.0,0.0,4050.0,0.15
2025-11-20T23:00Z,23,324,13.5,82.0,0.0,0.0,4250.0,0.15
2025-11-21T00:00Z,0,325,14.2,71.0,0.0,0.0,3900.0,0.15
2025-11-21T01:00Z,1,325,13.2,76.0,0.0,0.0,4400.0,0.15
2025-11-21T02:00Z,2,325,12.7,78.0,0.0,0.0,4650.0,0.15
2025-11-21T03:00Z,3,325,12.2,80.0,0.0,0.0,4900.0,0.15
2025-11-21T04:00Z,4,325,13.1,68.0,0.0,0.0,4450.0,0.15
2025-11-21T05:00Z,5,325,13.1,65.0,0.0,0.0,4450.0,0.15
2025-11-21T06:00Z,6,325,12.7,76.0,0.0,0.0,4650.0,0.15
2025-11-21T07:00Z,7,325,12.5,80.0,31.0,55.8,4750.0,0.15
2025-11-21T08:00Z,8,325,13.8,73.0,157.0,282.6,4100.0,0.85
2025-11-21T09:00Z,9,325,14.6,65.0,281.0,505.8,3700.0,0.85
2025-11-21T10:00Z,10,325,16.1,52.0,441.0,793.8,2950.0,0.85
2025-11-21T11:00Z,11,325,16.9,49.0,460.0,828.0,2550.0,0.85
2025-11-21T12:00Z,12,325,16.7,46.0,462.0,831.6,2650.0,0.85
2025-11-21T13:00Z,13,325,17.0,43.0,436.0,784.8,2500.0,0.85
2025-11-21T14:00Z,14,325,15.4,50.0,279.0,502.2,3300.0,0.85
2025-11-21T15:00Z,15,325,14.9,52.0,185.0,333.0,3550.0,0.85
2025-11-21T16:00Z,16,325,13.8,56.0,52.0,93.6,4100.0,0.85
2025-11-21T17:00Z,17,325,12.8,59.0,0.0,0.0,4600.0,0.85
2025-11-21T18:00Z,18,325,11.5,66.0,0.0,0.0,5250.0,0.15
2025-11-21T19:00Z,19,325,10.8,70.0,0.0,0.0,5600.0,0.15
2025-11-21T20:00Z,20,325,10.1,76.0,0.0,0.0,5950.0,0.15
2025-11-21T21:00Z,21,325,9.9,78.0,0.0,0.0,6050.0,0.15
2025-11-21T22:00Z,22,325,9.1,80.0,0.0,0.0,6450.0,0.15
2025-11-21T23:00Z,23,325,8.6,75.0,0.0,0.0,6700.0,0.15
2025-11-22T00:00Z,0,326,8.5,76.0,0.0,0.0,6750.0,0.15
2025-11-22T01:00Z,1,326,7.5,78.0,0.0,0.0,7250.0,0.15
2025-11-22T02:00Z,2,326,7.4,76.0,0.0,0.0,7300.0,0.15
2025-11-22T03:00Z,3,326,7.5,73.0,0.0,0.0,7250.0,0.15
2025-11-22T04:00Z,4,326,7.3,70.0,0.0,0.0,7350.0,0.15
2025-11-22T05:00Z,5,326,7.2,70.0,0.0,0.0,7400.0,0.15
2025-11-22T06:00Z,6,326,7.1,73.0,0.0,0.0,7450.0,0.15
2025-11-22T07:00Z,7,326,7.3,73.0,37.0,66.6,7350.0,0.15
2025-11-22T08:00Z,8,326,9.1,63.0,173.0,311.4,6450.0,0.15
2025-11-22T09:00Z,9,326,10.3,58.0,320.0,576.0,5850.0,0.15
2025-11-22T10:00Z,10,326,11.2,50.0,439.0,790.2,5400.0,0.15
2025-11-22T11:00Z,11,326,12.1,48.0,461.0,829.8,4950.0,0.15
2025-11-22T12:00Z,12,326,12.1,51.0,457.0,822.6,4950.0,0.15
2025-11-22T13:00Z,13,326,12.1,51.0,393.0,707.4,4950.0,0.15
2025-11-22T14:00Z,14,326,11.7,53.0,314.0,565.2,5150.0,0.15
2025-11-22T15:00Z,15,326,10.9,58.0,171.0,307.8,5550.0,0.15
2025-11-22T16:00Z,16,326,10.4,64.0,50.0,90.0,5800.0,0.15
2025-11-22T17:00Z,17,326,9.6,69.0,0.0,0.0,6200.0,0.15
2025-11-22T18:00Z,18,326,9.6,74.0,0.0,0.0,6200.0,0.15
2025-11-22T19:00Z,19,326,9.3,77.0,0.0,0.0,6350.0,0.15
2025-11-22T20:00Z,20,326,9.5,77.0,0.0,0.0,6250.0,0.15
2025-11-22T21:00Z,21,326,9.5,78.0,0.0,0.0,6250.0,0.15
2025-11-22T22:00Z,22,326,9.4,80.0,0.0,0.0,6300.0,0.15
2025-11-22T23:00Z,23,326,9.1,80.0,0.0,0.0,6450.0,0.15
2025-11-23T00:00Z,0,327,8.8,79.0,0.0,0.0,6600.0,0.15
2025-11-23T01:00Z,1,327,8.9,79.0,0.0,0.0,6550.0,0.15
2025-11-23T02:00Z,2,327,8.8,81.0,0.0,0.0,6600.0,0.15
2025-11-23T03:00Z,3,327,8.6,81.0,0.0,0.0,6700.0,0.15
2025-11-23T04:00Z,4,327,8.6,79.0,0.0,0.0,6700.0,0.15
2025-11-23T05:00Z,5,327,8.6,78.0,0.0,0.0,6700.0,0.15
2025-11-23T06:00Z,6,327,8.4,80.0,0.0,0.0,6800.0,0.15
2025-11-23T07:00Z,7,327,8.9,77.0,34.0,61.2,6550.0,0.15
2025-11-23T08:00Z,8,327,10.2,71.0,180.0,324.0,5900.0,0.15
2025-11-23T09:00Z,9,327,12.1,63.0,322.0,579.6,4950.0,0.15
2025-11-23T10:00Z,10,327,14.0,56.0,421.0,757.8,4000.0,0.15
2025-11-23T11:00Z,11,327,15.1,52.0,492.0,885.6,3450.0,0.15
2025-11-23T12:00Z,12,327,15.7,49.0,518.0,932.4,3150.0,0.15
2025-11-23T13:00Z,13,327,16.5,44.0,461.0,829.8,2750.0,0.15
2025-11-23T14:00Z,14,327,16.4,45.0,336.0,604.8,2800.0,0.15
2025-11-23T15:00Z,15,327,15.1,55.0,120.0,216.0,3450.0,0.15
2025-11-23T16:00Z,16,327,13.7,65.0,46.0,82.8,4150.0,0.15
2025-11-23T17:00Z,17,327,13.6,66.0,0.0,0.0,4200.0,0.15
2025-11-23T18:00Z,18,327,13.2,70.0,0.0,0.0,4400.0,0.15
2025-11-23T19:00Z,19,327,11.6,77.0,0.0,0.0,5200.0,0.15
2025-11-23T20:00Z,20,327,10.8,78.0,0.0,0.0,5600.0,0.15
2025-11-23T21:00Z,21,327,10.7,76.0,0.0,0.0,5650.0,0.15
2025-11-23T22:00Z,22,327,10.8,71.0,0.0,0.0,5600.0,0.15
2025-11-23T23:00Z,23,327,9.8,73.0,0.0,0.0,6100.0,0.15
2025-11-24T00:00Z,0,328,10.4,65.0,0.0,0.0,5800.0,0.15
2025-11-24T01:00Z,1,328,9.1,68.0,0.0,0.0,6450.0,0.15
2025-11-24T02:00Z,2,328,8.4,68.0,0.0,0.0,6800.0,0.15
2025-11-24T03:00Z,3,328,8.0,69.0,0.0,0.0,7000.0,0.15
2025-11-24T04:00Z,4,328,7.6,70.0,0.0,0.0,7200.0,0.15
2025-11-24T05:00Z,5,328,7.3,70.0,0.0,0.0,7350.0,0.15
2025-11-24T06:00Z,6,328,7.1,71.0,0.0,0.0,7450.0,0.15
2025-11-24T07:00Z,7,328,7.5,68.0,33.0,59.4,7250.0,0.15
2025-11-24T08:00Z,8,328,9.1,64.0,132.0,237.6,6450.0,0.85
2025-11-24T09:00Z,9,328,11.2,62.0,195.0,351.0,5400.0,0.85
2025-11-24T10:00Z,10,328,13.2,55.0,231.0,415.8,4400.0,0.85
2025-11-24T11:00Z,11,328,15.4,48.0,316.0,568.8,3300.0,0.85
2025-11-24T12:00Z,12,328,17.6,36.0,491.0,883.8,2200.0,0.85
2025-11-24T13:00Z,13,328,18.5,34.0,434.0,781.2,1750.0,0.85
2025-11-24T14:00Z,14,328,18.8,35.0,338.0,608.4,1600.0,0.85
2025-11-24T15:00Z,15,328,17.5,55.0,161.0,289.8,2250.0,0.85
2025-11-24T16:00Z,16,328,16.1,50.0,57.0,102.6,2950.0,0.85
2025-11-24T17:00Z,17,328,14.1,58.0,0.0,0.0,3950.0,0.85
2025-11-24T18:00Z,18,328,12.6,65.0,0.0,0.0,4700.0,0.15
2025-11-24T19:00Z,19,328,11.7,62.0,0.0,0.0,5150.0,0.15
2025-11-24T20:00Z,20,328,11.1,62.0,0.0,0.0,5450.0,0.15
2025-11-24T21:00Z,21,328,10.4,64.0,0.0,0.0,5800.0,0.15
2025-11-24T22:00Z,22,328,10.4,62.0,0.0,0.0,5800.0,0.15
2025-11-24T23:00Z,23,328,11.3,55.0,0.0,0.0,5350.0,0.15
2025-11-25T00:00Z,0,329,12.1,55.0,0.0,0.0,4950.0,0.15
2025-11-25T01:00Z,1,329,11.9,53.0,0.0,0.0,5050.0,0.15
2025-11-25T02:00Z,2,329,11.8,51.0,0.0,0.0,5100.0,0.15
2025-11-25T03:00Z,3,329,11.7,50.0,0.0,0.0,5150.0,0.15
2025-11-25T04:00Z,4,329,11.7,49.0,0.0,0.0,5150.0,0.15
2025-11-25T05:00Z,5,329,11.9,47.0,0.0,0.0,5050.0,0.15
2025-11-25T06:00Z,6,329,12.1,46.0,0.0,0.0,4950.0,0.15
2025-11-25T07:00Z,7,329,12.1,48.0,21.0,37.8,4950.0,0.15
2025-11-25T08:00Z,8,329,13.6,46.0,141.0,253.8,4200.0,0.85
2025-11-25T09:00Z,9,329,15.8,46.0,322.0,579.6,3100.0,0.85
2025-11-25T10:00Z,10,329,17.9,42.0,443.0,797.4,2050.0,0.85
2025-11-25T11:00Z,11,329,19.6,37.0,504.0,907.2,1200.0,0.85
2025-11-25T12:00Z,12,329,20.8,34.0,505.0,909.0,600.0,0.85
2025-11-25T13:00Z,13,329,21.3,36.0,451.0,811.8,350.0,0.85
2025-11-25T14:00Z,14,329,20.6,41.0,298.0,536.4,700.0,0.85
2025-11-25T15:00Z,15,329,19.8,48.0,131.0,235.8,1100.0,0.85
2025-11-25T16:00Z,16,329,15.1,80.0,19.0,34.2,3450.0,0.85
2025-11-25T17:00Z,17,329,14.6,79.0,0.0,0.0,3700.0,0.85
2025-11-25T18:00Z,18,329,14.1,80.0,0.0,0.0,3950.0,0.15
2025-11-25T19:00Z,19,329,13.8,81.0,0.0,0.0,4100.0,0.15
2025-11-25T20:00Z,20,329,13.1,83.0,0.0,0.0,4450.0,0.15
2025-11-25T21:00Z,21,329,12.4,86.0,0.0,0.0,4800.0,0.15
2025-11-25T22:00Z,22,329,11.9,87.0,0.0,0.0,5050.0,0.15
2025-11-25T23:00Z,23,329,11.8,86.0,0.0,0.0,5100.0,0.15
2025-11-26T00:00Z,0,330,12.1,82.0,0.0,0.0,4950.0,0.15
2025-11-26T01:00Z,1,330,11.8,82.0,0.0,0.0,5100.0,0.15
2025-11-26T02:00Z,2,330,11.5,83.0,0.0,0.0,5250.0,0.15
2025-11-26T03:00Z,3,330,11.1,83.0,0.0,0.0,5450.0,0.15
2025-11-26T04:00Z,4,330,10.4,87.0,0.0,0.0,5800.0,0.15
2025-11-26T05:00Z,5,330,10.0,89.0,0.0,0.0,6000.0,0.15
2025-11-26T06:00Z,6,330,9.6,91.0,0.0,0.0,6200.0,0.15
2025-11-26T07:00Z,7,330,10.1,90.0,29.0,52.2,5950.0,0.15
2025-11-26T08:00Z,8,330,12.0,79.0,139.0,250.2,5000.0,0.85
2025-11-26T09:00Z,9,330,13.7,67.0,319.0,574.2,4150.0,0.85
2025-11-26T10:00Z,10,330,13.9,66.0,367.0,660.6,4050.0,0.85
2025-11-26T11:00Z,11,330,13.9,64.0,358.0,644.4,4050.0,0.85
2025-11-26T12:00Z,12,330,14.3,59.0,484.0,871.2,3850.0,0.85
2025-11-26T13:00Z,13,330,14.7,57.0,448.0,806.4,3650.0,0.85
2025-11-26T14:00Z,14,330,14.2,56.0,333.0,599.4,3900.0,0.85
2025-11-26T15:00Z,15,330,13.1,61.0,173.0,311.4,4450.0,0.85
2025-11-26T16:00Z,16,330,11.6,66.0,47.0,84.6,5200.0,0.85
2025-11-26T17:00Z,17,330,10.4,73.0,0.0,0.0,5800.0,0.85
2025-11-26T18:00Z,18,330,10.6,75.0,0.0,0.0,5700.0,0.15
2025-11-26T19:00Z,19,330,9.7,77.0,0.0,0.0,6150.0,0.15
2025-11-26T20:00Z,20,330,9.4,77.0,0.0,0.0,6300.0,0.15
2025-11-26T21:00Z,21,330,8.9,79.0,0.0,0.0,6550.0,0.15
2025-11-26T22:00Z,22,330,8.7,78.0,0.0,0.0,6650.0,0.15
2025-11-26T23:00Z,23,330,8.6,77.0,0.0,0.0,6700.0,0.15
2025-11-27T00:00Z,0,331,8.6,73.0,0.0,0.0,6700.0,0.15
2025-11-27T01:00Z,1,331,8.5,73.0,0.0,0.0,6750.0,0.15
2025-11-27T02:00Z,2,331,8.3,75.0,0.0,0.0,6850.0,0.15
2025-11-27T03:00Z,3,331,8.4,76.0,0.0,0.0,6800.0,0.15
2025-11-27T04:00Z,4,331,8.1,79.0,0.0,0.0,6950.0,0.15
2025-11-27T05:00Z,5,331,7.9,83.0,0.0,0.0,7050.0,0.15
2025-11-27T06:00Z,6,331,8.1,83.0,0.0,0.0,6950.0,0.15
2025-11-27T07:00Z,7,331,8.2,79.0,28.0,50.4,6900.0,0.15
2025-11-27T08:00Z,8,331,9.4,76.0,146.0,262.8,6300.0,0.85
2025-11-27T09:00Z,9,331,10.6,70.0,251.0,451.8,5700.0,0.85
2025-11-27T10:00Z,10,331,11.8,65.0,384.0,691.2,5100.0,0.85
2025-11-27T11:00Z,11,331,12.1,62.0,413.0,743.4,4950.0,0.85
2025-11-27T12:00Z,12,331,12.9,58.0,451.0,811.8,4550.0,0.85
2025-11-27T13:00Z,13,331,12.5,58.0,402.0,723.6,4750.0,0.85
2025-11-27T14:00Z,14,331,12.1,60.0,262.0,471.6,4950.0,0.85
2025-11-27T15:00Z,15,331,11.1,67.0,140.0,252.0,5450.0,0.85
2025-11-27T16:00Z,16,331,10.1,72.0,45.0,81.0,5950.0,0.85
2025-11-27T17:00Z,17,331,9.7,74.0,0.0,0.0,6150.0,0.85
2025-11-27T18:00Z,18,331,9.2,73.0,0.0,0.0,6400.0,0.15
2025-11-27T19:00Z,19,331,8.9,78.0,0.0,0.0,6550.0,0.15
2025-11-27T20:00Z,20,331,8.8,80.0,0.0,0.0,6600.0,0.15
2025-11-27T21:00Z,21,331,8.7,79.0,0.0,0.0,6650.0,0.15
2025-11-27T22:00Z,22,331,8.4,81.0,0.0,0.0,6800.0,0.15
2025-11-27T23:00Z,23,331,8.0,83.0,0.0,0.0,7000.0,0.15
2025-11-28T00:00Z,0,332,7.9,82.0,0.0,0.0,7050.0,0.15
2025-11-28T01:00Z,1,332,8.4,85.0,0.0,0.0,6800.0,0.15
2025-11-28T02:00Z,2,332,8.4,89.0,0.0,0.0,6800.0,0.15
2025-11-28T03:00Z,3,332,8.4,89.0,0.0,0.0,6800.0,0.15
2025-11-28T04:00Z,4,332,8.8,89.0,0.0,0.0,6600.0,0.15
2025-11-28T05:00Z,5,332,8.8,91.0,0.0,0.0,6600.0,0.15
2025-11-28T06:00Z,6,332,8.8,91.0,0.0,0.0,6600.0,0.15
2025-11-28T07:00Z,7,332,8.9,89.0,15.0,27.0,6550.0,0.15
2025-11-28T08:00Z,8,332,9.6,87.0,77.0,138.6,6200.0,0.85
2025-11-28T09:00Z,9,332,11.2,80.0,175.0,315.0,5400.0,0.85
2025-11-28T10:00Z,10,332,11.9,76.0,239.0,430.2,5050.0,0.85
2025-11-28T11:00Z,11,332,12.2,73.0,243.0,437.4,4900.0,0.85
2025-11-28T12:00Z,12,332,13.2,67.0,323.0,581.4,4400.0,0.85
2025-11-28T13:00Z,13,332,14.1,61.0,389.0,700.2,3950.0,0.85
2025-11-28T14:00Z,14,332,14.4,55.0,299.0,538.2,3800.0,0.85
2025-11-28T15:00Z,15,332,12.8,67.0,166.0,298.8,4600.0,0.85
2025-11-28T16:00Z,16,332,11.4,76.0,49.0,88.2,5300.0,0.85
2025-11-28T17:00Z,17,332,10.9,80.0,0.0,0.0,5550.0,0.85
2025-11-28T18:00Z,18,332,10.8,81.0,0.0,0.0,5600.0,0.15
2025-11-28T19:00Z,19,332,10.6,81.0,0.0,0.0,5700.0,0.15
2025-11-28T20:00Z,20,332,10.3,83.0,0.0,0.0,5850.0,0.15
2025-11-28T21:00Z,21,332,9.9,87.0,0.0,0.0,6050.0,0.15
2025-11-28T22:00Z,22,332,9.8,88.0,0.0,0.0,6100.0,0.15
2025-11-28T23:00Z,23,332,9.7,87.0,0.0,0.0,6150.0,0.15
2025-11-29T00:00Z,0,333,9.7,87.0,0.0,0.0,6150.0,0.15
2025-11-29T01:00Z,1,333,9.6,88.0,0.0,0.0,6200.0,0.15
2025-11-29T02:00Z,2,333,9.6,87.0,0.0,0.0,6200.0,0.15
2025-11-29T03:00Z,3,333,9.6,86.0,0.0,0.0,6200.0,0.15
2025-11-29T04:00Z,4,333,9.9,86.0,0.0,0.0,6050.0,0.15
2025-11-29T05:00Z,5,333,10.2,84.0,0.0,0.0,5900.0,0.15
2025-11-29T06:00Z,6,333,9.8,87.0,0.0,0.0,6100.0,0.15
2025-11-29T07:00Z,7,333,9.6,89.0,24.0,43.2,6200.0,0.15
2025-11-29T08:00Z,8,333,11.1,85.0,151.0,271.8,5450.0,0.15
2025-11-29T09:00Z,9,333,13.1,77.0,303.0,545.4,4450.0,0.15
2025-11-29T10:00Z,10,333,14.6,71.0,372.0,669.6,3700.0,0.15
2025-11-29T11:00Z,11,333,16.0,64.0,430.0,774.0,3000.0,0.15
2025-11-29T12:00Z,12,333,16.0,64.0,424.0,763.2,3000.0,0.15
2025-11-29T13:00Z,13,333,16.2,63.0,381.0,685.8,2900.0,0.15
2025-11-29T14:00Z,14,333,15.9,64.0,293.0,527.4,3050.0,0.15
2025-11-29T15:00Z,15,333,15.1,71.0,148.0,266.4,3450.0,0.15
2025-11-29T16:00Z,16,333,13.9,77.0,43.0,77.4,4050.0,0.15
2025-11-29T17:00Z,17,333,13.2,80.0,0.0,0.0,4400.0,0.15
2025-11-29T18:00Z,18,333,12.6,84.0,0.0,0.0,4700.0,0.15
2025-11-29T19:00Z,19,333,12.2,85.0,0.0,0.0,4900.0,0.15
2025-11-29T20:00Z,20,333,11.8,87.0,0.0,0.0,5100.0,0.15
2025-11-29T21:00Z,21,333,10.9,90.0,0.0,0.0,5550.0,0.15
2025-11-29T22:00Z,22,333,10.3,91.0,0.0,0.0,5850.0,0.15
2025-11-29T23:00Z,23,333,9.9,91.0,0.0,0.0,6050.0,0.15
2025-11-30T00:00Z,0,334,9.4,90.0,0.0,0.0,6300.0,0.15
2025-11-30T01:00Z,1,334,8.8,91.0,0.0,0.0,6600.0,0.15
2025-11-30T02:00Z,2,334,8.4,91.0,0.0,0.0,6800.0,0.15
2025-11-30T03:00Z,3,334,8.2,90.0,0.0,0.0,6900.0,0.15
2025-11-30T04:00Z,4,334,7.5,92.0,0.0,0.0,7250.0,0.15
2025-11-30T05:00Z,5,334,7.1,93.0,0.0,0.0,7450.0,0.15
2025-11-30T06:00Z,6,334,6.6,95.0,0.0,0.0,7700.0,0.15
2025-11-30T07:00Z,7,334,6.8,93.0,24.0,43.2,7600.0,0.15
2025-11-30T08:00Z,8,334,8.8,84.0,151.0,271.8,6600.0,0.15
2025-11-30T09:00Z,9,334,11.2,78.0,300.0,540.0,5400.0,0.15
2025-11-30T10:00Z,10,334,13.7,68.0,422.0,759.6,4150.0,0.15
2025-11-30T11:00Z,11,334,15.5,61.0,493.0,887.4,3250.0,0.15
2025-11-30T12:00Z,12,334,17.0,56.0,503.0,905.4,2500.0,0.15
2025-11-30T13:00Z,13,334,17.6,53.0,451.0,811.8,2200.0,0.15
2025-11-30T14:00Z,14,334,17.7,54.0,344.0,619.2,2150.0,0.15
2025-11-30T15:00Z,15,334,17.0,55.0,199.0,358.2,2500.0,0.15
2025-11-30T16:00Z,16,334,14.6,57.0,52.0,93.6,3700.0,0.15
2025-11-30T17:00Z,17,334,12.9,64.0,0.0,0.0,4550.0,0.15
2025-11-30T18:00Z,18,334,12.1,71.0,0.0,0.0,4950.0,0.15
2025-11-30T19:00Z,19,334,11.1,73.0,0.0,0.0,5450.0,0.15
2025-11-30T20:00Z,20,334,10.5,76.0,0.0,0.0,5750.0,0.15
2025-11-30T21:00Z,21,334,10.1,78.0,0.0,0.0,5950.0,0.15
2025-11-30T22:00Z,22,334,9.5,79.0,0.0,0.0,6250.0,0.15
2025-11-30T23:00Z,23,334,8.9,80.0,0.0,0.0,6550.0,0.15
2025-12-01T00:00Z,0,335,7.7,84.0,0.0,0.0,7150.0,0.15
2025-12-01T01:00Z,1,335,6.1,88.0,0.0,0.0,7950.0,0.15
2025-12-01T02:00Z,2,335,5.6,89.0,0.0,0.0,8200.0,0.15
2025-12-01T03:00Z,3,335,5.2,90.0,0.0,0.0,8400.0,0.15
2025-12-01T04:00Z,4,335,4.8,88.0,0.0,0.0,8600.0,0.15
2025-12-01T05:00Z,5,335,4.8,84.0,0.0,0.0,8600.0,0.15
2025-12-01T06:00Z,6,335,4.8,82.0,0.0,0.0,8600.0,0.15
2025-12-01T07:00Z,7,335,4.8,79.0,21.0,37.8,8600.0,0.15
2025-12-01T08:00Z,8,335,6.3,78.0,132.0,237.6,7850.0,0.85
2025-12-01T09:00Z,9,335,9.4,75.0,274.0,493.2,6300.0,0.85
2025-12-01T10:00Z,10,335,12.4,63.0,397.0,714.6,4800.0,0.85
2025-12-01T11:00Z,11,335,14.7,53.0,490.0,882.0,3650.0,0.85
2025-12-01T12:00Z,12,335,16.0,48.0,501.0,901.8,3000.0,0.85
2025-12-01T13:00Z,13,335,16.7,48.0,450.0,810.0,2650.0,0.85
2025-12-01T14:00Z,14,335,16.5,48.0,325.0,585.0,2750.0,0.85
2025-12-01T15:00Z,15,335,15.6,64.0,189.0,340.2,3200.0,0.85
2025-12-01T16:00Z,16,335,13.8,64.0,49.0,88.2,4100.0,0.85
2025-12-01T17:00Z,17,335,12.5,69.0,0.0,0.0,4750.0,0.85
2025-12-01T18:00Z,18,335,11.6,78.0,0.0,0.0,5200.0,0.15
2025-12-01T19:00Z,19,335,10.1,83.0,0.0,0.0,5950.0,0.15
2025-12-01T20:00Z,20,335,9.1,86.0,0.0,0.0,6450.0,0.15
2025-12-01T21:00Z,21,335,8.3,88.0,0.0,0.0,6850.0,0.15
2025-12-01T22:00Z,22,335,8.1,87.0,0.0,0.0,6950.0,0.15
2025-12-01T23:00Z,23,335,7.7,87.0,0.0,0.0,7150.0,0.15
2025-12-02T00:00Z,0,336,7.7,82.0,0.0,0.0,7150.0,0.15
2025-12-02T01:00Z,1,336,6.8,83.0,0.0,0.0,7600.0,0.15
2025-12-02T02:00Z,2,336,6.4,84.0,0.0,0.0,7800.0,0.15
2025-12-02T03:00Z,3,336,6.2,86.0,0.0,0.0,7900.0,0.15
2025-12-02T04:00Z,4,336,6.1,88.0,0.0,0.0,7950.0,0.15
2025-12-02T05:00Z,5,336,5.9,89.0,0.0,0.0,8050.0,0.15
2025-12-02T06:00Z,6,336,6.1,88.0,0.0,0.0,7950.0,0.15
2025-12-02T07:00Z,7,336,6.2,87.0,22.0,39.6,7900.0,0.15
2025-12-02T08:00Z,8,336,7.8,85.0,150.0,270.0,7100.0,0.85
2025-12-02T09:00Z,9,336,10.8,79.0,299.0,538.2,5600.0,0.85
2025-12-02T10:00Z,10,336,13.7,73.0,415.0,747.0,4150.0,0.85
2025-12-02T11:00Z,11,336,15.7,70.0,482.0,867.6,3150.0,0.85
2025-12-02T12:00Z,12,336,17.1,66.0,486.0,874.8,2450.0,0.85
2025-12-02T13:00Z,13,336,17.5,63.0,413.0,743.4,2250.0,0.85
2025-12-02T14:00Z,14,336,17.0,65.0,290.0,522.0,2500.0,0.85
2025-12-02T15:00Z,15,336,16.4,71.0,166.0,298.8,2800.0,0.85
2025-12-02T16:00Z,16,336,14.9,77.0,46.0,82.8,3550.0,0.85
2025-12-02T17:00Z,17,336,13.9,80.0,0.0,0.0,4050.0,0.85
2025-12-02T18:00Z,18,336,13.3,83.0,0.0,0.0,4350.0,0.15
2025-12-02T19:00Z,19,336,11.7,90.0,0.0,0.0,5150.0,0.15
2025-12-02T20:00Z,20,336,10.6,94.0,0.0,0.0,5700.0,0.15
2025-12-02T21:00Z,21,336,10.1,96.0,0.0,0.0,5950.0,0.15
2025-12-02T22:00Z,22,336,9.9,96.0,0.0,0.0,6050.0,0.15
2025-12-02T23:00Z,23,336,9.2,99.0,0.0,0.0,6400.0,0.15
2025-12-03T00:00Z,0,337,9.1,97.0,0.0,0.0,6450.0,0.15
2025-12-03T01:00Z,1,337,8.3,99.0,0.0,0.0,6850.0,0.15
2025-12-03T02:00Z,2,337,8.0,99.0,0.0,0.0,7000.0,0.15
2025-12-03T03:00Z,3,337,7.9,98.0,0.0,0.0,7050.0,0.15
2025-12-03T04:00Z,4,337,7.8,98.0,0.0,0.0,7100.0,0.15
2025-12-03T05:00Z,5,337,7.4,98.0,0.0,0.0,7300.0,0.15
2025-12-03T06:00Z,6,337,7.4,96.0,0.0,0.0,7300.0,0.15
2025-12-03T07:00Z,7,337,7.4,96.0,21.0,37.8,7300.0,0.15
2025-12-03T08:00Z,8,337,9.1,92.0,144.0,259.2,6450.0,0.85
2025-12-03T09:00Z,9,337,11.9,85.0,293.0,527.4,5050.0,0.85
2025-12-03T10:00Z,10,337,14.5,77.0,415.0,747.0,3750.0,0.85
2025-12-03T11:00Z,11,337,16.3,69.0,474.0,853.2,2850.0,0.85
2025-12-03T12:00Z,12,337,17.5,64.0,456.0,820.8,2250.0,0.85
2025-12-03T13:00Z,13,337,18.2,59.0,430.0,774.0,1900.0,0.85
2025-12-03T14:00Z,14,337,18.3,57.0,332.0,597.6,1850.0,0.85
2025-12-03T15:00Z,15,337,17.3,68.0,188.0,338.4,2350.0,0.85
2025-12-03T16:00Z,16,337,14.9,81.0,48.0,86.4,3550.0,0.85
2025-12-03T17:00Z,17,337,13.9,87.0,0.0,0.0,4050.0,0.85
2025-12-03T18:00Z,18,337,13.6,82.0,0.0,0.0,4200.0,0.15
2025-12-03T19:00Z,19,337,12.5,81.0,0.0,0.0,4750.0,0.15
2025-12-03T20:00Z,20,337,11.9,84.0,0.0,0.0,5050.0,0.15
2025-12-03T21:00Z,21,337,11.5,86.0,0.0,0.0,5250.0,0.15
2025-12-03T22:00Z,22,337,11.4,86.0,0.0,0.0,5300.0,0.15
2025-12-03T23:00Z,23,337,10.9,89.0,0.0,0.0,5550.0,0.15
2025-12-04T00:00Z,0,338,11.0,90.0,0.0,0.0,5500.0,0.15
2025-12-04T01:00Z,1,338,11.0,90.0,0.0,0.0,5500.0,0.15
2025-12-04T02:00Z,2,338,10.9,89.0,0.0,0.0,5550.0,0.15
2025-12-04T03:00Z,3,338,10.6,89.0,0.0,0.0,5700.0,0.15
2025-12-04T04:00Z,4,338,10.8,86.0,0.0,0.0,5600.0,0.15
2025-12-04T05:00Z,5,338,10.5,85.0,0.0,0.0,5750.0,0.15
2025-12-04T06:00Z,6,338,10.7,87.0,0.0,0.0,5650.0,0.15
2025-12-04T07:00Z,7,338,11.2,83.0,12.0,21.6,5400.0,0.15
2025-12-04T08:00Z,8,338,11.9,81.0,111.0,199.8,5050.0,0.85
2025-12-04T09:00Z,9,338,13.9,70.0,278.0,500.4,4050.0,0.85
2025-12-04T10:00Z,10,338,13.9,68.0,345.0,621.0,4050.0,0.85
2025-12-04T11:00Z,11,338,14.6,63.0,411.0,739.8,3700.0,0.85
2025-12-04T12:00Z,12,338,15.1,60.0,480.0,864.0,3450.0,0.85
2025-12-04T13:00Z,13,338,15.1,59.0,400.0,720.0,3450.0,0.85
2025-12-04T14:00Z,14,338,13.9,67.0,287.0,516.6,4050.0,0.85
2025-12-04T15:00Z,15,338,13.1,69.0,164.0,295.2,4450.0,0.85
2025-12-04T16:00Z,16,338,12.2,73.0,45.0,81.0,4900.0,0.85
2025-12-04T17:00Z,17,338,11.4,75.0,0.0,0.0,5300.0,0.85
2025-12-04T18:00Z,18,338,11.4,74.0,0.0,0.0,5300.0,0.15
2025-12-04T19:00Z,19,338,10.9,77.0,0.0,0.0,5550.0,0.15
2025-12-04T20:00Z,20,338,10.6,79.0,0.0,0.0,5700.0,0.15
2025-12-04T21:00Z,21,338,10.1,79.0,0.0,0.0,5950.0,0.15
2025-12-04T22:00Z,22,338,10.1,78.0,0.0,0.0,5950.0,0.15
2025-12-04T23:00Z,23,338,10.1,76.0,0.0,0.0,5950.0,0.15
2025-12-05T00:00Z,0,339,10.7,73.0,0.0,0.0,5650.0,0.15
2025-12-05T01:00Z,1,339,10.0,75.0,0.0,0.0,6000.0,0.15
2025-12-05T02:00Z,2,339,10.0,73.0,0.0,0.0,6000.0,0.15
2025-12-05T03:00Z,3,339,9.6,74.0,0.0,0.0,6200.0,0.15
2025-12-05T04:00Z,4,339,9.8,72.0,0.0,0.0,6100.0,0.15
2025-12-05T05:00Z,5,339,9.9,78.0,0.0,0.0,6050.0,0.15
2025-12-05T06:00Z,6,339,10.1,85.0,0.0,0.0,5950.0,0.15
2025-12-05T07:00Z,7,339,10.7,86.0,17.0,30.6,5650.0,0.15
2025-12-05T08:00Z,8,339,12.0,81.0,123.0,221.4,5000.0,0.85
2025-12-05T09:00Z,9,339,12.8,77.0,243.0,437.4,4600.0,0.85
2025-12-05T10:00Z,10,339,13.4,68.0,374.0,673.2,4300.0,0.85
2025-12-05T11:00Z,11,339,12.9,72.0,344.0,619.2,4550.0,0.85
2025-12-05T12:00Z,12,339,14.4,71.0,356.0,640.8,3800.0,0.85
2025-12-05T13:00Z,13,339,12.9,74.0,256.0,460.8,4550.0,0.85
2025-12-05T14:00Z,14,339,12.8,70.0,218.0,392.4,4600.0,0.85
2025-12-05T15:00Z,15,339,12.3,72.0,146.0,262.8,4850.0,0.85
2025-12-05T16:00Z,16,339,11.5,77.0,40.0,72.0,5250.0,0.85
2025-12-05T17:00Z,17,339,10.8,78.0,0.0,0.0,5600.0,0.85
2025-12-05T18:00Z,18,339,10.8,79.0,0.0,0.0,5600.0,0.15
2025-12-05T19:00Z,19,339,10.9,79.0,0.0,0.0,5550.0,0.15
2025-12-05T20:00Z,20,339,10.6,77.0,0.0,0.0,5700.0,0.15
2025-12-05T21:00Z,21,339,10.9,71.0,0.0,0.0,5550.0,0.15
2025-12-05T22:00Z,22,339,11.3,64.0,0.0,0.0,5350.0,0.15
2025-12-05T23:00Z,23,339,11.3,68.0,0.0,0.0,5350.0,0.15
2025-12-06T00:00Z,0,340,11.9,68.0,0.0,0.0,5050.0,0.15
2025-12-06T01:00Z,1,340,11.9,66.0,0.0,0.0,5050.0,0.15
2025-12-06T02:00Z,2,340,11.8,66.0,0.0,0.0,5100.0,0.15
2025-12-06T03:00Z,3,340,11.4,69.0,0.0,0.0,5300.0,0.15
2025-12-06T04:00Z,4,340,11.9,69.0,0.0,0.0,5050.0,0.15
2025-12-06T05:00Z,5,340,12.3,70.0,0.0,0.0,4850.0,0.15
2025-12-06T06:00Z,6,340,12.4,71.0,0.0,0.0,4800.0,0.15
2025-12-06T07:00Z,7,340,12.2,72.0,17.0,30.6,4900.0,0.15
2025-12-06T08:00Z,8,340,13.5,67.0,136.0,244.8,4250.0,0.15
2025-12-06T09:00Z,9,340,15.1,64.0,261.0,469.8,3450.0,0.15
2025-12-06T10:00Z,10,340,15.9,55.0,399.0,718.2,3050.0,0.15
2025-12-06T11:00Z,11,340,16.2,52.0,420.0,756.0,2900.0,0.15
2025-12-06T12:00Z,12,340,16.8,51.0,442.0,795.6,2600.0,0.15
2025-12-06T13:00Z,13,340,16.7,52.0,442.0,795.6,2650.0,0.15
2025-12-06T14:00Z,14,340,16.5,54.0,336.0,604.8,2750.0,0.15
2025-12-06T15:00Z,15,340,15.9,56.0,196.0,352.8,3050.0,0.15
2025-12-06T16:00Z,16,340,14.7,62.0,50.0,90.0,3650.0,0.15
2025-12-06T17:00Z,17,340,14.2,71.0,0.0,0.0,3900.0,0.15
2025-12-06T18:00Z,18,340,13.5,81.0,0.0,0.0,4250.0,0.15
2025-12-06T19:00Z,19,340,14.1,78.0,0.0,0.0,3950.0,0.15
2025-12-06T20:00Z,20,340,14.5,79.0,0.0,0.0,3750.0,0.15
2025-12-06T21:00Z,21,340,14.6,81.0,0.0,0.0,3700.0,0.15
2025-12-06T22:00Z,22,340,14.4,82.0,0.0,0.0,3800.0,0.15
2025-12-06T23:00Z,23,340,14.2,84.0,0.0,0.0,3900.0,0.15
2025-12-07T00:00Z,0,341,14.1,85.0,0.0,0.0,3950.0,0.15
2025-12-07T01:00Z,1,341,14.0,84.0,0.0,0.0,4000.0,0.15
2025-12-07T02:00Z,2,341,14.1,84.0,0.0,0.0,3950.0,0.15
2025-12-07T03:00Z,3,341,13.9,87.0,0.0,0.0,4050.0,0.15
2025-12-07T04:00Z,4,341,13.4,89.0,0.0,0.0,4300.0,0.15
2025-12-07T05:00Z,5,341,13.4,89.0,0.0,0.0,4300.0,0.15
2025-12-07T06:00Z,6,341,13.8,89.0,0.0,0.0,4100.0,0.15
2025-12-07T07:00Z,7,341,14.1,87.0,15.0,27.0,3950.0,0.15
2025-12-07T08:00Z,8,341,15.4,84.0,114.0,205.2,3300.0,0.15
2025-12-07T09:00Z,9,341,17.0,80.0,262.0,471.6,2500.0,0.15
2025-12-07T10:00Z,10,341,17.7,76.0,359.0,646.2,2150.0,0.15
2025-12-07T11:00Z,11,341,18.1,75.0,395.0,711.0,1950.0,0.15
2025-12-07T12:00Z,12,341,18.8,70.0,453.0,815.4,1600.0,0.15
2025-12-07T13:00Z,13,341,19.2,68.0,412.0,741.6,1400.0,0.15
2025-12-07T14:00Z,14,341,18.9,70.0,312.0,561.6,1550.0,0.15
2025-12-07T15:00Z,15,341,18.2,74.0,164.0,295.2,1900.0,0.15
2025-12-07T16:00Z,16,341,16.8,79.0,45.0,81.0,2600.0,0.15
2025-12-07T17:00Z,17,341,15.6,86.0,0.0,0.0,3200.0,0.15
2025-12-07T18:00Z,18,341,15.2,88.0,0.0,0.0,3400.0,0.15
2025-12-07T19:00Z,19,341,14.9,90.0,0.0,0.0,3550.0,0.15
2025-12-07T20:00Z,20,341,14.8,91.0,0.0,0.0,3600.0,0.15
2025-12-07T21:00Z,21,341,14.6,93.0,0.0,0.0,3700.0,0.15
2025-12-07T22:00Z,22,341,14.6,93.0,0.0,0.0,3700.0,0.15
2025-12-07T23:00Z,23,341,14.6,93.0,0.0,0.0,3700.0,0.15
2025-12-08T00:00Z,0,342,14.1,92.0,0.0,0.0,3950.0,0.15
2025-12-08T01:00Z,1,342,14.1,92.0,0.0,0.0,3950.0,0.15
2025-12-08T02:00Z,2,342,13.6,94.0,0.0,0.0,4200.0,0.15
2025-12-08T03:00Z,3,342,13.6,94.0,0.0,0.0,4200.0,0.15
2025-12-08T04:00Z,4,342,13.1,94.0,0.0,0.0,4450.0,0.15
2025-12-08T05:00Z,5,342,12.9,94.0,0.0,0.0,4550.0,0.15
2025-12-08T06:00Z,6,342,12.9,93.0,0.0,0.0,4550.0,0.15
2025-12-08T07:00Z,7,342,13.0,93.0,16.0,28.8,4500.0,0.15
2025-12-08T08:00Z,8,342,14.9,88.0,129.0,232.2,3550.0,0.85
2025-12-08T09:00Z,9,342,16.8,84.0,272.0,489.6,2600.0,0.85
2025-12-08T10:00Z,10,342,18.2,78.0,393.0,707.4,1900.0,0.85
2025-12-08T11:00Z,11,342,19.4,69.0,462.0,831.6,1300.0,0.85
2025-12-08T12:00Z,12,342,20.1,66.0,460.0,828.0,950.0,0.85
2025-12-08T13:00Z,13,342,20.4,64.0,415.0,747.0,800.0,0.85
2025-12-08T14:00Z,14,342,20.0,66.0,320.0,576.0,1000.0,0.85
2025-12-08T15:00Z,15,342,19.1,71.0,188.0,338.4,1450.0,0.85
2025-12-08T16:00Z,16,342,17.0,81.0,48.0,86.4,2500.0,0.85
2025-12-08T17:00Z,17,342,15.6,86.0,0.0,0.0,3200.0,0.85
2025-12-08T18:00Z,18,342,14.9,87.0,0.0,0.0,3550.0,0.15
2025-12-08T19:00Z,19,342,14.4,89.0,0.0,0.0,3800.0,0.15
2025-12-08T20:00Z,20,342,13.9,91.0,0.0,0.0,4050.0,0.15
2025-12-08T21:00Z,21,342,13.3,93.0,0.0,0.0,4350.0,0.15
2025-12-08T22:00Z,22,342,12.6,95.0,0.0,0.0,4700.0,0.15
2025-12-08T23:00Z,23,342,11.9,96.0,0.0,0.0,5050.0,0.15
2025-12-09T00:00Z,0,343,11.4,96.0,0.0,0.0,5300.0,0.15
2025-12-09T01:00Z,1,343,10.9,95.0,0.0,0.0,5550.0,0.15
2025-12-09T02:00Z,2,343,10.5,95.0,0.0,0.0,5750.0,0.15
2025-12-09T03:00Z,3,343,9.9,96.0,0.0,0.0,6050.0,0.15
2025-12-09T04:00Z,4,343,9.6,96.0,0.0,0.0,6200.0,0.15
2025-12-09T05:00Z,5,343,9.4,97.0,0.0,0.0,6300.0,0.15
2025-12-09T06:00Z,6,343,9.1,98.0,0.0,0.0,6450.0,0.15
2025-12-09T07:00Z,7,343,8.9,98.0,15.0,27.0,6550.0,0.15
2025-12-09T08:00Z,8,343,10.4,95.0,122.0,219.6,5800.0,0.85
2025-12-09T09:00Z,9,343,12.8,89.0,264.0,475.2,4600.0,0.85
2025-12-09T10:00Z,10,343,15.4,80.0,387.0,696.6,3300.0,0.85
2025-12-09T11:00Z,11,343,17.1,74.0,454.0,817.2,2450.0,0.85
2025-12-09T12:00Z,12,343,18.0,70.0,473.0,851.4,2000.0,0.85
2025-12-09T13:00Z,13,343,18.4,69.0,428.0,770.4,1800.0,0.85
2025-12-09T14:00Z,14,343,18.1,69.0,316.0,568.8,1950.0,0.85
2025-12-09T15:00Z,15,343,17.2,75.0,170.0,306.0,2400.0,0.85
2025-12-09T16:00Z,16,343,15.2,84.0,43.0,77.4,3400.0,0.85
2025-12-09T17:00Z,17,343,14.4,88.0,0.0,0.0,3800.0,0.85
2025-12-09T18:00Z,18,343,14.4,91.0,0.0,0.0,3800.0,0.15
2025-12-09T19:00Z,19,343,13.6,96.0,0.0,0.0,4200.0,0.15
2025-12-09T20:00Z,20,343,12.8,100.0,0.0,0.0,4600.0,0.15
2025-12-09T21:00Z,21,343,11.9,100.0,0.0,0.0,5050.0,0.15
2025-12-09T22:00Z,22,343,11.6,100.0,0.0,0.0,5200.0,0.15
2025-12-09T23:00Z,23,343,11.6,99.0,0.0,0.0,5200.0,0.15
2025-12-10T00:00Z,0,344,11.1,99.0,0.0,0.0,5450.0,0.15
2025-12-10T01:00Z,1,344,10.1,100.0,0.0,0.0,5950.0,0.15
2025-12-10T02:00Z,2,344,10.1,100.0,0.0,0.0,5950.0,0.15
2025-12-10T03:00Z,3,344,10.4,100.0,0.0,0.0,5800.0,0.15
2025-12-10T04:00Z,4,344,10.2,100.0,0.0,0.0,5900.0,0.15
2025-12-10T05:00Z,5,344,10.0,100.0,0.0,0.0,6000.0,0.15
2025-12-10T06:00Z,6,344,9.9,99.0,0.0,0.0,6050.0,0.15
2025-12-10T07:00Z,7,344,9.6,99.0,9.0,16.2,6200.0,0.15
2025-12-10T08:00Z,8,344,9.9,98.0,73.0,131.4,6050.0,0.85
2025-12-10T09:00Z,9,344,11.0,92.0,188.0,338.4,5500.0,0.85
2025-12-10T10:00Z,10,344,12.9,89.0,314.0,565.2,4550.0,0.85
2025-12-10T11:00Z,11,344,14.9,79.0,440.0,792.0,3550.0,0.85
2025-12-10T12:00Z,12,344,17.0,75.0,459.0,826.2,2500.0,0.85
2025-12-10T13:00Z,13,344,17.8,74.0,420.0,756.0,2100.0,0.85
2025-12-10T14:00Z,14,344,17.7,76.0,317.0,570.6,2150.0,0.85
2025-12-10T15:00Z,15,344,17.0,83.0,185.0,333.0,2500.0,0.85
2025-12-10T16:00Z,16,344,15.5,92.0,48.0,86.4,3250.0,0.85
2025-12-10T17:00Z,17,344,14.7,94.0,0.0,0.0,3650.0,0.85
2025-12-10T18:00Z,18,344,14.1,94.0,0.0,0.0,3950.0,0.15
2025-12-10T19:00Z,19,344,12.8,91.0,0.0,0.0,4600.0,0.15
2025-12-10T20:00Z,20,344,11.9,92.0,0.0,0.0,5050.0,0.15
2025-12-10T21:00Z,21,344,11.6,95.0,0.0,0.0,5200.0,0.15
2025-12-10T22:00Z,22,344,11.3,97.0,0.0,0.0,5350.0,0.15
2025-12-10T23:00Z,23,344,11.2,97.0,0.0,0.0,5400.0,0.15
2025-12-11T00:00Z,0,345,10.4,97.0,0.0,0.0,5800.0,0.15
2025-12-11T01:00Z,1,345,8.9,100.0,0.0,0.0,6550.0,0.15
2025-12-11T02:00Z,2,345,8.7,100.0,0.0,0.0,6650.0,0.15
2025-12-11T03:00Z,3,345,8.1,100.0,0.0,0.0,6950.0,0.15
2025-12-11T04:00Z,4,345,8.0,100.0,0.0,0.0,7000.0,0.15
2025-12-11T05:00Z,5,345,8.0,100.0,0.0,0.0,7000.0,0.15
2025-12-11T06:00Z,6,345,8.0,100.0,0.0,0.0,7000.0,0.15
2025-12-11T07:00Z,7,345,8.1,100.0,8.0,14.4,6950.0,0.15
2025-12-11T08:00Z,8,345,9.4,98.0,68.0,122.4,6300.0,0.85
2025-12-11T09:00Z,9,345,10.9,97.0,161.0,289.8,5550.0,0.85
2025-12-11T10:00Z,10,345,12.1,96.0,232.0,417.6,4950.0,0.85
2025-12-11T11:00Z,11,345,13.9,91.0,337.0,606.6,4050.0,0.85
2025-12-11T12:00Z,12,345,15.9,82.0,333.0,599.4,3050.0,0.85
2025-12-11T13:00Z,13,345,16.6,76.0,359.0,646.2,2700.0,0.85
2025-12-11T14:00Z,14,345,16.6,74.0,292.0,525.6,2700.0,0.85
2025-12-11T15:00Z,15,345,16.2,79.0,181.0,325.8,2900.0,0.85
2025-12-11T16:00Z,16,345,14.8,88.0,46.0,82.8,3600.0,0.85
2025-12-11T17:00Z,17,345,14.2,90.0,0.0,0.0,3900.0,0.85
2025-12-11T18:00Z,18,345,13.9,91.0,0.0,0.0,4050.0,0.15
2025-12-11T19:00Z,19,345,13.7,92.0,0.0,0.0,4150.0,0.15
2025-12-11T20:00Z,20,345,12.9,95.0,0.0,0.0,4550.0,0.15
2025-12-11T21:00Z,21,345,12.1,97.0,0.0,0.0,4950.0,0.15
2025-12-11T22:00Z,22,345,11.6,99.0,0.0,0.0,5200.0,0.15
2025-12-11T23:00Z,23,345,11.0,100.0,0.0,0.0,5500.0,0.15
2025-12-12T00:00Z,0,346,10.1,100.0,0.0,0.0,5950.0,0.15
2025-12-12T01:00Z,1,346,9.2,100.0,0.0,0.0,6400.0,0.15
2025-12-12T02:00Z,2,346,8.8,100.0,0.0,0.0,6600.0,0.15
2025-12-12T03:00Z,3,346,8.2,100.0,0.0,0.0,6900.0,0.15
2025-12-12T04:00Z,4,346,8.1,100.0,0.0,0.0,6950.0,0.15
2025-12-12T05:00Z,5,346,8.0,100.0,0.0,0.0,7000.0,0.15
2025-12-12T06:00Z,6,346,8.1,100.0,0.0,0.0,6950.0,0.15
2025-12-12T07:00Z,7,346,8.2,99.0,9.0,16.2,6900.0,0.15
2025-12-12T08:00Z,8,346,9.4,98.0,74.0,133.2,6300.0,0.85
2025-12-12T09:00Z,9,346,10.8,96.0,161.0,289.8,5600.0,0.85
2025-12-12T10:00Z,10,346,12.6,93.0,263.0,473.4,4700.0,0.85
2025-12-12T11:00Z,11,346,14.6,88.0,376.0,676.8,3700.0,0.85
2025-12-12T12:00Z,12,346,16.7,82.0,449.0,808.2,2650.0,0.85
2025-12-12T13:00Z,13,346,17.2,80.0,335.0,603.0,2400.0,0.85
2025-12-12T14:00Z,14,346,17.0,83.0,291.0,523.8,2500.0,0.85
2025-12-12T15:00Z,15,346,16.4,86.0,171.0,307.8,2800.0,0.85
2025-12-12T16:00Z,16,346,15.4,88.0,44.0,79.2,3300.0,0.85
2025-12-12T17:00Z,17,346,15.0,88.0,0.0,0.0,3500.0,0.85
2025-12-12T18:00Z,18,346,14.9,87.0,0.0,0.0,3550.0,0.15
2025-12-12T19:00Z,19,346,14.3,89.0,0.0,0.0,3850.0,0.15
2025-12-12T20:00Z,20,346,13.5,91.0,0.0,0.0,4250.0,0.15
2025-12-12T21:00Z,21,346,13.1,91.0,0.0,0.0,4450.0,0.15
2025-12-12T22:00Z,22,346,12.7,92.0,0.0,0.0,4650.0,0.15
2025-12-12T23:00Z,23,346,12.1,93.0,0.0,0.0,4950.0,0.15
2025-12-13T00:00Z,0,347,11.6,98.0,0.0,0.0,5200.0,0.15
2025-12-13T01:00Z,1,347,10.9,100.0,0.0,0.0,5550.0,0.15
2025-12-13T02:00Z,2,347,10.4,100.0,0.0,0.0,5800.0,0.15
2025-12-13T03:00Z,3,347,9.9,100.0,0.0,0.0,6050.0,0.15
2025-12-13T04:00Z,4,347,9.6,100.0,0.0,0.0,6200.0,0.15
2025-12-13T05:00Z,5,347,9.3,100.0,0.0,0.0,6350.0,0.15
2025-12-13T06:00Z,6,347,9.1,99.0,0.0,0.0,6450.0,0.15
2025-12-13T07:00Z,7,347,8.9,100.0,9.0,16.2,6550.0,0.15
2025-12-13T08:00Z,8,347,10.2,98.0,83.0,149.4,5900.0,0.15
2025-12-13T09:00Z,9,347,11.8,99.0,188.0,338.4,5100.0,0.15
2025-12-13T10:00Z,10,347,13.9,94.0,320.0,576.0,4050.0,0.15
2025-12-13T11:00Z,11,347,16.0,86.0,421.0,757.8,3000.0,0.15
2025-12-13T12:00Z,12,347,17.6,78.0,454.0,817.2,2200.0,0.15
2025-12-13T13:00Z,13,347,18.1,73.0,363.0,653.4,1950.0,0.15
2025-12-13T14:00Z,14,347,17.5,76.0,273.0,491.4,2250.0,0.15
2025-12-13T15:00Z,15,347,16.5,84.0,137.0,246.6,2750.0,0.15
2025-12-13T16:00Z,16,347,15.6,90.0,41.0,73.8,3200.0,0.15
2025-12-13T17:00Z,17,347,15.1,90.0,0.0,0.0,3450.0,0.15
2025-12-13T18:00Z,18,347,14.6,91.0,0.0,0.0,3700.0,0.15
2025-12-13T19:00Z,19,347,13.8,92.0,0.0,0.0,4100.0,0.15
2025-12-13T20:00Z,20,347,13.1,93.0,0.0,0.0,4450.0,0.15
2025-12-13T21:00Z,21,347,12.6,93.0,0.0,0.0,4700.0,0.15
2025-12-13T22:00Z,22,347,12.2,94.0,0.0,0.0,4900.0,0.15
2025-12-13T23:00Z,23,347,11.6,95.0,0.0,0.0,5200.0,0.15
2025-12-14T00:00Z,0,348,10.6,97.0,0.0,0.0,5700.0,0.15
2025-12-14T01:00Z,1,348,9.7,98.0,0.0,0.0,6150.0,0.15
2025-12-14T02:00Z,2,348,9.6,98.0,0.0,0.0,6200.0,0.15
2025-12-14T03:00Z,3,348,8.9,98.0,0.0,0.0,6550.0,0.15
2025-12-14T04:00Z,4,348,8.6,99.0,0.0,0.0,6700.0,0.15
2025-12-14T05:00Z,5,348,8.1,100.0,0.0,0.0,6950.0,0.15
2025-12-14T06:00Z,6,348,7.8,100.0,0.0,0.0,7100.0,0.15
2025-12-14T07:00Z,7,348,8.4,100.0,9.0,16.2,6800.0,0.15
2025-12-14T08:00Z,8,348,10.1,98.0,85.0,153.0,5950.0,0.15
2025-12-14T09:00Z,9,348,12.2,98.0,199.0,358.2,4900.0,0.15
2025-12-14T10:00Z,10,348,15.4,88.0,348.0,626.4,3300.0,0.15
2025-12-14T11:00Z,11,348,17.7,80.0,438.0,788.4,2150.0,0.15
2025-12-14T12:00Z,12,348,19.2,68.0,417.0,750.6,1400.0,0.15
2025-12-14T13:00Z,13,348,19.5,63.0,396.0,712.8,1250.0,0.15
2025-12-14T14:00Z,14,348,19.5,64.0,315.0,567.0,1250.0,0.15
2025-12-14T15:00Z,15,348,18.6,68.0,183.0,329.4,1700.0,0.15
2025-12-14T16:00Z,16,348,16.9,78.0,48.0,86.4,2550.0,0.15
2025-12-14T17:00Z,17,348,15.8,85.0,0.0,0.0,3100.0,0.15
2025-12-14T18:00Z,18,348,15.6,90.0,0.0,0.0,3200.0,0.15
2025-12-14T19:00Z,19,348,15.5,89.0,0.0,0.0,3250.0,0.15
2025-12-14T20:00Z,20,348,15.3,90.0,0.0,0.0,3350.0,0.15
2025-12-14T21:00Z,21,348,15.4,89.0,0.0,0.0,3300.0,0.15
2025-12-14T22:00Z,22,348,15.2,89.0,0.0,0.0,3400.0,0.15
2025-12-14T23:00Z,23,348,14.9,90.0,0.0,0.0,3550.0,0.15
2025-12-15T00:00Z,0,349,13.8,93.0,0.0,0.0,4100.0,0.15
2025-12-15T01:00Z,1,349,13.1,95.0,0.0,0.0,4450.0,0.15
2025-12-15T02:00Z,2,349,13.0,95.0,0.0,0.0,4500.0,0.15
2025-12-15T03:00Z,3,349,13.2,94.0,0.0,0.0,4400.0,0.15
2025-12-15T04:00Z,4,349,13.8,92.0,0.0,0.0,4100.0,0.15
2025-12-15T05:00Z,5,349,13.8,92.0,0.0,0.0,4100.0,0.15
2025-12-15T06:00Z,6,349,13.6,92.0,0.0,0.0,4200.0,0.15
2025-12-15T07:00Z,7,349,14.2,91.0,10.0,18.0,3900.0,0.15
2025-12-15T08:00Z,8,349,15.8,86.0,67.0,120.6,3100.0,0.85
2025-12-15T09:00Z,9,349,17.2,83.0,130.0,234.0,2400.0,0.85
2025-12-15T10:00Z,10,349,18.0,80.0,158.0,284.4,2000.0,0.85
2025-12-15T11:00Z,11,349,19.0,74.0,240.0,432.0,1500.0,0.85
2025-12-15T12:00Z,12,349,18.6,74.0,184.0,331.2,1700.0,0.85
2025-12-15T13:00Z,13,349,18.6,75.0,158.0,284.4,1700.0,0.85
2025-12-15T14:00Z,14,349,18.1,79.0,130.0,234.0,1950.0,0.85
2025-12-15T15:00Z,15,349,17.2,82.0,33.0,59.4,2400.0,0.85
2025-12-15T16:00Z,16,349,16.7,86.0,6.0,10.8,2650.0,0.85
2025-12-15T17:00Z,17,349,16.6,88.0,0.0,0.0,2700.0,0.85
2025-12-15T18:00Z,18,349,16.2,90.0,0.0,0.0,2900.0,0.15
2025-12-15T19:00Z,19,349,16.5,89.0,0.0,0.0,2750.0,0.15
2025-12-15T20:00Z,20,349,16.3,87.0,0.0,0.0,2850.0,0.15
2025-12-15T21:00Z,21,349,16.0,87.0,0.0,0.0,3000.0,0.15
2025-12-15T22:00Z,22,349,15.9,87.0,0.0,0.0,3050.0,0.15
2025-12-15T23:00Z,23,349,15.1,90.0,0.0,0.0,3450.0,0.15
2025-12-16T00:00Z,0,350,15.6,90.0,0.0,0.0,3200.0,0.15
2025-12-16T01:00Z,1,350,15.4,89.0,0.0,0.0,3300.0,0.15
2025-12-16T02:00Z,2,350,15.2,90.0,0.0,0.0,3400.0,0.15
2025-12-16T03:00Z,3,350,14.7,92.0,0.0,0.0,3650.0,0.15
2025-12-16T04:00Z,4,350,14.8,90.0,0.0,0.0,3600.0,0.15
2025-12-16T05:00Z,5,350,14.7,89.0,0.0,0.0,3650.0,0.15
2025-12-16T06:00Z,6,350,14.4,93.0,0.0,0.0,3800.0,0.15
2025-12-16T07:00Z,7,350,14.6,91.0,5.0,9.0,3700.0,0.15
2025-12-16T08:00Z,8,350,15.1,89.0,51.0,91.8,3450.0,0.85
2025-12-16T09:00Z,9,350,15.8,86.0,119.0,214.2,3100.0,0.85
2025-12-16T10:00Z,10,350,16.4,85.0,154.0,277.2,2800.0,0.85
2025-12-16T11:00Z,11,350,17.9,79.0,330.0,594.0,2050.0,0.85
2025-12-16T12:00Z,12,350,18.6,69.0,454.0,817.2,1700.0,0.85
2025-12-16T13:00Z,13,350,19.5,57.0,392.0,705.6,1250.0,0.85
2025-12-16T14:00Z,14,350,20.0,51.0,315.0,567.0,1000.0,0.85
2025-12-16T15:00Z,15,350,19.0,59.0,196.0,352.8,1500.0,0.85
2025-12-16T16:00Z,16,350,16.8,73.0,53.0,95.4,2600.0,0.85
2025-12-16T17:00Z,17,350,15.9,75.0,0.0,0.0,3050.0,0.85
2025-12-16T18:00Z,18,350,16.5,74.0,0.0,0.0,2750.0,0.15
2025-12-16T19:00Z,19,350,16.4,74.0,0.0,0.0,2800.0,0.15
2025-12-16T20:00Z,20,350,15.8,78.0,0.0,0.0,3100.0,0.15
2025-12-16T21:00Z,21,350,14.9,80.0,0.0,0.0,3550.0,0.15
2025-12-16T22:00Z,22,350,14.4,81.0,0.0,0.0,3800.0,0.15
2025-12-16T23:00Z,23,350,14.0,82.0,0.0,0.0,4000.0,0.15
2025-12-17T00:00Z,0,351,12.9,85.0,0.0,0.0,4550.0,0.15
2025-12-17T01:00Z,1,351,12.0,86.0,0.0,0.0,5000.0,0.15
2025-12-17T02:00Z,2,351,11.6,86.0,0.0,0.0,5200.0,0.15
2025-12-17T03:00Z,3,351,11.1,88.0,0.0,0.0,5450.0,0.15
2025-12-17T04:00Z,4,351,10.9,88.0,0.0,0.0,5550.0,0.15
2025-12-17T05:00Z,5,351,10.9,90.0,0.0,0.0,5550.0,0.15
2025-12-17T06:00Z,6,351,11.0,93.0,0.0,0.0,5500.0,0.15
2025-12-17T07:00Z,7,351,10.8,94.0,9.0,16.2,5600.0,0.15
2025-12-17T08:00Z,8,351,12.9,87.0,93.0,167.4,4550.0,0.85
2025-12-17T09:00Z,9,351,15.5,82.0,257.0,462.6,3250.0,0.85
2025-12-17T10:00Z,10,351,17.5,77.0,383.0,689.4,2250.0,0.85
2025-12-17T11:00Z,11,351,18.8,70.0,429.0,772.2,1600.0,0.85
2025-12-17T12:00Z,12,351,19.5,65.0,386.0,694.8,1250.0,0.85
2025-12-17T13:00Z,13,351,19.8,62.0,383.0,689.4,1100.0,0.85
2025-12-17T14:00Z,14,351,19.4,65.0,318.0,572.4,1300.0,0.85
2025-12-17T15:00Z,15,351,18.4,73.0,170.0,306.0,1800.0,0.85
2025-12-17T16:00Z,16,351,17.0,80.0,44.0,79.2,2500.0,0.85
2025-12-17T17:00Z,17,351,16.1,86.0,0.0,0.0,2950.0,0.85
2025-12-17T18:00Z,18,351,15.8,91.0,0.0,0.0,3100.0,0.15
2025-12-17T19:00Z,19,351,14.9,95.0,0.0,0.0,3550.0,0.15
2025-12-17T20:00Z,20,351,15.1,95.0,0.0,0.0,3450.0,0.15
2025-12-17T21:00Z,21,351,15.1,96.0,0.0,0.0,3450.0,0.15
2025-12-17T22:00Z,22,351,13.9,98.0,0.0,0.0,4050.0,0.15
2025-12-17T23:00Z,23,351,13.6,99.0,0.0,0.0,4200.0,0.15
2025-12-18T00:00Z,0,352,13.8,100.0,0.0,0.0,4100.0,0.15
2025-12-18T01:00Z,1,352,13.5,100.0,0.0,0.0,4250.0,0.15
2025-12-18T02:00Z,2,352,13.6,100.0,0.0,0.0,4200.0,0.15
2025-12-18T03:00Z,3,352,12.8,100.0,0.0,0.0,4600.0,0.15
2025-12-18T04:00Z,4,352,12.9,100.0,0.0,0.0,4550.0,0.15
2025-12-18T05:00Z,5,352,13.4,100.0,0.0,0.0,4300.0,0.15
2025-12-18T06:00Z,6,352,14.4,100.0,0.0,0.0,3800.0,0.15
2025-12-18T07:00Z,7,352,15.0,99.0,6.0,10.8,3500.0,0.15
2025-12-18T08:00Z,8,352,16.6,95.0,70.0,126.0,2700.0,0.85
2025-12-18T09:00Z,9,352,18.4,91.0,215.0,387.0,1800.0,0.85
2025-12-18T10:00Z,10,352,20.0,81.0,339.0,610.2,1000.0,0.85
2025-12-18T11:00Z,11,352,20.8,68.0,407.0,732.6,600.0,0.85
2025-12-18T12:00Z,12,352,20.5,68.0,387.0,696.6,750.0,0.85
2025-12-18T13:00Z,13,352,20.1,71.0,328.0,590.4,950.0,0.85
2025-12-18T14:00Z,14,352,19.4,75.0,194.0,349.2,1300.0,0.85
2025-12-18T15:00Z,15,352,18.7,78.0,134.0,241.2,1650.0,0.85
2025-12-18T16:00Z,16,352,17.9,81.0,37.0,66.6,2050.0,0.85
2025-12-18T17:00Z,17,352,17.5,84.0,0.0,0.0,2250.0,0.85
2025-12-18T18:00Z,18,352,16.6,90.0,0.0,0.0,2700.0,0.15
2025-12-18T19:00Z,19,352,16.2,92.0,0.0,0.0,2900.0,0.15
2025-12-18T20:00Z,20,352,16.2,91.0,0.0,0.0,2900.0,0.15
2025-12-18T21:00Z,21,352,16.1,89.0,0.0,0.0,2950.0,0.15
2025-12-18T22:00Z,22,352,16.1,89.0,0.0,0.0,2950.0,0.15
2025-12-18T23:00Z,23,352,15.9,88.0,0.0,0.0,3050.0,0.15
2025-12-19T00:00Z,0,353,16.4,86.0,0.0,0.0,2800.0,0.15
2025-12-19T01:00Z,1,353,16.0,85.0,0.0,0.0,3000.0,0.15
2025-12-19T02:00Z,2,353,15.6,86.0,0.0,0.0,3200.0,0.15
2025-12-19T03:00Z,3,353,15.5,86.0,0.0,0.0,3250.0,0.15
2025-12-19T04:00Z,4,353,15.2,86.0,0.0,0.0,3400.0,0.15
2025-12-19T05:00Z,5,353,14.6,90.0,0.0,0.0,3700.0,0.15
2025-12-19T06:00Z,6,353,14.4,93.0,0.0,0.0,3800.0,0.15
2025-12-19T07:00Z,7,353,14.5,95.0,2.0,3.6,3750.0,0.15
2025-12-19T08:00Z,8,353,14.7,93.0,36.0,64.8,3650.0,0.85
2025-12-19T09:00Z,9,353,14.9,93.0,46.0,82.8,3550.0,0.85
2025-12-19T10:00Z,10,353,15.8,90.0,97.0,174.6,3100.0,0.85
2025-12-19T11:00Z,11,353,16.5,85.0,202.0,363.6,2750.0,0.85
2025-12-19T12:00Z,12,353,15.7,87.0,156.0,280.8,3150.0,0.85
2025-12-19T13:00Z,13,353,15.9,87.0,112.0,201.6,3050.0,0.85
2025-12-19T14:00Z,14,353,15.8,88.0,95.0,171.0,3100.0,0.85
2025-12-19T15:00Z,15,353,15.4,86.0,44.0,79.2,3300.0,0.85
2025-12-19T16:00Z,16,353,14.9,91.0,6.0,10.8,3550.0,0.85
2025-12-19T17:00Z,17,353,14.4,93.0,0.0,0.0,3800.0,0.85
2025-12-19T18:00Z,18,353,14.4,94.0,0.0,0.0,3800.0,0.15
2025-12-19T19:00Z,19,353,14.1,96.0,0.0,0.0,3950.0,0.15
2025-12-19T20:00Z,20,353,14.1,96.0,0.0,0.0,3950.0,0.15
2025-12-19T21:00Z,21,353,13.9,97.0,0.0,0.0,4050.0,0.15
2025-12-19T22:00Z,22,353,13.8,96.0,0.0,0.0,4100.0,0.15
2025-12-19T23:00Z,23,353,13.7,95.0,0.0,0.0,4150.0,0.15
2025-12-20T00:00Z,0,354,13.1,96.0,0.0,0.0,4450.0,0.15
2025-12-20T01:00Z,1,354,12.8,96.0,0.0,0.0,4600.0,0.15
2025-12-20T02:00Z,2,354,13.1,95.0,0.0,0.0,4450.0,0.15
2025-12-20T03:00Z,3,354,12.4,96.0,0.0,0.0,4800.0,0.15
2025-12-20T04:00Z,4,354,11.9,97.0,0.0,0.0,5050.0,0.15
2025-12-20T05:00Z,5,354,12.2,98.0,0.0,0.0,4900.0,0.15
2025-12-20T06:00Z,6,354,12.5,96.0,0.0,0.0,4750.0,0.15
2025-12-20T07:00Z,7,354,12.7,97.0,6.0,10.8,4650.0,0.15
2025-12-20T08:00Z,8,354,13.4,96.0,96.0,172.8,4300.0,0.15
2025-12-20T09:00Z,9,354,14.9,90.0,238.0,428.4,3550.0,0.15
2025-12-20T10:00Z,10,354,15.9,82.0,354.0,637.2,3050.0,0.15
2025-12-20T11:00Z,11,354,16.6,75.0,360.0,648.0,2700.0,0.15
2025-12-20T12:00Z,12,354,16.6,77.0,337.0,606.6,2700.0,0.15
2025-12-20T13:00Z,13,354,16.9,74.0,333.0,599.4,2550.0,0.15
2025-12-20T14:00Z,14,354,16.5,76.0,216.0,388.8,2750.0,0.15
2025-12-20T15:00Z,15,354,15.4,81.0,75.0,135.0,3300.0,0.15
2025-12-20T16:00Z,16,354,14.9,88.0,17.0,30.6,3550.0,0.15
2025-12-20T17:00Z,17,354,14.4,91.0,0.0,0.0,3800.0,0.15
2025-12-20T18:00Z,18,354,14.2,94.0,0.0,0.0,3900.0,0.15
2025-12-20T19:00Z,19,354,14.0,94.0,0.0,0.0,4000.0,0.15
2025-12-20T20:00Z,20,354,13.9,94.0,0.0,0.0,4050.0,0.15
2025-12-20T21:00Z,21,354,13.6,95.0,0.0,0.0,4200.0,0.15
2025-12-20T22:00Z,22,354,13.2,97.0,0.0,0.0,4400.0,0.15
2025-12-20T23:00Z,23,354,12.6,99.0,0.0,0.0,4700.0,0.15
2025-12-21T00:00Z,0,355,12.9,99.0,0.0,0.0,4550.0,0.15
2025-12-21T01:00Z,1,355,12.6,100.0,0.0,0.0,4700.0,0.15
2025-12-21T02:00Z,2,355,12.6,99.0,0.0,0.0,4700.0,0.15
2025-12-21T03:00Z,3,355,12.6,100.0,0.0,0.0,4700.0,0.15
2025-12-21T04:00Z,4,355,11.6,100.0,0.0,0.0,5200.0,0.15
2025-12-21T05:00Z,5,355,11.7,100.0,0.0,0.0,5150.0,0.15
2025-12-21T06:00Z,6,355,12.0,100.0,0.0,0.0,5000.0,0.15
2025-12-21T07:00Z,7,355,11.7,100.0,6.0,10.8,5150.0,0.15
2025-12-21T08:00Z,8,355,12.6,98.0,69.0,124.2,4700.0,0.15
2025-12-21T09:00Z,9,355,13.5,93.0,122.0,219.6,4250.0,0.15
2025-12-21T10:00Z,10,355,14.8,87.0,243.0,437.4,3600.0,0.15
2025-12-21T11:00Z,11,355,15.9,80.0,350.0,630.0,3050.0,0.15
2025-12-21T12:00Z,12,355,16.4,77.0,356.0,640.8,2800.0,0.15
2025-12-21T13:00Z,13,355,15.6,77.0,312.0,561.6,3200.0,0.15
2025-12-21T14:00Z,14,355,14.6,82.0,115.0,207.0,3700.0,0.15
2025-12-21T15:00Z,15,355,14.1,84.0,110.0,198.0,3950.0,0.15
2025-12-21T16:00Z,16,355,13.9,88.0,30.0,54.0,4050.0,0.15
2025-12-21T17:00Z,17,355,13.4,92.0,0.0,0.0,4300.0,0.15
2025-12-21T18:00Z,18,355,12.4,98.0,0.0,0.0,4800.0,0.15
2025-12-21T19:00Z,19,355,12.1,97.0,0.0,0.0,4950.0,0.15
2025-12-21T20:00Z,20,355,12.7,94.0,0.0,0.0,4650.0,0.15
2025-12-21T21:00Z,21,355,12.8,93.0,0.0,0.0,4600.0,0.15
2025-12-21T22:00Z,22,355,12.6,92.0,0.0,0.0,4700.0,0.15
2025-12-21T23:00Z,23,355,12.5,92.0,0.0,0.0,4750.0,0.15
2025-12-22T00:00Z,0,356,12.8,89.0,0.0,0.0,4600.0,0.15
2025-12-22T01:00Z,1,356,12.0,90.0,0.0,0.0,5000.0,0.15
2025-12-22T02:00Z,2,356,11.4,91.0,0.0,0.0,5300.0,0.15
2025-12-22T03:00Z,3,356,11.1,91.0,0.0,0.0,5450.0,0.15
2025-12-22T04:00Z,4,356,11.1,91.0,0.0,0.0,5450.0,0.15
2025-12-22T05:00Z,5,356,10.2,93.0,0.0,0.0,5900.0,0.15
2025-12-22T06:00Z,6,356,10.1,95.0,0.0,0.0,5950.0,0.15
2025-12-22T07:00Z,7,356,9.9,94.0,8.0,14.4,6050.0,0.15
2025-12-22T08:00Z,8,356,13.1,83.0,112.0,201.6,4450.0,0.85
2025-12-22T09:00Z,9,356,15.1,81.0,260.0,468.0,3450.0,0.85
2025-12-22T10:00Z,10,356,16.8,72.0,384.0,691.2,2600.0,0.85
2025-12-22T11:00Z,11,356,17.7,64.0,459.0,826.2,2150.0,0.85
2025-12-22T12:00Z,12,356,18.9,60.0,471.0,847.8,1550.0,0.85
2025-12-22T13:00Z,13,356,18.9,60.0,407.0,732.6,1550.0,0.85
2025-12-22T14:00Z,14,356,18.2,61.0,316.0,568.8,1900.0,0.85
2025-12-22T15:00Z,15,356,17.1,62.0,162.0,291.6,2450.0,0.85
2025-12-22T16:00Z,16,356,15.4,65.0,43.0,77.4,3300.0,0.85
2025-12-22T17:00Z,17,356,14.2,67.0,0.0,0.0,3900.0,0.85
2025-12-22T18:00Z,18,356,13.9,69.0,0.0,0.0,4050.0,0.15
2025-12-22T19:00Z,19,356,13.1,71.0,0.0,0.0,4450.0,0.15
2025-12-22T20:00Z,20,356,12.4,74.0,0.0,0.0,4800.0,0.15
2025-12-22T21:00Z,21,356,12.0,74.0,0.0,0.0,5000.0,0.15
2025-12-22T22:00Z,22,356,11.6,74.0,0.0,0.0,5200.0,0.15
2025-12-22T23:00Z,23,356,10.8,76.0,0.0,0.0,5600.0,0.15
2025-12-23T00:00Z,0,357,10.9,73.0,0.0,0.0,5550.0,0.15
2025-12-23T01:00Z,1,357,9.8,80.0,0.0,0.0,6100.0,0.15
2025-12-23T02:00Z,2,357,9.6,83.0,0.0,0.0,6200.0,0.15
2025-12-23T03:00Z,3,357,10.1,84.0,0.0,0.0,5950.0,0.15
2025-12-23T04:00Z,4,357,9.7,83.0,0.0,0.0,6150.0,0.15
2025-12-23T05:00Z,5,357,9.4,81.0,0.0,0.0,6300.0,0.15
2025-12-23T06:00Z,6,357,9.6,79.0,0.0,0.0,6200.0,0.15
2025-12-23T07:00Z,7,357,9.4,82.0,2.0,3.6,6300.0,0.15
2025-12-23T08:00Z,8,357,9.9,82.0,28.0,50.4,6050.0,0.85
2025-12-23T09:00Z,9,357,11.1,82.0,141.0,253.8,5450.0,0.85
2025-12-23T10:00Z,10,357,11.9,73.0,261.0,469.8,5050.0,0.85
2025-12-23T11:00Z,11,357,13.1,56.0,426.0,766.8,4450.0,0.85
2025-12-23T12:00Z,12,357,13.4,53.0,478.0,860.4,4300.0,0.85
2025-12-23T13:00Z,13,357,13.7,52.0,438.0,788.4,4150.0,0.85
2025-12-23T14:00Z,14,357,13.7,52.0,312.0,561.6,4150.0,0.85
2025-12-23T15:00Z,15,357,13.1,58.0,197.0,354.6,4450.0,0.85
2025-12-23T16:00Z,16,357,11.2,67.0,61.0,109.8,5400.0,0.85
2025-12-23T17:00Z,17,357,10.2,68.0,0.0,0.0,5900.0,0.85
2025-12-23T18:00Z,18,357,9.8,74.0,0.0,0.0,6100.0,0.15
2025-12-23T19:00Z,19,357,8.8,81.0,0.0,0.0,6600.0,0.15
2025-12-23T20:00Z,20,357,8.4,84.0,0.0,0.0,6800.0,0.15
2025-12-23T21:00Z,21,357,7.5,85.0,0.0,0.0,7250.0,0.15
2025-12-23T22:00Z,22,357,6.7,86.0,0.0,0.0,7650.0,0.15
2025-12-23T23:00Z,23,357,6.3,84.0,0.0,0.0,7850.0,0.15
2025-12-24T00:00Z,0,358,6.6,82.0,0.0,0.0,7700.0,0.15
2025-12-24T01:00Z,1,358,6.6,75.0,0.0,0.0,7700.0,0.15
2025-12-24T02:00Z,2,358,6.8,71.0,0.0,0.0,7600.0,0.15
2025-12-24T03:00Z,3,358,6.6,72.0,0.0,0.0,7700.0,0.15
2025-12-24T04:00Z,4,358,6.4,72.0,0.0,0.0,7800.0,0.15
2025-12-24T05:00Z,5,358,6.4,73.0,0.0,0.0,7800.0,0.15
2025-12-24T06:00Z,6,358,6.6,75.0,0.0,0.0,7700.0,0.15
2025-12-24T07:00Z,7,358,6.4,76.0,8.0,14.4,7800.0,0.15
2025-12-24T08:00Z,8,358,8.0,74.0,115.0,207.0,7000.0,0.85
2025-12-24T09:00Z,9,358,9.9,69.0,268.0,482.4,6050.0,0.85
2025-12-24T10:00Z,10,358,11.8,63.0,393.0,707.4,5100.0,0.85
2025-12-24T11:00Z,11,358,13.1,59.0,468.0,842.4,4450.0,0.85
2025-12-24T12:00Z,12,358,14.1,55.0,485.0,873.0,3950.0,0.85
2025-12-24T13:00Z,13,358,14.8,52.0,442.0,795.6,3600.0,0.85
2025-12-24T14:00Z,14,358,14.8,52.0,328.0,590.4,3600.0,0.85
2025-12-24T15:00Z,15,358,14.1,59.0,205.0,369.0,3950.0,0.85
2025-12-24T16:00Z,16,358,12.0,67.0,61.0,109.8,5000.0,0.85
2025-12-24T17:00Z,17,358,11.3,72.0,0.0,0.0,5350.0,0.85
2025-12-24T18:00Z,18,358,10.4,76.0,0.0,0.0,5800.0,0.15
2025-12-24T19:00Z,19,358,10.1,72.0,0.0,0.0,5950.0,0.15
2025-12-24T20:00Z,20,358,9.6,73.0,0.0,0.0,6200.0,0.15
2025-12-24T21:00Z,21,358,9.4,74.0,0.0,0.0,6300.0,0.15
2025-12-24T22:00Z,22,358,9.5,74.0,0.0,0.0,6250.0,0.15
2025-12-24T23:00Z,23,358,9.4,75.0,0.0,0.0,6300.0,0.15
2025-12-25T00:00Z,0,359,9.6,74.0,0.0,0.0,6200.0,0.15
2025-12-25T01:00Z,1,359,9.6,74.0,0.0,0.0,6200.0,0.15
2025-12-25T02:00Z,2,359,9.1,75.0,0.0,0.0,6450.0,0.15
2025-12-25T03:00Z,3,359,9.0,75.0,0.0,0.0,6500.0,0.15
2025-12-25T04:00Z,4,359,9.1,75.0,0.0,0.0,6450.0,0.15
2025-12-25T05:00Z,5,359,8.4,78.0,0.0,0.0,6800.0,0.15
2025-12-25T06:00Z,6,359,8.1,81.0,0.0,0.0,6950.0,0.15
2025-12-25T07:00Z,7,359,8.5,81.0,7.0,12.6,6750.0,0.15
2025-12-25T08:00Z,8,359,10.7,74.0,106.0,190.8,5650.0,0.85
2025-12-25T09:00Z,9,359,13.1,73.0,250.0,450.0,4450.0,0.85
2025-12-25T10:00Z,10,359,15.1,65.0,373.0,671.4,3450.0,0.85
2025-12-25T11:00Z,11,359,16.0,59.0,450.0,810.0,3000.0,0.85
2025-12-25T12:00Z,12,359,16.6,57.0,475.0,855.0,2700.0,0.85
2025-12-25T13:00Z,13,359,17.1,55.0,433.0,779.4,2450.0,0.85
2025-12-25T14:00Z,14,359,17.2,56.0,315.0,567.0,2400.0,0.85
2025-12-25T15:00Z,15,359,16.9,62.0,205.0,369.0,2550.0,0.85
2025-12-25T16:00Z,16,359,14.7,70.0,57.0,102.6,3650.0,0.85
2025-12-25T17:00Z,17,359,13.8,69.0,0.0,0.0,4100.0,0.85
2025-12-25T18:00Z,18,359,13.5,73.0,0.0,0.0,4250.0,0.15
2025-12-25T19:00Z,19,359,12.9,64.0,0.0,0.0,4550.0,0.15
2025-12-25T20:00Z,20,359,12.6,60.0,0.0,0.0,4700.0,0.15
2025-12-25T21:00Z,21,359,12.1,61.0,0.0,0.0,4950.0,0.15
2025-12-25T22:00Z,22,359,11.6,62.0,0.0,0.0,5200.0,0.15
2025-12-25T23:00Z,23,359,11.1,62.0,0.0,0.0,5450.0,0.15
2025-12-26T00:00Z,0,360,11.0,63.0,0.0,0.0,5500.0,0.15
2025-12-26T01:00Z,1,360,10.7,63.0,0.0,0.0,5650.0,0.15
2025-12-26T02:00Z,2,360,9.4,68.0,0.0,0.0,6300.0,0.15
2025-12-26T03:00Z,3,360,9.3,66.0,0.0,0.0,6350.0,0.15
2025-12-26T04:00Z,4,360,9.6,66.0,0.0,0.0,6200.0,0.15
2025-12-26T05:00Z,5,360,9.5,67.0,0.0,0.0,6250.0,0.15
2025-12-26T06:00Z,6,360,9.4,76.0,0.0,0.0,6300.0,0.15
2025-12-26T07:00Z,7,360,10.0,79.0,5.0,9.0,6000.0,0.15
2025-12-26T08:00Z,8,360,11.9,75.0,76.0,136.8,5050.0,0.85
2025-12-26T09:00Z,9,360,13.4,73.0,158.0,284.4,4300.0,0.85
2025-12-26T10:00Z,10,360,15.1,71.0,275.0,495.0,3450.0,0.85
2025-12-26T11:00Z,11,360,16.4,69.0,369.0,664.2,2800.0,0.85
2025-12-26T12:00Z,12,360,18.0,53.0,418.0,752.4,2000.0,0.85
2025-12-26T13:00Z,13,360,18.2,50.0,370.0,666.0,1900.0,0.85
2025-12-26T14:00Z,14,360,17.9,54.0,313.0,563.4,2050.0,0.85
2025-12-26T15:00Z,15,360,16.2,63.0,129.0,232.2,2900.0,0.85
2025-12-26T16:00Z,16,360,14.6,70.0,60.0,108.0,3700.0,0.85
2025-12-26T17:00Z,17,360,13.4,79.0,0.0,0.0,4300.0,0.85
2025-12-26T18:00Z,18,360,12.9,83.0,0.0,0.0,4550.0,0.15
2025-12-26T19:00Z,19,360,13.1,83.0,0.0,0.0,4450.0,0.15
2025-12-26T20:00Z,20,360,12.1,86.0,0.0,0.0,4950.0,0.15
2025-12-26T21:00Z,21,360,12.1,85.0,0.0,0.0,4950.0,0.15
2025-12-26T22:00Z,22,360,11.9,87.0,0.0,0.0,5050.0,0.15
2025-12-26T23:00Z,23,360,10.9,90.0,0.0,0.0,5550.0,0.15
2025-12-27T00:00Z,0,361,11.9,93.0,0.0,0.0,5050.0,0.15
2025-12-27T01:00Z,1,361,12.4,94.0,0.0,0.0,4800.0,0.15
2025-12-27T02:00Z,2,361,12.0,95.0,0.0,0.0,5000.0,0.15
2025-12-27T03:00Z,3,361,11.6,94.0,0.0,0.0,5200.0,0.15
2025-12-27T04:00Z,4,361,10.9,96.0,0.0,0.0,5550.0,0.15
2025-12-27T05:00Z,5,361,11.0,98.0,0.0,0.0,5500.0,0.15
2025-12-27T06:00Z,6,361,11.1,95.0,0.0,0.0,5450.0,0.15
2025-12-27T07:00Z,7,361,10.6,96.0,6.0,10.8,5700.0,0.15
2025-12-27T08:00Z,8,361,11.7,96.0,90.0,162.0,5150.0,0.15
2025-12-27T09:00Z,9,361,12.9,95.0,139.0,250.2,4550.0,0.15
2025-12-27T10:00Z,10,361,13.6,88.0,192.0,345.6,4200.0,0.15
2025-12-27T11:00Z,11,361,13.9,85.0,260.0,468.0,4050.0,0.15
2025-12-27T12:00Z,12,361,15.1,83.0,289.0,520.2,3450.0,0.15
2025-12-27T13:00Z,13,361,15.8,80.0,275.0,495.0,3100.0,0.15
2025-12-27T14:00Z,14,361,15.6,79.0,310.0,558.0,3200.0,0.15
2025-12-27T15:00Z,15,361,14.4,84.0,144.0,259.2,3800.0,0.15
2025-12-27T16:00Z,16,361,13.6,90.0,42.0,75.6,4200.0,0.15
2025-12-27T17:00Z,17,361,12.4,95.0,0.0,0.0,4800.0,0.15
2025-12-27T18:00Z,18,361,12.6,98.0,0.0,0.0,4700.0,0.15
2025-12-27T19:00Z,19,361,12.4,97.0,0.0,0.0,4800.0,0.15
2025-12-27T20:00Z,20,361,12.2,96.0,0.0,0.0,4900.0,0.15
2025-12-27T21:00Z,21,361,12.1,96.0,0.0,0.0,4950.0,0.15
2025-12-27T22:00Z,22,361,12.1,95.0,0.0,0.0,4950.0,0.15
2025-12-27T23:00Z,23,361,12.2,96.0,0.0,0.0,4900.0,0.15
2025-12-28T00:00Z,0,362,11.9,96.0,0.0,0.0,5050.0,0.15
2025-12-28T01:00Z,1,362,11.6,97.0,0.0,0.0,5200.0,0.15
2025-12-28T02:00Z,2,362,11.2,97.0,0.0,0.0,5400.0,0.15
2025-12-28T03:00Z,3,362,10.8,98.0,0.0,0.0,5600.0,0.15
2025-12-28T04:00Z,4,362,9.9,99.0,0.0,0.0,6050.0,0.15
2025-12-28T05:00Z,5,362,9.8,100.0,0.0,0.0,6100.0,0.15
2025-12-28T06:00Z,6,362,10.0,100.0,0.0,0.0,6000.0,0.15
2025-12-28T07:00Z,7,362,10.2,99.0,4.0,7.2,5900.0,0.15
2025-12-28T08:00Z,8,362,10.7,98.0,44.0,79.2,5650.0,0.15
2025-12-28T09:00Z,9,362,11.4,95.0,139.0,250.2,5300.0,0.15
2025-12-28T10:00Z,10,362,11.9,93.0,184.0,331.2,5050.0,0.15
2025-12-28T11:00Z,11,362,12.6,87.0,238.0,428.4,4700.0,0.15
2025-12-28T12:00Z,12,362,14.9,79.0,359.0,646.2,3550.0,0.15
2025-12-28T13:00Z,13,362,15.7,76.0,423.0,761.4,3150.0,0.15
2025-12-28T14:00Z,14,362,15.9,74.0,349.0,628.2,3050.0,0.15
2025-12-28T15:00Z,15,362,15.6,75.0,215.0,387.0,3200.0,0.15
2025-12-28T16:00Z,16,362,14.0,83.0,68.0,122.4,4000.0,0.15
2025-12-28T17:00Z,17,362,12.7,89.0,0.0,0.0,4650.0,0.15
2025-12-28T18:00Z,18,362,12.2,93.0,0.0,0.0,4900.0,0.15
2025-12-28T19:00Z,19,362,11.4,95.0,0.0,0.0,5300.0,0.15
2025-12-28T20:00Z,20,362,10.8,97.0,0.0,0.0,5600.0,0.15
2025-12-28T21:00Z,21,362,10.6,99.0,0.0,0.0,5700.0,0.15
2025-12-28T22:00Z,22,362,9.8,100.0,0.0,0.0,6100.0,0.15
2025-12-28T23:00Z,23,362,9.2,100.0,0.0,0.0,6400.0,0.15
2025-12-29T00:00Z,0,363,8.6,100.0,0.0,0.0,6700.0,0.15
2025-12-29T01:00Z,1,363,7.8,99.0,0.0,0.0,7100.0,0.15
2025-12-29T02:00Z,2,363,7.6,99.0,0.0,0.0,7200.0,0.15
2025-12-29T03:00Z,3,363,7.6,100.0,0.0,0.0,7200.0,0.15
2025-12-29T04:00Z,4,363,7.3,99.0,0.0,0.0,7350.0,0.15
2025-12-29T05:00Z,5,363,7.7,98.0,0.0,0.0,7150.0,0.15
2025-12-29T06:00Z,6,363,7.3,97.0,0.0,0.0,7350.0,0.15
2025-12-29T07:00Z,7,363,6.9,99.0,5.0,9.0,7550.0,0.15
2025-12-29T08:00Z,8,363,8.1,96.0,87.0,156.6,6950.0,0.85
2025-12-29T09:00Z,9,363,10.1,95.0,184.0,331.2,5950.0,0.85
2025-12-29T10:00Z,10,363,13.0,85.0,306.0,550.8,4500.0,0.85
2025-12-29T11:00Z,11,363,15.3,74.0,415.0,747.0,3350.0,0.85
2025-12-29T12:00Z,12,363,16.2,63.0,418.0,752.4,2900.0,0.85
2025-12-29T13:00Z,13,363,16.8,54.0,426.0,766.8,2600.0,0.85
2025-12-29T14:00Z,14,363,16.6,53.0,316.0,568.8,2700.0,0.85
2025-12-29T15:00Z,15,363,15.9,60.0,191.0,343.8,3050.0,0.85
2025-12-29T16:00Z,16,363,13.9,69.0,53.0,95.4,4050.0,0.85
2025-12-29T17:00Z,17,363,12.9,72.0,0.0,0.0,4550.0,0.85
2025-12-29T18:00Z,18,363,12.4,75.0,0.0,0.0,4800.0,0.15
2025-12-29T19:00Z,19,363,11.4,80.0,0.0,0.0,5300.0,0.15
2025-12-29T20:00Z,20,363,10.6,83.0,0.0,0.0,5700.0,0.15
2025-12-29T21:00Z,21,363,10.1,84.0,0.0,0.0,5950.0,0.15
2025-12-29T22:00Z,22,363,9.8,87.0,0.0,0.0,6100.0,0.15
2025-12-29T23:00Z,23,363,8.9,91.0,0.0,0.0,6550.0,0.15
2025-12-30T00:00Z,0,364,8.7,92.0,0.0,0.0,6650.0,0.15
2025-12-30T01:00Z,1,364,8.1,94.0,0.0,0.0,6950.0,0.15
2025-12-30T02:00Z,2,364,7.8,94.0,0.0,0.0,7100.0,0.15
2025-12-30T03:00Z,3,364,7.7,93.0,0.0,0.0,7150.0,0.15
2025-12-30T04:00Z,4,364,7.7,93.0,0.0,0.0,7150.0,0.15
2025-12-30T05:00Z,5,364,7.4,93.0,0.0,0.0,7300.0,0.15
2025-12-30T06:00Z,6,364,7.6,92.0,0.0,0.0,7200.0,0.15
2025-12-30T07:00Z,7,364,7.9,91.0,6.0,10.8,7050.0,0.15
2025-12-30T08:00Z,8,364,9.8,87.0,104.0,187.2,6100.0,0.85
2025-12-30T09:00Z,9,364,12.6,79.0,238.0,428.4,4700.0,0.85
2025-12-30T10:00Z,10,364,13.8,76.0,372.0,669.6,4100.0,0.85
2025-12-30T11:00Z,11,364,14.8,71.0,458.0,824.4,3600.0,0.85
2025-12-30T12:00Z,12,364,15.3,65.0,468.0,842.4,3350.0,0.85
2025-12-30T13:00Z,13,364,15.3,63.0,439.0,790.2,3350.0,0.85
2025-12-30T14:00Z,14,364,15.0,63.0,322.0,579.6,3500.0,0.85
2025-12-30T15:00Z,15,364,14.4,67.0,211.0,379.8,3800.0,0.85
2025-12-30T16:00Z,16,364,13.1,73.0,68.0,122.4,4450.0,0.85
2025-12-30T17:00Z,17,364,12.1,77.0,1.0,1.8,4950.0,0.85
2025-12-30T18:00Z,18,364,11.9,81.0,0.0,0.0,5050.0,0.15
2025-12-30T19:00Z,19,364,11.1,85.0,0.0,0.0,5450.0,0.15
2025-12-30T20:00Z,20,364,10.6,88.0,0.0,0.0,5700.0,0.15
2025-12-30T21:00Z,21,364,10.3,89.0,0.0,0.0,5850.0,0.15
2025-12-30T22:00Z,22,364,10.1,88.0,0.0,0.0,5950.0,0.15
2025-12-30T23:00Z,23,364,9.8,89.0,0.0,0.0,6100.0,0.15
2025-12-31T00:00Z,0,365,9.8,89.0,0.0,0.0,6100.0,0.15
2025-12-31T01:00Z,1,365,9.6,89.0,0.0,0.0,6200.0,0.15
2025-12-31T02:00Z,2,365,9.6,90.0,0.0,0.0,6200.0,0.15
2025-12-31T03:00Z,3,365,9.3,92.0,0.0,0.0,6350.0,0.15
2025-12-31T04:00Z,4,365,9.1,91.0,0.0,0.0,6450.0,0.15
2025-12-31T05:00Z,5,365,8.8,92.0,0.0,0.0,6600.0,0.15
2025-12-31T06:00Z,6,365,9.0,94.0,0.0,0.0,6500.0,0.15
2025-12-31T07:00Z,7,365,9.1,94.0,6.0,10.8,6450.0,0.15
2025-12-31T08:00Z,8,365,10.5,90.0,92.0,165.6,5750.0,0.85
2025-12-31T09:00Z,9,365,12.1,86.0,245.0,441.0,4950.0,0.85
2025-12-31T10:00Z,10,365,13.6,77.0,366.0,658.8,4200.0,0.85
2025-12-31T11:00Z,11,365,14.4,71.0,400.0,720.0,3800.0,0.85
2025-12-31T12:00Z,12,365,15.5,70.0,431.0,775.8,3250.0,0.85
2025-12-31T13:00Z,13,365,15.9,66.0,390.0,702.0,3050.0,0.85
2025-12-31T14:00Z,14,365,13.0,81.0,265.0,477.0,4500.0,0.85
2025-12-31T15:00Z,15,365,12.2,84.0,118.0,212.4,4900.0,0.85
2025-12-31T16:00Z,16,365,11.5,91.0,43.0,77.4,5250.0,0.85
2025-12-31T17:00Z,17,365,10.6,94.0,0.0,0.0,5700.0,0.85
2025-12-31T18:00Z,18,365,10.6,91.0,0.0,0.0,5700.0,0.15
2025-12-31T19:00Z,19,365,9.9,95.0,0.0,0.0,6050.0,0.15
2025-12-31T20:00Z,20,365,9.8,97.0,0.0,0.0,6100.0,0.15
2025-12-31T21:00Z,21,365,9.3,96.0,0.0,0.0,6350.0,0.15
2025-12-31T22:00Z,22,365,9.2,96.0,0.0,0.0,6400.0,0.15
2025-12-31T23:00Z,23,365,8.9,96.0,0.0,0.0,6550.0,0.15
2026-01-01T00:00Z,0,1,8.9,94.0,0.0,0.0,6550.0,0.15
2026-01-01T01:00Z,1,1,8.7,94.0,0.0,0.0,6650.0,0.15
2026-01-01T02:00Z,2,1,7.8,95.0,0.0,0.0,7100.0,0.15
2026-01-01T03:00Z,3,1,7.7,96.0,0.0,0.0,7150.0,0.15
2026-01-01T04:00Z,4,1,7.2,97.0,0.0,0.0,7400.0,0.15
2026-01-01T05:00Z,5,1,7.4,97.0,0.0,0.0,7300.0,0.15
2026-01-01T06:00Z,6,1,7.9,97.0,0.0,0.0,7050.0,0.15
2026-01-01T07:00Z,7,1,7.8,97.0,6.0,10.8,7100.0,0.15
2026-01-01T08:00Z,8,1,9.6,94.0,105.0,189.0,6200.0,0.85
2026-01-01T09:00Z,9,1,11.4,89.0,245.0,441.0,5300.0,0.85
2026-01-01T10:00Z,10,1,12.9,84.0,357.0,642.6,4550.0,0.85
2026-01-01T11:00Z,11,1,14.2,72.0,444.0,799.2,3900.0,0.85
2026-01-01T12:00Z,12,1,15.1,69.0,480.0,864.0,3450.0,0.85
2026-01-01T13:00Z,13,1,15.6,67.0,415.0,747.0,3200.0,0.85
2026-01-01T14:00Z,14,1,15.4,67.0,320.0,576.0,3300.0,0.85
2026-01-01T15:00Z,15,1,15.1,66.0,209.0,376.2,3450.0,0.85
2026-01-01T16:00Z,16,1,13.9,72.0,69.0,124.2,4050.0,0.85
2026-01-01T17:00Z,17,1,12.7,75.0,1.0,1.8,4650.0,0.85
2026-01-01T18:00Z,18,1,11.9,79.0,0.0,0.0,5050.0,0.15
2026-01-01T19:00Z,19,1,10.8,87.0,0.0,0.0,5600.0,0.15
2026-01-01T20:00Z,20,1,10.4,86.0,0.0,0.0,5800.0,0.15
2026-01-01T21:00Z,21,1,9.9,85.0,0.0,0.0,6050.0,0.15
2026-01-01T22:00Z,22,1,10.4,83.0,0.0,0.0,5800.0,0.15
2026-01-01T23:00Z,23,1,10.6,79.0,0.0,0.0,5700.0,0.15
2026-01-02T00:00Z,0,2,9.9,79.0,0.0,0.0,6050.0,0.15
2026-01-02T01:00Z,1,2,9.1,79.0,0.0,0.0,6450.0,0.15
2026-01-02T02:00Z,2,2,8.4,81.0,0.0,0.0,6800.0,0.15
2026-01-02T03:00Z,3,2,8.0,79.0,0.0,0.0,7000.0,0.15
2026-01-02T04:00Z,4,2,7.9,73.0,0.0,0.0,7050.0,0.15
2026-01-02T05:00Z,5,2,7.8,68.0,0.0,0.0,7100.0,0.15
2026-01-02T06:00Z,6,2,7.9,68.0,0.0,0.0,7050.0,0.15
2026-01-02T07:00Z,7,2,7.3,71.0,7.0,12.6,7350.0,0.15
2026-01-02T08:00Z,8,2,8.9,69.0,110.0,198.0,6550.0,0.85
2026-01-02T09:00Z,9,2,11.1,68.0,262.0,471.6,5450.0,0.85
2026-01-02T10:00Z,10,2,13.3,63.0,391.0,703.8,4350.0,0.85
2026-01-02T11:00Z,11,2,14.9,59.0,471.0,847.8,3550.0,0.85
2026-01-02T12:00Z,12,2,16.1,57.0,492.0,885.6,2950.0,0.85
2026-01-02T13:00Z,13,2,17.1,57.0,449.0,808.2,2450.0,0.85
2026-01-02T14:00Z,14,2,17.5,57.0,358.0,644.4,2250.0,0.85
2026-01-02T15:00Z,15,2,17.1,64.0,221.0,397.8,2450.0,0.85
2026-01-02T16:00Z,16,2,14.9,72.0,75.0,135.0,3550.0,0.85
2026-01-02T17:00Z,17,2,13.8,74.0,1.0,1.8,4100.0,0.85
2026-01-02T18:00Z,18,2,12.9,78.0,0.0,0.0,4550.0,0.15
2026-01-02T19:00Z,19,2,11.7,82.0,0.0,0.0,5150.0,0.15
2026-01-02T20:00Z,20,2,10.9,83.0,0.0,0.0,5550.0,0.15
2026-01-02T21:00Z,21,2,10.8,81.0,0.0,0.0,5600.0,0.15
2026-01-02T22:00Z,22,2,10.4,82.0,0.0,0.0,5800.0,0.15
2026-01-02T23:00Z,23,2,10.3,81.0,0.0,0.0,5850.0,0.15
2026-01-03T00:00Z,0,3,11.4,75.0,0.0,0.0,5300.0,0.15
2026-01-03T01:00Z,1,3,11.5,72.0,0.0,0.0,5250.0,0.15
2026-01-03T02:00Z,2,3,11.2,70.0,0.0,0.0,5400.0,0.15
2026-01-03T03:00Z,3,3,10.9,71.0,0.0,0.0,5550.0,0.15
2026-01-03T04:00Z,4,3,10.6,71.0,0.0,0.0,5700.0,0.15
2026-01-03T05:00Z,5,3,10.4,71.0,0.0,0.0,5800.0,0.15
2026-01-03T06:00Z,6,3,10.4,70.0,0.0,0.0,5800.0,0.15
2026-01-03T07:00Z,7,3,10.2,71.0,6.0,10.8,5900.0,0.15
2026-01-03T08:00Z,8,3,11.7,67.0,106.0,190.8,5150.0,0.15
2026-01-03T09:00Z,9,3,13.8,67.0,256.0,460.8,4100.0,0.15
2026-01-03T10:00Z,10,3,15.9,62.0,382.0,687.6,3050.0,0.15
2026-01-03T11:00Z,11,3,17.5,58.0,455.0,819.0,2250.0,0.15
2026-01-03T12:00Z,12,3,18.3,56.0,484.0,871.2,1850.0,0.15
2026-01-03T13:00Z,13,3,19.1,54.0,456.0,820.8,1450.0,0.15
2026-01-03T14:00Z,14,3,19.3,56.0,367.0,660.6,1350.0,0.15
2026-01-03T15:00Z,15,3,18.6,66.0,230.0,414.0,1700.0,0.15
2026-01-03T16:00Z,16,3,16.8,68.0,79.0,142.2,2600.0,0.15
2026-01-03T17:00Z,17,3,14.6,74.0,1.0,1.8,3700.0,0.15
2026-01-03T18:00Z,18,3,13.6,77.0,0.0,0.0,4200.0,0.15
2026-01-03T19:00Z,19,3,12.6,75.0,0.0,0.0,4700.0,0.15
2026-01-03T20:00Z,20,3,11.5,78.0,0.0,0.0,5250.0,0.15
2026-01-03T21:00Z,21,3,11.9,76.0,0.0,0.0,5050.0,0.15
2026-01-03T22:00Z,22,3,12.8,69.0,0.0,0.0,4600.0,0.15
2026-01-03T23:00Z,23,3,13.1,65.0,0.0,0.0,4450.0,0.15
2026-01-04T00:00Z,0,4,13.6,64.0,0.0,0.0,4200.0,0.15
2026-01-04T01:00Z,1,4,12.7,65.0,0.0,0.0,4650.0,0.15
2026-01-04T02:00Z,2,4,12.2,64.0,0.0,0.0,4900.0,0.15
2026-01-04T03:00Z,3,4,11.8,65.0,0.0,0.0,5100.0,0.15
2026-01-04T04:00Z,4,4,11.4,66.0,0.0,0.0,5300.0,0.15
2026-01-04T05:00Z,5,4,11.6,66.0,0.0,0.0,5200.0,0.15
2026-01-04T06:00Z,6,4,10.8,71.0,0.0,0.0,5600.0,0.15
2026-01-04T07:00Z,7,4,11.1,69.0,6.0,10.8,5450.0,0.15
2026-01-04T08:00Z,8,4,12.9,64.0,70.0,126.0,4550.0,0.15
2026-01-04T09:00Z,9,4,15.1,61.0,230.0,414.0,3450.0,0.15
2026-01-04T10:00Z,10,4,15.3,61.0,137.0,246.6,3350.0,0.15
2026-01-04T11:00Z,11,4,15.9,57.0,161.0,289.8,3050.0,0.15
2026-01-04T12:00Z,12,4,17.5,58.0,136.0,244.8,2250.0,0.15
2026-01-04T13:00Z,13,4,17.6,57.0,130.0,234.0,2200.0,0.15
2026-01-04T14:00Z,14,4,17.5,60.0,91.0,163.8,2250.0,0.15
2026-01-04T15:00Z,15,4,17.0,64.0,81.0,145.8,2500.0,0.15
2026-01-04T16:00Z,16,4,16.4,55.0,21.0,37.8,2800.0,0.15
2026-01-04T17:00Z,17,4,15.9,50.0,0.0,0.0,3050.0,0.15
2026-01-04T18:00Z,18,4,16.5,50.0,0.0,0.0,2750.0,0.15
2026-01-04T19:00Z,19,4,15.6,55.0,0.0,0.0,3200.0,0.15
2026-01-04T20:00Z,20,4,15.9,53.0,0.0,0.0,3050.0,0.15
2026-01-04T21:00Z,21,4,15.8,53.0,0.0,0.0,3100.0,0.15
2026-01-04T22:00Z,22,4,14.8,58.0,0.0,0.0,3600.0,0.15
2026-01-04T23:00Z,23,4,14.2,59.0,0.0,0.0,3900.0,0.15
2026-01-05T00:00Z,0,5,13.2,72.0,0.0,0.0,4400.0,0.15
2026-01-05T01:00Z,1,5,12.3,70.0,0.0,0.0,4850.0,0.15
2026-01-05T02:00Z,2,5,11.4,76.0,0.0,0.0,5300.0,0.15
2026-01-05T03:00Z,3,5,10.4,77.0,0.0,0.0,5800.0,0.15
2026-01-05T04:00Z,4,5,10.7,73.0,0.0,0.0,5650.0,0.15
2026-01-05T05:00Z,5,5,10.1,74.0,0.0,0.0,5950.0,0.15
2026-01-05T06:00Z,6,5,10.4,74.0,0.0,0.0,5800.0,0.15
2026-01-05T07:00Z,7,5,10.6,73.0,6.0,10.8,5700.0,0.15
2026-01-05T08:00Z,8,5,12.1,69.0,107.0,192.6,4950.0,0.85
2026-01-05T09:00Z,9,5,14.1,67.0,259.0,466.2,3950.0,0.85
2026-01-05T10:00Z,10,5,16.0,63.0,387.0,696.6,3000.0,0.85
2026-01-05T11:00Z,11,5,17.4,59.0,468.0,842.4,2300.0,0.85
2026-01-05T12:00Z,12,5,18.3,57.0,489.0,880.2,1850.0,0.85
2026-01-05T13:00Z,13,5,18.8,54.0,447.0,804.6,1600.0,0.85
2026-01-05T14:00Z,14,5,18.9,53.0,363.0,653.4,1550.0,0.85
2026-01-05T15:00Z,15,5,18.5,61.0,231.0,415.8,1750.0,0.85
2026-01-05T16:00Z,16,5,16.8,66.0,79.0,142.2,2600.0,0.85
2026-01-05T17:00Z,17,5,15.1,71.0,2.0,3.6,3450.0,0.85
2026-01-05T18:00Z,18,5,14.7,77.0,0.0,0.0,3650.0,0.15
2026-01-05T19:00Z,19,5,13.9,78.0,0.0,0.0,4050.0,0.15
2026-01-05T20:00Z,20,5,13.4,80.0,0.0,0.0,4300.0,0.15
2026-01-05T21:00Z,21,5,12.4,86.0,0.0,0.0,4800.0,0.15
2026-01-05T22:00Z,22,5,11.6,92.0,0.0,0.0,5200.0,0.15
2026-01-05T23:00Z,23,5,10.7,95.0,0.0,0.0,5650.0,0.15
2026-01-06T00:00Z,0,6,10.9,87.0,0.0,0.0,5550.0,0.15
2026-01-06T01:00Z,1,6,12.5,77.0,0.0,0.0,4750.0,0.15
2026-01-06T02:00Z,2,6,12.8,74.0,0.0,0.0,4600.0,0.15
2026-01-06T03:00Z,3,6,12.6,74.0,0.0,0.0,4700.0,0.15
2026-01-06T04:00Z,4,6,12.4,76.0,0.0,0.0,4800.0,0.15
2026-01-06T05:00Z,5,6,12.1,77.0,0.0,0.0,4950.0,0.15
2026-01-06T06:00Z,6,6,12.2,77.0,0.0,0.0,4900.0,0.15
2026-01-06T07:00Z,7,6,12.6,73.0,6.0,10.8,4700.0,0.15
2026-01-06T08:00Z,8,6,13.9,69.0,106.0,190.8,4050.0,0.85
2026-01-06T09:00Z,9,6,14.6,71.0,251.0,451.8,3700.0,0.85
2026-01-06T10:00Z,10,6,15.2,75.0,323.0,581.4,3400.0,0.85
2026-01-06T11:00Z,11,6,15.8,70.0,450.0,810.0,3100.0,0.85
2026-01-06T12:00Z,12,6,16.1,68.0,451.0,811.8,2950.0,0.85
2026-01-06T13:00Z,13,6,16.0,66.0,395.0,711.0,3000.0,0.85
2026-01-06T14:00Z,14,6,15.7,66.0,287.0,516.6,3150.0,0.85
2026-01-06T15:00Z,15,6,15.0,71.0,131.0,235.8,3500.0,0.85
2026-01-06T16:00Z,16,6,13.8,77.0,71.0,127.8,4100.0,0.85
2026-01-06T17:00Z,17,6,12.7,80.0,2.0,3.6,4650.0,0.85
2026-01-06T18:00Z,18,6,12.1,82.0,0.0,0.0,4950.0,0.15
2026-01-06T19:00Z,19,6,11.7,86.0,0.0,0.0,5150.0,0.15
2026-01-06T20:00Z,20,6,11.2,92.0,0.0,0.0,5400.0,0.15
2026-01-06T21:00Z,21,6,11.1,93.0,0.0,0.0,5450.0,0.15
2026-01-06T22:00Z,22,6,10.9,91.0,0.0,0.0,5550.0,0.15
2026-01-06T23:00Z,23,6,10.9,90.0,0.0,0.0,5550.0,0.15
2026-01-07T00:00Z,0,7,10.6,93.0,0.0,0.0,5700.0,0.15
2026-01-07T01:00Z,1,7,10.6,92.0,0.0,0.0,5700.0,0.15
2026-01-07T02:00Z,2,7,10.4,90.0,0.0,0.0,5800.0,0.15
2026-01-07T03:00Z,3,7,10.1,89.0,0.0,0.0,5950.0,0.15
2026-01-07T04:00Z,4,7,9.6,90.0,0.0,0.0,6200.0,0.15
2026-01-07T05:00Z,5,7,9.4,93.0,0.0,0.0,6300.0,0.15
2026-01-07T06:00Z,6,7,9.4,91.0,0.0,0.0,6300.0,0.15
2026-01-07T07:00Z,7,7,9.2,87.0,2.0,3.6,6400.0,0.15
2026-01-07T08:00Z,8,7,9.0,79.0,19.0,34.2,6500.0,0.85
2026-01-07T09:00Z,9,7,9.4,77.0,68.0,122.4,6300.0,0.85
2026-01-07T10:00Z,10,7,10.4,72.0,144.0,259.2,5800.0,0.85
2026-01-07T11:00Z,11,7,10.9,60.0,165.0,297.0,5550.0,0.85
2026-01-07T12:00Z,12,7,11.1,54.0,256.0,460.8,5450.0,0.85
2026-01-07T13:00Z,13,7,11.1,51.0,297.0,534.6,5450.0,0.85
2026-01-07T14:00Z,14,7,11.5,45.0,317.0,570.6,5250.0,0.85
2026-01-07T15:00Z,15,7,11.1,47.0,235.0,423.0,5450.0,0.85
2026-01-07T16:00Z,16,7,10.1,52.0,86.0,154.8,5950.0,0.85
2026-01-07T17:00Z,17,7,9.5,54.0,2.0,3.6,6250.0,0.85
2026-01-07T18:00Z,18,7,9.4,56.0,0.0,0.0,6300.0,0.15
2026-01-07T19:00Z,19,7,8.9,56.0,0.0,0.0,6550.0,0.15
2026-01-07T20:00Z,20,7,8.8,56.0,0.0,0.0,6600.0,0.15
2026-01-07T21:00Z,21,7,8.6,55.0,0.0,0.0,6700.0,0.15
2026-01-07T22:00Z,22,7,8.1,61.0,0.0,0.0,6950.0,0.15
2026-01-07T23:00Z,23,7,7.4,75.0,0.0,0.0,7300.0,0.15
2026-01-08T00:00Z,0,8,7.5,79.0,0.0,0.0,7250.0,0.15
2026-01-08T01:00Z,1,8,7.4,81.0,0.0,0.0,7300.0,0.15
2026-01-08T02:00Z,2,8,7.5,80.0,0.0,0.0,7250.0,0.15
2026-01-08T03:00Z,3,8,7.4,80.0,0.0,0.0,7300.0,0.15
2026-01-08T04:00Z,4,8,7.7,76.0,0.0,0.0,7150.0,0.15
2026-01-08T05:00Z,5,8,7.8,76.0,0.0,0.0,7100.0,0.15
2026-01-08T06:00Z,6,8,8.4,75.0,0.0,0.0,6800.0,0.15
2026-01-08T07:00Z,7,8,8.4,75.0,6.0,10.8,6800.0,0.15
2026-01-08T08:00Z,8,8,9.6,72.0,91.0,163.8,6200.0,0.85
2026-01-08T09:00Z,9,8,11.1,69.0,227.0,408.6,5450.0,0.85
2026-01-08T10:00Z,10,8,12.4,65.0,304.0,547.2,4800.0,0.85
2026-01-08T11:00Z,11,8,13.9,61.0,438.0,788.4,4050.0,0.85
2026-01-08T12:00Z,12,8,14.6,57.0,441.0,793.8,3700.0,0.85
2026-01-08T13:00Z,13,8,14.6,61.0,405.0,729.0,3700.0,0.85
2026-01-08T14:00Z,14,8,14.4,64.0,178.0,320.4,3800.0,0.85
2026-01-08T15:00Z,15,8,14.2,67.0,191.0,343.8,3900.0,0.85
2026-01-08T16:00Z,16,8,13.4,70.0,70.0,126.0,4300.0,0.85
2026-01-08T17:00Z,17,8,12.9,72.0,2.0,3.6,4550.0,0.85
2026-01-08T18:00Z,18,8,12.7,74.0,0.0,0.0,4650.0,0.15
2026-01-08T19:00Z,19,8,12.1,77.0,0.0,0.0,4950.0,0.15
2026-01-08T20:00Z,20,8,11.3,79.0,0.0,0.0,5350.0,0.15
2026-01-08T21:00Z,21,8,10.5,79.0,0.0,0.0,5750.0,0.15
2026-01-08T22:00Z,22,8,9.9,78.0,0.0,0.0,6050.0,0.15
2026-01-08T23:00Z,23,8,9.7,78.0,0.0,0.0,6150.0,0.15
2026-01-09T00:00Z,0,9,9.6,76.0,0.0,0.0,6200.0,0.15
2026-01-09T01:00Z,1,9,9.3,76.0,0.0,0.0,6350.0,0.15
2026-01-09T02:00Z,2,9,8.8,76.0,0.0,0.0,6600.0,0.15
2026-01-09T03:00Z,3,9,8.2,76.0,0.0,0.0,6900.0,0.15
2026-01-09T04:00Z,4,9,7.8,76.0,0.0,0.0,7100.0,0.15
2026-01-09T05:00Z,5,9,7.6,75.0,0.0,0.0,7200.0,0.15
2026-01-09T06:00Z,6,9,7.8,75.0,0.0,0.0,7100.0,0.15
2026-01-09T07:00Z,7,9,7.9,73.0,7.0,12.6,7050.0,0.15
2026-01-09T08:00Z,8,9,9.5,69.0,112.0,201.6,6250.0,0.85
2026-01-09T09:00Z,9,9,11.6,68.0,270.0,486.0,5200.0,0.85
2026-01-09T10:00Z,10,9,13.7,62.0,404.0,727.2,4150.0,0.85
2026-01-09T11:00Z,11,9,15.4,58.0,489.0,880.2,3300.0,0.85
2026-01-09T12:00Z,12,9,16.6,54.0,515.0,927.0,2700.0,0.85
2026-01-09T13:00Z,13,9,17.4,55.0,480.0,864.0,2300.0,0.85
2026-01-09T14:00Z,14,9,17.4,50.0,389.0,700.2,2300.0,0.85
2026-01-09T15:00Z,15,9,16.3,53.0,249.0,448.2,2850.0,0.85
2026-01-09T16:00Z,16,9,14.6,61.0,94.0,169.2,3700.0,0.85
2026-01-09T17:00Z,17,9,13.1,69.0,3.0,5.4,4450.0,0.85
2026-01-09T18:00Z,18,9,13.3,73.0,0.0,0.0,4350.0,0.15
2026-01-09T19:00Z,19,9,13.4,73.0,0.0,0.0,4300.0,0.15
2026-01-09T20:00Z,20,9,13.2,73.0,0.0,0.0,4400.0,0.15
2026-01-09T21:00Z,21,9,12.7,77.0,0.0,0.0,4650.0,0.15
2026-01-09T22:00Z,22,9,11.2,83.0,0.0,0.0,5400.0,0.15
2026-01-09T23:00Z,23,9,10.9,83.0,0.0,0.0,5550.0,0.15
2026-01-10T00:00Z,0,10,12.9,69.0,0.0,0.0,4550.0,0.15
2026-01-10T01:00Z,1,10,12.7,70.0,0.0,0.0,4650.0,0.15
2026-01-10T02:00Z,2,10,12.5,72.0,0.0,0.0,4750.0,0.15
2026-01-10T03:00Z,3,10,12.4,76.0,0.0,0.0,4800.0,0.15
2026-01-10T04:00Z,4,10,12.1,79.0,0.0,0.0,4950.0,0.15
2026-01-10T05:00Z,5,10,11.6,82.0,0.0,0.0,5200.0,0.15
2026-01-10T06:00Z,6,10,11.9,82.0,0.0,0.0,5050.0,0.15
2026-01-10T07:00Z,7,10,11.6,80.0,2.0,3.6,5200.0,0.15
2026-01-10T08:00Z,8,10,11.4,79.0,23.0,41.4,5300.0,0.15
2026-01-10T09:00Z,9,10,11.6,79.0,175.0,315.0,5200.0,0.15
2026-01-10T10:00Z,10,10,12.3,71.0,287.0,516.6,4850.0,0.15
2026-01-10T11:00Z,11,10,12.9,66.0,317.0,570.6,4550.0,0.15
2026-01-10T12:00Z,12,10,13.2,68.0,392.0,705.6,4400.0,0.15
2026-01-10T13:00Z,13,10,14.5,52.0,406.0,730.8,3750.0,0.15
2026-01-10T14:00Z,14,10,14.1,47.0,334.0,601.2,3950.0,0.15
2026-01-10T15:00Z,15,10,13.6,48.0,241.0,433.8,4200.0,0.15
2026-01-10T16:00Z,16,10,12.7,49.0,83.0,149.4,4650.0,0.15
2026-01-10T17:00Z,17,10,12.1,47.0,3.0,5.4,4950.0,0.15
2026-01-10T18:00Z,18,10,11.7,51.0,0.0,0.0,5150.0,0.15
2026-01-10T19:00Z,19,10,11.4,52.0,0.0,0.0,5300.0,0.15
2026-01-10T20:00Z,20,10,11.2,52.0,0.0,0.0,5400.0,0.15
2026-01-10T21:00Z,21,10,11.1,54.0,0.0,0.0,5450.0,0.15
2026-01-10T22:00Z,22,10,10.9,52.0,0.0,0.0,5550.0,0.15
2026-01-10T23:00Z,23,10,10.9,54.0,0.0,0.0,5550.0,0.15
2026-01-11T00:00Z,0,11,8.8,74.0,0.0,0.0,6600.0,0.15
2026-01-11T01:00Z,1,11,8.9,80.0,0.0,0.0,6550.0,0.15
2026-01-11T02:00Z,2,11,9.0,81.0,0.0,0.0,6500.0,0.15
2026-01-11T03:00Z,3,11,9.2,79.0,0.0,0.0,6400.0,0.15
2026-01-11T04:00Z,4,11,9.6,71.0,0.0,0.0,6200.0,0.15
2026-01-11T05:00Z,5,11,10.1,56.0,0.0,0.0,5950.0,0.15
2026-01-11T06:00Z,6,11,10.8,57.0,0.0,0.0,5600.0,0.15
2026-01-11T07:00Z,7,11,10.8,47.0,7.0,12.6,5600.0,0.15
2026-01-11T08:00Z,8,11,11.2,48.0,94.0,169.2,5400.0,0.15
2026-01-11T09:00Z,9,11,12.3,49.0,240.0,432.0,4850.0,0.15
2026-01-11T10:00Z,10,11,13.4,49.0,393.0,707.4,4300.0,0.15
2026-01-11T11:00Z,11,11,14.1,41.0,496.0,892.8,3950.0,0.15
2026-01-11T12:00Z,12,11,14.1,43.0,513.0,923.4,3950.0,0.15
2026-01-11T13:00Z,13,11,13.8,49.0,487.0,876.6,4100.0,0.15
2026-01-11T14:00Z,14,11,13.4,51.0,390.0,702.0,4300.0,0.15
2026-01-11T15:00Z,15,11,12.9,50.0,249.0,448.2,4550.0,0.15
2026-01-11T16:00Z,16,11,11.8,55.0,96.0,172.8,5100.0,0.15
2026-01-11T17:00Z,17,11,10.8,60.0,4.0,7.2,5600.0,0.15
2026-01-11T18:00Z,18,11,10.8,61.0,0.0,0.0,5600.0,0.15
2026-01-11T19:00Z,19,11,11.2,61.0,0.0,0.0,5400.0,0.15
2026-01-11T20:00Z,20,11,11.1,61.0,0.0,0.0,5450.0,0.15
2026-01-11T21:00Z,21,11,10.7,62.0,0.0,0.0,5650.0,0.15
2026-01-11T22:00Z,22,11,11.1,60.0,0.0,0.0,5450.0,0.15
2026-01-11T23:00Z,23,11,11.1,62.0,0.0,0.0,5450.0,0.15
2026-01-12T00:00Z,0,12,11.0,63.0,0.0,0.0,5500.0,0.15
2026-01-12T01:00Z,1,12,10.5,68.0,0.0,0.0,5750.0,0.15
2026-01-12T02:00Z,2,12,9.9,71.0,0.0,0.0,6050.0,0.15
2026-01-12T03:00Z,3,12,9.9,72.0,0.0,0.0,6050.0,0.15
2026-01-12T04:00Z,4,12,8.8,76.0,0.0,0.0,6600.0,0.15
2026-01-12T05:00Z,5,12,8.1,78.0,0.0,0.0,6950.0,0.15
2026-01-12T06:00Z,6,12,8.4,79.0,0.0,0.0,6800.0,0.15
2026-01-12T07:00Z,7,12,7.6,81.0,6.0,10.8,7200.0,0.15
2026-01-12T08:00Z,8,12,9.1,77.0,91.0,163.8,6450.0,0.85
2026-01-12T09:00Z,9,12,11.2,74.0,257.0,462.6,5400.0,0.85
2026-01-12T10:00Z,10,12,12.9,67.0,405.0,729.0,4550.0,0.85
2026-01-12T11:00Z,11,12,13.8,61.0,487.0,876.6,4100.0,0.85
2026-01-12T12:00Z,12,12,14.8,50.0,404.0,727.2,3600.0,0.85
2026-01-12T13:00Z,13,12,15.0,49.0,452.0,813.6,3500.0,0.85
2026-01-12T14:00Z,14,12,14.9,51.0,384.0,691.2,3550.0,0.85
2026-01-12T15:00Z,15,12,14.4,54.0,259.0,466.2,3800.0,0.85
2026-01-12T16:00Z,16,12,12.8,70.0,101.0,181.8,4600.0,0.85
2026-01-12T17:00Z,17,12,11.4,70.0,4.0,7.2,5300.0,0.85
2026-01-12T18:00Z,18,12,10.4,77.0,0.0,0.0,5800.0,0.15
2026-01-12T19:00Z,19,12,9.7,77.0,0.0,0.0,6150.0,0.15
2026-01-12T20:00Z,20,12,8.8,80.0,0.0,0.0,6600.0,0.15
2026-01-12T21:00Z,21,12,8.4,79.0,0.0,0.0,6800.0,0.15
2026-01-12T22:00Z,22,12,8.6,76.0,0.0,0.0,6700.0,0.15
2026-01-12T23:00Z,23,12,8.6,74.0,0.0,0.0,6700.0,0.15
2026-01-13T00:00Z,0,13,7.9,77.0,0.0,0.0,7050.0,0.15
2026-01-13T01:00Z,1,13,7.1,76.0,0.0,0.0,7450.0,0.15
2026-01-13T02:00Z,2,13,6.5,78.0,0.0,0.0,7750.0,0.15
2026-01-13T03:00Z,3,13,6.3,80.0,0.0,0.0,7850.0,0.15
2026-01-13T04:00Z,4,13,6.2,81.0,0.0,0.0,7900.0,0.15
2026-01-13T05:00Z,5,13,6.0,80.0,0.0,0.0,8000.0,0.15
2026-01-13T06:00Z,6,13,5.6,81.0,0.0,0.0,8200.0,0.15
2026-01-13T07:00Z,7,13,5.6,80.0,7.0,12.6,8200.0,0.15
2026-01-13T08:00Z,8,13,7.4,76.0,118.0,212.4,7300.0,0.85
2026-01-13T09:00Z,9,13,9.2,72.0,281.0,505.8,6400.0,0.85
2026-01-13T10:00Z,10,13,11.4,70.0,419.0,754.2,5300.0,0.85
2026-01-13T11:00Z,11,13,13.1,66.0,507.0,912.6,4450.0,0.85
2026-01-13T12:00Z,12,13,14.8,59.0,536.0,964.8,3600.0,0.85
2026-01-13T13:00Z,13,13,15.5,55.0,501.0,901.8,3250.0,0.85
2026-01-13T14:00Z,14,13,15.6,54.0,410.0,738.0,3200.0,0.85
2026-01-13T15:00Z,15,13,15.4,59.0,270.0,486.0,3300.0,0.85
2026-01-13T16:00Z,16,13,13.9,64.0,107.0,192.6,4050.0,0.85
2026-01-13T17:00Z,17,13,12.4,65.0,5.0,9.0,4800.0,0.85
2026-01-13T18:00Z,18,13,11.9,64.0,0.0,0.0,5050.0,0.15
2026-01-13T19:00Z,19,13,11.2,63.0,0.0,0.0,5400.0,0.15
2026-01-13T20:00Z,20,13,10.4,64.0,0.0,0.0,5800.0,0.15
2026-01-13T21:00Z,21,13,9.6,66.0,0.0,0.0,6200.0,0.15
2026-01-13T22:00Z,22,13,8.8,70.0,0.0,0.0,6600.0,0.15
2026-01-13T23:00Z,23,13,8.4,71.0,0.0,0.0,6800.0,0.15
2026-01-14T00:00Z,0,14,7.8,73.0,0.0,0.0,7100.0,0.15
2026-01-14T01:00Z,1,14,7.3,73.0,0.0,0.0,7350.0,0.15
2026-01-14T02:00Z,2,14,6.9,74.0,0.0,0.0,7550.0,0.15
2026-01-14T03:00Z,3,14,6.5,74.0,0.0,0.0,7750.0,0.15
2026-01-14T04:00Z,4,14,6.1,74.0,0.0,0.0,7950.0,0.15
2026-01-14T05:00Z,5,14,5.7,75.0,0.0,0.0,8150.0,0.15
2026-01-14T06:00Z,6,14,5.3,77.0,0.0,0.0,8350.0,0.15
2026-01-14T07:00Z,7,14,4.8,78.0,8.0,14.4,8600.0,0.15
2026-01-14T08:00Z,8,14,6.8,71.0,121.0,217.8,7600.0,0.85
2026-01-14T09:00Z,9,14,9.6,68.0,285.0,513.0,6200.0,0.85
2026-01-14T10:00Z,10,14,13.1,59.0,423.0,761.4,4450.0,0.85
2026-01-14T11:00Z,11,14,15.4,54.0,511.0,919.8,3300.0,0.85
2026-01-14T12:00Z,12,14,16.6,51.0,538.0,968.4,2700.0,0.85
2026-01-14T13:00Z,13,14,17.5,51.0,505.0,909.0,2250.0,0.85
2026-01-14T14:00Z,14,14,17.9,53.0,411.0,739.8,2050.0,0.85
2026-01-14T15:00Z,15,14,17.2,57.0,272.0,489.6,2400.0,0.85
2026-01-14T16:00Z,16,14,15.1,67.0,109.0,196.2,3450.0,0.85
2026-01-14T17:00Z,17,14,13.0,75.0,5.0,9.0,4500.0,0.85
2026-01-14T18:00Z,18,14,12.1,82.0,0.0,0.0,4950.0,0.15
2026-01-14T19:00Z,19,14,11.5,83.0,0.0,0.0,5250.0,0.15
2026-01-14T20:00Z,20,14,11.9,78.0,0.0,0.0,5050.0,0.15
2026-01-14T21:00Z,21,14,10.9,78.0,0.0,0.0,5550.0,0.15
2026-01-14T22:00Z,22,14,10.1,79.0,0.0,0.0,5950.0,0.15
2026-01-14T23:00Z,23,14,9.9,80.0,0.0,0.0,6050.0,0.15
2026-01-15T00:00Z,0,15,9.4,83.0,0.0,0.0,6300.0,0.15
2026-01-15T01:00Z,1,15,8.5,87.0,0.0,0.0,6750.0,0.15
2026-01-15T02:00Z,2,15,8.1,90.0,0.0,0.0,6950.0,0.15
2026-01-15T03:00Z,3,15,7.8,92.0,0.0,0.0,7100.0,0.15
2026-01-15T04:00Z,4,15,7.2,94.0,0.0,0.0,7400.0,0.15
2026-01-15T05:00Z,5,15,6.6,97.0,0.0,0.0,7700.0,0.15
2026-01-15T06:00Z,6,15,5.7,100.0,0.0,0.0,8150.0,0.15
2026-01-15T07:00Z,7,15,4.7,100.0,7.0,12.6,8650.0,0.15
2026-01-15T08:00Z,8,15,6.8,93.0,118.0,212.4,7600.0,0.85
2026-01-15T09:00Z,9,15,9.2,86.0,275.0,495.0,6400.0,0.85
2026-01-15T10:00Z,10,15,11.8,78.0,384.0,691.2,5100.0,0.85
2026-01-15T11:00Z,11,15,14.0,70.0,464.0,835.2,4000.0,0.85
2026-01-15T12:00Z,12,15,15.9,68.0,484.0,871.2,3050.0,0.85
2026-01-15T13:00Z,13,15,17.1,67.0,465.0,837.0,2450.0,0.85
2026-01-15T14:00Z,14,15,17.7,67.0,389.0,700.2,2150.0,0.85
2026-01-15T15:00Z,15,15,17.5,70.0,263.0,473.4,2250.0,0.85
2026-01-15T16:00Z,16,15,15.8,79.0,108.0,194.4,3100.0,0.85
2026-01-15T17:00Z,17,15,14.2,87.0,6.0,10.8,3900.0,0.85
2026-01-15T18:00Z,18,15,14.1,93.0,0.0,0.0,3950.0,0.15
2026-01-15T19:00Z,19,15,13.8,97.0,0.0,0.0,4100.0,0.15
2026-01-15T20:00Z,20,15,12.9,98.0,0.0,0.0,4550.0,0.15
2026-01-15T21:00Z,21,15,11.8,100.0,0.0,0.0,5100.0,0.15
2026-01-15T22:00Z,22,15,11.4,100.0,0.0,0.0,5300.0,0.15
2026-01-15T23:00Z,23,15,11.1,100.0,0.0,0.0,5450.0,0.15
2026-01-16T00:00Z,0,16,10.6,100.0,0.0,0.0,5700.0,0.15
2026-01-16T01:00Z,1,16,10.8,100.0,0.0,0.0,5600.0,0.15
2026-01-16T02:00Z,2,16,10.6,100.0,0.0,0.0,5700.0,0.15
2026-01-16T03:00Z,3,16,10.8,98.0,0.0,0.0,5600.0,0.15
2026-01-16T04:00Z,4,16,10.6,99.0,0.0,0.0,5700.0,0.15
2026-01-16T05:00Z,5,16,10.8,99.0,0.0,0.0,5600.0,0.15
2026-01-16T06:00Z,6,16,11.8,95.0,0.0,0.0,5100.0,0.15
2026-01-16T07:00Z,7,16,12.5,95.0,5.0,9.0,4750.0,0.15
2026-01-16T08:00Z,8,16,13.7,95.0,69.0,124.2,4150.0,0.85
2026-01-16T09:00Z,9,16,14.6,96.0,114.0,205.2,3700.0,0.85
2026-01-16T10:00Z,10,16,15.9,92.0,230.0,414.0,3050.0,0.85
2026-01-16T11:00Z,11,16,16.3,89.0,262.0,471.6,2850.0,0.85
2026-01-16T12:00Z,12,16,15.9,86.0,284.0,511.2,3050.0,0.85
2026-01-16T13:00Z,13,16,14.6,90.0,92.0,165.6,3700.0,0.85
2026-01-16T14:00Z,14,16,14.6,88.0,119.0,214.2,3700.0,0.85
2026-01-16T15:00Z,15,16,13.9,91.0,78.0,140.4,4050.0,0.85
2026-01-16T16:00Z,16,16,12.7,96.0,32.0,57.6,4650.0,0.85
2026-01-16T17:00Z,17,16,12.6,96.0,2.0,3.6,4700.0,0.85
2026-01-16T18:00Z,18,16,12.5,94.0,0.0,0.0,4750.0,0.15
2026-01-16T19:00Z,19,16,12.5,95.0,0.0,0.0,4750.0,0.15
2026-01-16T20:00Z,20,16,12.1,97.0,0.0,0.0,4950.0,0.15
2026-01-16T21:00Z,21,16,11.9,97.0,0.0,0.0,5050.0,0.15
2026-01-16T22:00Z,22,16,11.6,97.0,0.0,0.0,5200.0,0.15
2026-01-16T23:00Z,23,16,11.6,97.0,0.0,0.0,5200.0,0.15
2026-01-17T00:00Z,0,17,11.6,94.0,0.0,0.0,5200.0,0.15
2026-01-17T01:00Z,1,17,11.3,93.0,0.0,0.0,5350.0,0.15
2026-01-17T02:00Z,2,17,11.0,93.0,0.0,0.0,5500.0,0.15
2026-01-17T03:00Z,3,17,10.8,93.0,0.0,0.0,5600.0,0.15
2026-01-17T04:00Z,4,17,10.7,92.0,0.0,0.0,5650.0,0.15
2026-01-17T05:00Z,5,17,10.9,90.0,0.0,0.0,5550.0,0.15
2026-01-17T06:00Z,6,17,10.8,90.0,0.0,0.0,5600.0,0.15
2026-01-17T07:00Z,7,17,10.3,92.0,6.0,10.8,5850.0,0.15
2026-01-17T08:00Z,8,17,11.6,91.0,81.0,145.8,5200.0,0.15
2026-01-17T09:00Z,9,17,13.2,85.0,187.0,336.6,4400.0,0.15
2026-01-17T10:00Z,10,17,14.3,78.0,258.0,464.4,3850.0,0.15
2026-01-17T11:00Z,11,17,14.9,73.0,277.0,498.6,3550.0,0.15
2026-01-17T12:00Z,12,17,15.9,68.0,213.0,383.4,3050.0,0.15
2026-01-17T13:00Z,13,17,16.5,65.0,431.0,775.8,2750.0,0.15
2026-01-17T14:00Z,14,17,16.8,63.0,356.0,640.8,2600.0,0.15
2026-01-17T15:00Z,15,17,16.6,64.0,200.0,360.0,2700.0,0.15
2026-01-17T16:00Z,16,17,15.4,71.0,99.0,178.2,3300.0,0.15
2026-01-17T17:00Z,17,17,13.9,77.0,6.0,10.8,4050.0,0.15
2026-01-17T18:00Z,18,17,13.3,82.0,0.0,0.0,4350.0,0.15
2026-01-17T19:00Z,19,17,12.6,86.0,0.0,0.0,4700.0,0.15
2026-01-17T20:00Z,20,17,12.5,89.0,0.0,0.0,4750.0,0.15
2026-01-17T21:00Z,21,17,12.7,89.0,0.0,0.0,4650.0,0.15
2026-01-17T22:00Z,22,17,12.8,88.0,0.0,0.0,4600.0,0.15
2026-01-17T23:00Z,23,17,12.4,88.0,0.0,0.0,4800.0,0.15
2026-01-18T00:00Z,0,18,11.8,89.0,0.0,0.0,5100.0,0.15
2026-01-18T01:00Z,1,18,11.6,87.0,0.0,0.0,5200.0,0.15
2026-01-18T02:00Z,2,18,11.3,87.0,0.0,0.0,5350.0,0.15
2026-01-18T03:00Z,3,18,10.9,88.0,0.0,0.0,5550.0,0.15
2026-01-18T04:00Z,4,18,10.6,87.0,0.0,0.0,5700.0,0.15
2026-01-18T05:00Z,5,18,10.1,87.0,0.0,0.0,5950.0,0.15
2026-01-18T06:00Z,6,18,10.4,85.0,0.0,0.0,5800.0,0.15
2026-01-18T07:00Z,7,18,10.6,84.0,7.0,12.6,5700.0,0.15
2026-01-18T08:00Z,8,18,11.6,82.0,80.0,144.0,5200.0,0.15
2026-01-18T09:00Z,9,18,13.2,79.0,220.0,396.0,4400.0,0.15
2026-01-18T10:00Z,10,18,14.2,79.0,294.0,529.2,3900.0,0.15
2026-01-18T11:00Z,11,18,15.1,75.0,355.0,639.0,3450.0,0.15
2026-01-18T12:00Z,12,18,16.0,64.0,388.0,698.4,3000.0,0.15
2026-01-18T13:00Z,13,18,15.9,61.0,307.0,552.6,3050.0,0.15
2026-01-18T14:00Z,14,18,15.9,60.0,274.0,493.2,3050.0,0.15
2026-01-18T15:00Z,15,18,15.6,63.0,210.0,378.0,3200.0,0.15
2026-01-18T16:00Z,16,18,14.5,69.0,76.0,136.8,3750.0,0.15
2026-01-18T17:00Z,17,18,13.8,76.0,5.0,9.0,4100.0,0.15
2026-01-18T18:00Z,18,18,13.4,85.0,0.0,0.0,4300.0,0.15
2026-01-18T19:00Z,19,18,12.9,87.0,0.0,0.0,4550.0,0.15
2026-01-18T20:00Z,20,18,13.1,86.0,0.0,0.0,4450.0,0.15
2026-01-18T21:00Z,21,18,12.7,88.0,0.0,0.0,4650.0,0.15
2026-01-18T22:00Z,22,18,12.2,92.0,0.0,0.0,4900.0,0.15
2026-01-18T23:00Z,23,18,12.4,91.0,0.0,0.0,4800.0,0.15
2026-01-19T00:00Z,0,19,11.9,95.0,0.0,0.0,5050.0,0.15
2026-01-19T01:00Z,1,19,12.4,92.0,0.0,0.0,4800.0,0.15
2026-01-19T02:00Z,2,19,11.4,92.0,0.0,0.0,5300.0,0.15
2026-01-19T03:00Z,3,19,11.1,94.0,0.0,0.0,5450.0,0.15
2026-01-19T04:00Z,4,19,11.2,94.0,0.0,0.0,5400.0,0.15
2026-01-19T05:00Z,5,19,11.2,94.0,0.0,0.0,5400.0,0.15
2026-01-19T06:00Z,6,19,11.4,95.0,0.0,0.0,5300.0,0.15
2026-01-19T07:00Z,7,19,11.4,95.0,4.0,7.2,5300.0,0.15
2026-01-19T08:00Z,8,19,12.2,94.0,67.0,120.6,4900.0,0.85
2026-01-19T09:00Z,9,19,13.8,88.0,199.0,358.2,4100.0,0.85
2026-01-19T10:00Z,10,19,14.6,86.0,346.0,622.8,3700.0,0.85
2026-01-19T11:00Z,11,19,15.2,81.0,296.0,532.8,3400.0,0.85
2026-01-19T12:00Z,12,19,14.8,80.0,352.0,633.6,3600.0,0.85
2026-01-19T13:00Z,13,19,15.3,76.0,339.0,610.2,3350.0,0.85
2026-01-19T14:00Z,14,19,15.1,74.0,257.0,462.6,3450.0,0.85
2026-01-19T15:00Z,15,19,14.7,76.0,222.0,399.6,3650.0,0.85
2026-01-19T16:00Z,16,19,13.0,91.0,58.0,104.4,4500.0,0.85
2026-01-19T17:00Z,17,19,12.9,94.0,2.0,3.6,4550.0,0.85
2026-01-19T18:00Z,18,19,12.8,95.0,0.0,0.0,4600.0,0.15
2026-01-19T19:00Z,19,19,13.0,94.0,0.0,0.0,4500.0,0.15
2026-01-19T20:00Z,20,19,12.9,95.0,0.0,0.0,4550.0,0.15
2026-01-19T21:00Z,21,19,12.7,98.0,0.0,0.0,4650.0,0.15
2026-01-19T22:00Z,22,19,12.6,96.0,0.0,0.0,4700.0,0.15
2026-01-19T23:00Z,23,19,12.4,95.0,0.0,0.0,4800.0,0.15
2026-01-20T00:00Z,0,20,10.4,97.0,0.0,0.0,5800.0,0.15
2026-01-20T01:00Z,1,20,10.5,97.0,0.0,0.0,5750.0,0.15
2026-01-20T02:00Z,2,20,10.4,97.0,0.0,0.0,5800.0,0.15
2026-01-20T03:00Z,3,20,10.5,97.0,0.0,0.0,5750.0,0.15
2026-01-20T04:00Z,4,20,10.2,98.0,0.0,0.0,5900.0,0.15
2026-01-20T05:00Z,5,20,10.6,95.0,0.0,0.0,5700.0,0.15
2026-01-20T06:00Z,6,20,10.9,89.0,0.0,0.0,5550.0,0.15
2026-01-20T07:00Z,7,20,10.1,90.0,1.0,1.8,5950.0,0.15
2026-01-20T08:00Z,8,20,9.6,90.0,7.0,12.6,6200.0,0.85
2026-01-20T09:00Z,9,20,9.2,92.0,18.0,32.4,6400.0,0.85
2026-01-20T10:00Z,10,20,9.5,91.0,52.0,93.6,6250.0,0.85
2026-01-20T11:00Z,11,20,9.6,91.0,32.0,57.6,6200.0,0.85
2026-01-20T12:00Z,12,20,9.9,85.0,47.0,84.6,6050.0,0.85
2026-01-20T13:00Z,13,20,11.2,77.0,370.0,666.0,5400.0,0.85
2026-01-20T14:00Z,14,20,11.3,74.0,262.0,471.6,5350.0,0.85
2026-01-20T15:00Z,15,20,11.2,75.0,187.0,336.6,5400.0,0.85
2026-01-20T16:00Z,16,20,10.1,87.0,24.0,43.2,5950.0,0.85
2026-01-20T17:00Z,17,20,8.9,94.0,6.0,10.8,6550.0,0.85
2026-01-20T18:00Z,18,20,10.0,91.0,0.0,0.0,6000.0,0.15
2026-01-20T19:00Z,19,20,9.9,90.0,0.0,0.0,6050.0,0.15
2026-01-20T20:00Z,20,20,9.9,93.0,0.0,0.0,6050.0,0.15
2026-01-20T21:00Z,21,20,9.3,95.0,0.0,0.0,6350.0,0.15
2026-01-20T22:00Z,22,20,8.4,97.0,0.0,0.0,6800.0,0.15
2026-01-20T23:00Z,23,20,8.9,96.0,0.0,0.0,6550.0,0.15
2026-01-21T00:00Z,0,21,8.9,95.0,0.0,0.0,6550.0,0.15
2026-01-21T01:00Z,1,21,9.2,97.0,0.0,0.0,6400.0,0.15
2026-01-21T02:00Z,2,21,9.2,97.0,0.0,0.0,6400.0,0.15
2026-01-21T03:00Z,3,21,9.4,97.0,0.0,0.0,6300.0,0.15
2026-01-21T04:00Z,4,21,9.8,96.0,0.0,0.0,6100.0,0.15
2026-01-21T05:00Z,5,21,10.2,95.0,0.0,0.0,5900.0,0.15
2026-01-21T06:00Z,6,21,11.6,92.0,0.0,0.0,5200.0,0.15
2026-01-21T07:00Z,7,21,11.5,92.0,2.0,3.6,5250.0,0.15
2026-01-21T08:00Z,8,21,12.1,92.0,35.0,63.0,4950.0,0.85
2026-01-21T09:00Z,9,21,12.4,89.0,110.0,198.0,4800.0,0.85
2026-01-21T10:00Z,10,21,13.1,87.0,131.0,235.8,4450.0,0.85
2026-01-21T11:00Z,11,21,13.4,87.0,254.0,457.2,4300.0,0.85
2026-01-21T12:00Z,12,21,13.0,83.0,199.0,358.2,4500.0,0.85
2026-01-21T13:00Z,13,21,12.4,87.0,101.0,181.8,4800.0,0.85
2026-01-21T14:00Z,14,21,12.2,89.0,88.0,158.4,4900.0,0.85
2026-01-21T15:00Z,15,21,11.8,86.0,50.0,90.0,5100.0,0.85
2026-01-21T16:00Z,16,21,11.5,85.0,27.0,48.6,5250.0,0.85
2026-01-21T17:00Z,17,21,11.1,87.0,2.0,3.6,5450.0,0.85
2026-01-21T18:00Z,18,21,11.4,89.0,0.0,0.0,5300.0,0.15
2026-01-21T19:00Z,19,21,11.4,89.0,0.0,0.0,5300.0,0.15
2026-01-21T20:00Z,20,21,11.4,89.0,0.0,0.0,5300.0,0.15
2026-01-21T21:00Z,21,21,11.1,90.0,0.0,0.0,5450.0,0.15
2026-01-21T22:00Z,22,21,11.0,90.0,0.0,0.0,5500.0,0.15
2026-01-21T23:00Z,23,21,10.6,92.0,0.0,0.0,5700.0,0.15
2026-01-22T00:00Z,0,22,10.4,93.0,0.0,0.0,5800.0,0.15
2026-01-22T01:00Z,1,22,10.0,93.0,0.0,0.0,6000.0,0.15
2026-01-22T02:00Z,2,22,9.6,93.0,0.0,0.0,6200.0,0.15
2026-01-22T03:00Z,3,22,9.4,93.0,0.0,0.0,6300.0,0.15
2026-01-22T04:00Z,4,22,9.1,95.0,0.0,0.0,6450.0,0.15
2026-01-22T05:00Z,5,22,8.9,95.0,0.0,0.0,6550.0,0.15
2026-01-22T06:00Z,6,22,9.1,96.0,0.0,0.0,6450.0,0.15
2026-01-22T07:00Z,7,22,9.1,95.0,9.0,16.2,6450.0,0.15
2026-01-22T08:00Z,8,22,10.6,91.0,108.0,194.4,5700.0,0.85
2026-01-22T09:00Z,9,22,12.5,86.0,279.0,502.2,4750.0,0.85
2026-01-22T10:00Z,10,22,13.9,78.0,419.0,754.2,4050.0,0.85
2026-01-22T11:00Z,11,22,15.4,68.0,508.0,914.4,3300.0,0.85
2026-01-22T12:00Z,12,22,16.4,63.0,517.0,930.6,2800.0,0.85
2026-01-22T13:00Z,13,22,17.2,59.0,502.0,903.6,2400.0,0.85
2026-01-22T14:00Z,14,22,15.9,66.0,283.0,509.4,3050.0,0.85
2026-01-22T15:00Z,15,22,15.3,69.0,182.0,327.6,3350.0,0.85
2026-01-22T16:00Z,16,22,13.9,76.0,32.0,57.6,4050.0,0.85
2026-01-22T17:00Z,17,22,13.0,77.0,2.0,3.6,4500.0,0.85
2026-01-22T18:00Z,18,22,12.1,83.0,0.0,0.0,4950.0,0.15
2026-01-22T19:00Z,19,22,12.2,84.0,0.0,0.0,4900.0,0.15
2026-01-22T20:00Z,20,22,11.9,84.0,0.0,0.0,5050.0,0.15
2026-01-22T21:00Z,21,22,11.3,83.0,0.0,0.0,5350.0,0.15
2026-01-22T22:00Z,22,22,10.7,82.0,0.0,0.0,5650.0,0.15
2026-01-22T23:00Z,23,22,10.1,82.0,0.0,0.0,5950.0,0.15
2026-01-23T00:00Z,0,23,10.4,79.0,0.0,0.0,5800.0,0.15
2026-01-23T01:00Z,1,23,10.1,78.0,0.0,0.0,5950.0,0.15
2026-01-23T02:00Z,2,23,10.4,76.0,0.0,0.0,5800.0,0.15
2026-01-23T03:00Z,3,23,10.5,77.0,0.0,0.0,5750.0,0.15
2026-01-23T04:00Z,4,23,10.8,79.0,0.0,0.0,5600.0,0.15
2026-01-23T05:00Z,5,23,10.9,79.0,0.0,0.0,5550.0,0.15
2026-01-23T06:00Z,6,23,11.0,81.0,0.0,0.0,5500.0,0.15
2026-01-23T07:00Z,7,23,10.8,83.0,9.0,16.2,5600.0,0.15
2026-01-23T08:00Z,8,23,11.8,80.0,121.0,217.8,5100.0,0.85
2026-01-23T09:00Z,9,23,12.9,77.0,257.0,462.6,4550.0,0.85
2026-01-23T10:00Z,10,23,14.4,71.0,417.0,750.6,3800.0,0.85
2026-01-23T11:00Z,11,23,15.5,63.0,457.0,822.6,3250.0,0.85
2026-01-23T12:00Z,12,23,16.2,57.0,487.0,876.6,2900.0,0.85
2026-01-23T13:00Z,13,23,16.5,53.0,469.0,844.2,2750.0,0.85
2026-01-23T14:00Z,14,23,16.6,50.0,420.0,756.0,2700.0,0.85
2026-01-23T15:00Z,15,23,16.2,54.0,275.0,495.0,2900.0,0.85
2026-01-23T16:00Z,16,23,14.6,65.0,120.0,216.0,3700.0,0.85
2026-01-23T17:00Z,17,23,13.2,68.0,11.0,19.8,4400.0,0.85
2026-01-23T18:00Z,18,23,12.3,72.0,0.0,0.0,4850.0,0.15
2026-01-23T19:00Z,19,23,11.2,77.0,0.0,0.0,5400.0,0.15
2026-01-23T20:00Z,20,23,11.4,78.0,0.0,0.0,5300.0,0.15
2026-01-23T21:00Z,21,23,11.2,81.0,0.0,0.0,5400.0,0.15
2026-01-23T22:00Z,22,23,11.9,77.0,0.0,0.0,5050.0,0.15
2026-01-23T23:00Z,23,23,12.0,75.0,0.0,0.0,5000.0,0.15
2026-01-24T00:00Z,0,24,11.8,71.0,0.0,0.0,5100.0,0.15
2026-01-24T01:00Z,1,24,11.5,73.0,0.0,0.0,5250.0,0.15
2026-01-24T02:00Z,2,24,11.1,78.0,0.0,0.0,5450.0,0.15
2026-01-24T03:00Z,3,24,10.6,81.0,0.0,0.0,5700.0,0.15
2026-01-24T04:00Z,4,24,9.7,84.0,0.0,0.0,6150.0,0.15
2026-01-24T05:00Z,5,24,9.6,84.0,0.0,0.0,6200.0,0.15
2026-01-24T06:00Z,6,24,10.7,80.0,0.0,0.0,5650.0,0.15
2026-01-24T07:00Z,7,24,10.9,78.0,4.0,7.2,5550.0,0.15
2026-01-24T08:00Z,8,24,11.5,76.0,26.0,46.8,5250.0,0.15
2026-01-24T09:00Z,9,24,12.1,76.0,57.0,102.6,4950.0,0.15
2026-01-24T10:00Z,10,24,13.8,73.0,161.0,289.8,4100.0,0.15
2026-01-24T11:00Z,11,24,14.4,78.0,244.0,439.2,3800.0,0.15
2026-01-24T12:00Z,12,24,16.9,62.0,398.0,716.4,2550.0,0.15
2026-01-24T13:00Z,13,24,17.0,59.0,335.0,603.0,2500.0,0.15
2026-01-24T14:00Z,14,24,17.5,59.0,324.0,583.2,2250.0,0.15
2026-01-24T15:00Z,15,24,15.8,72.0,43.0,77.4,3100.0,0.15
2026-01-24T16:00Z,16,24,14.4,79.0,29.0,52.2,3800.0,0.15
2026-01-24T17:00Z,17,24,12.1,88.0,4.0,7.2,4950.0,0.15
2026-01-24T18:00Z,18,24,11.5,91.0,0.0,0.0,5250.0,0.15
2026-01-24T19:00Z,19,24,10.4,85.0,0.0,0.0,5800.0,0.15
2026-01-24T20:00Z,20,24,9.8,89.0,0.0,0.0,6100.0,0.15
2026-01-24T21:00Z,21,24,9.8,91.0,0.0,0.0,6100.0,0.15
2026-01-24T22:00Z,22,24,9.5,93.0,0.0,0.0,6250.0,0.15
2026-01-24T23:00Z,23,24,9.4,91.0,0.0,0.0,6300.0,0.15
2026-01-25T00:00Z,0,25,9.6,92.0,0.0,0.0,6200.0,0.15
2026-01-25T01:00Z,1,25,9.4,91.0,0.0,0.0,6300.0,0.15
2026-01-25T02:00Z,2,25,9.1,90.0,0.0,0.0,6450.0,0.15
2026-01-25T03:00Z,3,25,8.9,90.0,0.0,0.0,6550.0,0.15
2026-01-25T04:00Z,4,25,8.4,92.0,0.0,0.0,6800.0,0.15
2026-01-25T05:00Z,5,25,8.1,92.0,0.0,0.0,6950.0,0.15
2026-01-25T06:00Z,6,25,8.1,92.0,0.0,0.0,6950.0,0.15
2026-01-25T07:00Z,7,25,7.8,92.0,10.0,18.0,7100.0,0.15
2026-01-25T08:00Z,8,25,9.0,87.0,124.0,223.2,6500.0,0.15
2026-01-25T09:00Z,9,25,10.3,81.0,298.0,536.4,5850.0,0.15
2026-01-25T10:00Z,10,25,11.6,68.0,439.0,790.2,5200.0,0.15
2026-01-25T11:00Z,11,25,12.8,58.0,534.0,961.2,4600.0,0.15
2026-01-25T12:00Z,12,25,13.4,56.0,419.0,754.2,4300.0,0.15
2026-01-25T13:00Z,13,25,13.0,54.0,461.0,829.8,4500.0,0.15
2026-01-25T14:00Z,14,25,11.9,65.0,331.0,595.8,5050.0,0.15
2026-01-25T15:00Z,15,25,11.4,67.0,253.0,455.4,5300.0,0.15
2026-01-25T16:00Z,16,25,10.8,71.0,113.0,203.4,5600.0,0.15
2026-01-25T17:00Z,17,25,9.9,75.0,11.0,19.8,6050.0,0.15
2026-01-25T18:00Z,18,25,10.1,76.0,0.0,0.0,5950.0,0.15
2026-01-25T19:00Z,19,25,9.5,79.0,0.0,0.0,6250.0,0.15
2026-01-25T20:00Z,20,25,9.3,81.0,0.0,0.0,6350.0,0.15
2026-01-25T21:00Z,21,25,9.4,81.0,0.0,0.0,6300.0,0.15
2026-01-25T22:00Z,22,25,9.1,81.0,0.0,0.0,6450.0,0.15
2026-01-25T23:00Z,23,25,9.4,78.0,0.0,0.0,6300.0,0.15
2026-01-26T00:00Z,0,26,9.8,78.0,0.0,0.0,6100.0,0.15
2026-01-26T01:00Z,1,26,9.5,74.0,0.0,0.0,6250.0,0.15
2026-01-26T02:00Z,2,26,9.8,69.0,0.0,0.0,6100.0,0.15
2026-01-26T03:00Z,3,26,10.1,66.0,0.0,0.0,5950.0,0.15
2026-01-26T04:00Z,4,26,9.4,71.0,0.0,0.0,6300.0,0.15
2026-01-26T05:00Z,5,26,9.3,76.0,0.0,0.0,6350.0,0.15
2026-01-26T06:00Z,6,26,10.1,75.0,0.0,0.0,5950.0,0.15
2026-01-26T07:00Z,7,26,9.6,78.0,10.0,18.0,6200.0,0.15
2026-01-26T08:00Z,8,26,10.2,77.0,67.0,120.6,5900.0,0.85
2026-01-26T09:00Z,9,26,10.7,82.0,181.0,325.8,5650.0,0.85
2026-01-26T10:00Z,10,26,11.6,74.0,306.0,550.8,5200.0,0.85
2026-01-26T11:00Z,11,26,11.9,71.0,395.0,711.0,5050.0,0.85
2026-01-26T12:00Z,12,26,11.5,72.0,401.0,721.8,5250.0,0.85
2026-01-26T13:00Z,13,26,12.1,71.0,396.0,712.8,4950.0,0.85
2026-01-26T14:00Z,14,26,10.9,74.0,262.0,471.6,5550.0,0.85
2026-01-26T15:00Z,15,26,10.2,79.0,154.0,277.2,5900.0,0.85
2026-01-26T16:00Z,16,26,9.2,86.0,73.0,131.4,6400.0,0.85
2026-01-26T17:00Z,17,26,9.2,86.0,10.0,18.0,6400.0,0.85
2026-01-26T18:00Z,18,26,9.7,77.0,0.0,0.0,6150.0,0.15
2026-01-26T19:00Z,19,26,9.6,76.0,0.0,0.0,6200.0,0.15
2026-01-26T20:00Z,20,26,10.2,72.0,0.0,0.0,5900.0,0.15
2026-01-26T21:00Z,21,26,10.1,73.0,0.0,0.0,5950.0,0.15
2026-01-26T22:00Z,22,26,10.1,73.0,0.0,0.0,5950.0,0.15
2026-01-26T23:00Z,23,26,10.4,71.0,0.0,0.0,5800.0,0.15
2026-01-27T00:00Z,0,27,10.6,72.0,0.0,0.0,5700.0,0.15
2026-01-27T01:00Z,1,27,10.1,75.0,0.0,0.0,5950.0,0.15
2026-01-27T02:00Z,2,27,9.2,80.0,0.0,0.0,6400.0,0.15
2026-01-27T03:00Z,3,27,8.6,82.0,0.0,0.0,6700.0,0.15
2026-01-27T04:00Z,4,27,8.0,84.0,0.0,0.0,7000.0,0.15
2026-01-27T05:00Z,5,27,7.8,86.0,0.0,0.0,7100.0,0.15
2026-01-27T06:00Z,6,27,7.4,91.0,0.0,0.0,7300.0,0.15
2026-01-27T07:00Z,7,27,7.8,91.0,12.0,21.6,7100.0,0.15
2026-01-27T08:00Z,8,27,9.4,88.0,137.0,246.6,6300.0,0.85
2026-01-27T09:00Z,9,27,11.7,81.0,297.0,534.6,5150.0,0.85
2026-01-27T10:00Z,10,27,13.6,74.0,373.0,671.4,4200.0,0.85
2026-01-27T11:00Z,11,27,14.9,67.0,407.0,732.6,3550.0,0.85
2026-01-27T12:00Z,12,27,16.5,60.0,529.0,952.2,2750.0,0.85
2026-01-27T13:00Z,13,27,17.2,62.0,363.0,653.4,2400.0,0.85
2026-01-27T14:00Z,14,27,18.0,61.0,372.0,669.6,2000.0,0.85
2026-01-27T15:00Z,15,27,18.0,64.0,284.0,511.2,2000.0,0.85
2026-01-27T16:00Z,16,27,17.1,72.0,139.0,250.2,2450.0,0.85
2026-01-27T17:00Z,17,27,15.1,75.0,16.0,28.8,3450.0,0.85
2026-01-27T18:00Z,18,27,14.3,73.0,0.0,0.0,3850.0,0.15
2026-01-27T19:00Z,19,27,13.8,74.0,0.0,0.0,4100.0,0.15
2026-01-27T20:00Z,20,27,13.9,75.0,0.0,0.0,4050.0,0.15
2026-01-27T21:00Z,21,27,14.2,74.0,0.0,0.0,3900.0,0.15
2026-01-27T22:00Z,22,27,14.5,71.0,0.0,0.0,3750.0,0.15
2026-01-27T23:00Z,23,27,14.4,70.0,0.0,0.0,3800.0,0.15
2026-01-28T00:00Z,0,28,14.6,68.0,0.0,0.0,3700.0,0.15
2026-01-28T01:00Z,1,28,13.8,76.0,0.0,0.0,4100.0,0.15
2026-01-28T02:00Z,2,28,13.9,75.0,0.0,0.0,4050.0,0.15
2026-01-28T03:00Z,3,28,14.1,73.0,0.0,0.0,3950.0,0.15
2026-01-28T04:00Z,4,28,13.9,73.0,0.0,0.0,4050.0,0.15
2026-01-28T05:00Z,5,28,13.1,74.0,0.0,0.0,4450.0,0.15
2026-01-28T06:00Z,6,28,12.8,81.0,0.0,0.0,4600.0,0.15
2026-01-28T07:00Z,7,28,12.7,82.0,10.0,18.0,4650.0,0.15
2026-01-28T08:00Z,8,28,13.6,81.0,134.0,241.2,4200.0,0.85
2026-01-28T09:00Z,9,28,15.4,78.0,307.0,552.6,3300.0,0.85
2026-01-28T10:00Z,10,28,17.0,70.0,449.0,808.2,2500.0,0.85
2026-01-28T11:00Z,11,28,18.0,60.0,539.0,970.2,2000.0,0.85
2026-01-28T12:00Z,12,28,17.7,50.0,423.0,761.4,2150.0,0.85
2026-01-28T13:00Z,13,28,17.7,49.0,341.0,613.8,2150.0,0.85
2026-01-28T14:00Z,14,28,17.4,51.0,241.0,433.8,2300.0,0.85
2026-01-28T15:00Z,15,28,16.6,60.0,108.0,194.4,2700.0,0.85
2026-01-28T16:00Z,16,28,15.4,62.0,45.0,81.0,3300.0,0.85
2026-01-28T17:00Z,17,28,14.5,68.0,4.0,7.2,3750.0,0.85
2026-01-28T18:00Z,18,28,14.1,77.0,0.0,0.0,3950.0,0.15
2026-01-28T19:00Z,19,28,13.1,83.0,0.0,0.0,4450.0,0.15
2026-01-28T20:00Z,20,28,12.6,91.0,0.0,0.0,4700.0,0.15
2026-01-28T21:00Z,21,28,11.4,89.0,0.0,0.0,5300.0,0.15
2026-01-28T22:00Z,22,28,11.6,91.0,0.0,0.0,5200.0,0.15
2026-01-28T23:00Z,23,28,11.5,88.0,0.0,0.0,5250.0,0.15
2026-01-29T00:00Z,0,29,14.0,65.0,0.0,0.0,4000.0,0.15
2026-01-29T01:00Z,1,29,13.4,72.0,0.0,0.0,4300.0,0.15
2026-01-29T02:00Z,2,29,12.6,76.0,0.0,0.0,4700.0,0.15
2026-01-29T03:00Z,3,29,12.1,79.0,0.0,0.0,4950.0,0.15
2026-01-29T04:00Z,4,29,12.1,78.0,0.0,0.0,4950.0,0.15
2026-01-29T05:00Z,5,29,11.9,77.0,0.0,0.0,5050.0,0.15
2026-01-29T06:00Z,6,29,11.9,74.0,0.0,0.0,5050.0,0.15
2026-01-29T07:00Z,7,29,12.2,73.0,11.0,19.8,4900.0,0.15
2026-01-29T08:00Z,8,29,13.1,68.0,128.0,230.4,4450.0,0.85
2026-01-29T09:00Z,9,29,14.6,65.0,284.0,511.2,3700.0,0.85
2026-01-29T10:00Z,10,29,15.8,58.0,424.0,763.2,3100.0,0.85
2026-01-29T11:00Z,11,29,16.6,53.0,502.0,903.6,2700.0,0.85
2026-01-29T12:00Z,12,29,16.2,56.0,535.0,963.0,2900.0,0.85
2026-01-29T13:00Z,13,29,16.0,60.0,250.0,450.0,3000.0,0.85
2026-01-29T14:00Z,14,29,14.9,71.0,130.0,234.0,3550.0,0.85
2026-01-29T15:00Z,15,29,14.4,77.0,54.0,97.2,3800.0,0.85
2026-01-29T16:00Z,16,29,14.1,78.0,36.0,64.8,3950.0,0.85
2026-01-29T17:00Z,17,29,13.6,82.0,3.0,5.4,4200.0,0.85
2026-01-29T18:00Z,18,29,13.4,84.0,0.0,0.0,4300.0,0.15
2026-01-29T19:00Z,19,29,13.3,83.0,0.0,0.0,4350.0,0.15
2026-01-29T20:00Z,20,29,13.1,83.0,0.0,0.0,4450.0,0.15
2026-01-29T21:00Z,21,29,12.6,86.0,0.0,0.0,4700.0,0.15
2026-01-29T22:00Z,22,29,13.1,83.0,0.0,0.0,4450.0,0.15
2026-01-29T23:00Z,23,29,13.1,88.0,0.0,0.0,4450.0,0.15
2026-01-30T00:00Z,0,30,13.6,93.0,0.0,0.0,4200.0,0.15
2026-01-30T01:00Z,1,30,13.6,94.0,0.0,0.0,4200.0,0.15
2026-01-30T02:00Z,2,30,13.8,94.0,0.0,0.0,4100.0,0.15
2026-01-30T03:00Z,3,30,13.6,96.0,0.0,0.0,4200.0,0.15
2026-01-30T04:00Z,4,30,13.6,96.0,0.0,0.0,4200.0,0.15
2026-01-30T05:00Z,5,30,13.6,95.0,0.0,0.0,4200.0,0.15
2026-01-30T06:00Z,6,30,13.6,91.0,0.0,0.0,4200.0,0.15
2026-01-30T07:00Z,7,30,13.8,89.0,3.0,5.4,4100.0,0.15
2026-01-30T08:00Z,8,30,14.8,84.0,111.0,199.8,3600.0,0.85
2026-01-30T09:00Z,9,30,16.4,79.0,286.0,514.8,2800.0,0.85
2026-01-30T10:00Z,10,30,17.0,74.0,370.0,666.0,2500.0,0.85
2026-01-30T11:00Z,11,30,17.4,72.0,459.0,826.2,2300.0,0.85
2026-01-30T12:00Z,12,30,17.8,68.0,454.0,817.2,2100.0,0.85
2026-01-30T13:00Z,13,30,18.1,59.0,450.0,810.0,1950.0,0.85
2026-01-30T14:00Z,14,30,16.6,65.0,366.0,658.8,2700.0,0.85
2026-01-30T15:00Z,15,30,15.6,67.0,245.0,441.0,3200.0,0.85
2026-01-30T16:00Z,16,30,14.7,67.0,148.0,266.4,3650.0,0.85
2026-01-30T17:00Z,17,30,13.9,60.0,20.0,36.0,4050.0,0.85
2026-01-30T18:00Z,18,30,13.8,61.0,0.0,0.0,4100.0,0.15
2026-01-30T19:00Z,19,30,12.9,67.0,0.0,0.0,4550.0,0.15
2026-01-30T20:00Z,20,30,12.1,70.0,0.0,0.0,4950.0,0.15
2026-01-30T21:00Z,21,30,11.5,72.0,0.0,0.0,5250.0,0.15
2026-01-30T22:00Z,22,30,10.8,76.0,0.0,0.0,5600.0,0.15
2026-01-30T23:00Z,23,30,10.1,81.0,0.0,0.0,5950.0,0.15
2026-01-31T00:00Z,0,31,10.1,86.0,0.0,0.0,5950.0,0.15
2026-01-31T01:00Z,1,31,9.8,87.0,0.0,0.0,6100.0,0.15
2026-01-31T02:00Z,2,31,10.2,84.0,0.0,0.0,5900.0,0.15
2026-01-31T03:00Z,3,31,10.1,82.0,0.0,0.0,5950.0,0.15
2026-01-31T04:00Z,4,31,10.4,78.0,0.0,0.0,5800.0,0.15
2026-01-31T05:00Z,5,31,10.0,87.0,0.0,0.0,6000.0,0.15
2026-01-31T06:00Z,6,31,11.3,81.0,0.0,0.0,5350.0,0.15
2026-01-31T07:00Z,7,31,11.9,82.0,13.0,23.4,5050.0,0.15
2026-01-31T08:00Z,8,31,12.4,84.0,119.0,214.2,4800.0,0.15
2026-01-31T09:00Z,9,31,11.9,85.0,67.0,120.6,5050.0,0.15
2026-01-31T10:00Z,10,31,12.8,78.0,151.0,271.8,4600.0,0.15
2026-01-31T11:00Z,11,31,13.4,74.0,206.0,370.8,4300.0,0.15
2026-01-31T12:00Z,12,31,13.1,62.0,210.0,378.0,4450.0,0.15
2026-01-31T13:00Z,13,31,13.2,62.0,459.0,826.2,4400.0,0.15
2026-01-31T14:00Z,14,31,12.9,60.0,372.0,669.6,4550.0,0.15
2026-01-31T15:00Z,15,31,12.0,66.0,237.0,426.6,5000.0,0.15
2026-01-31T16:00Z,16,31,11.4,65.0,106.0,190.8,5300.0,0.15
2026-01-31T17:00Z,17,31,10.8,68.0,17.0,30.6,5600.0,0.15
2026-01-31T18:00Z,18,31,10.8,75.0,0.0,0.0,5600.0,0.15
2026-01-31T19:00Z,19,31,10.4,76.0,0.0,0.0,5800.0,0.15
2026-01-31T20:00Z,20,31,9.9,82.0,0.0,0.0,6050.0,0.15
2026-01-31T21:00Z,21,31,10.2,89.0,0.0,0.0,5900.0,0.15
2026-01-31T22:00Z,22,31,10.3,90.0,0.0,0.0,5850.0,0.15
2026-01-31T23:00Z,23,31,10.6,87.0,0.0,0.0,5700.0,0.15
2026-02-01T00:00Z,0,32,10.6,87.0,0.0,0.0,5700.0,0.15
2026-02-01T01:00Z,1,32,11.1,90.0,0.0,0.0,5450.0,0.15
2026-02-01T02:00Z,2,32,10.9,89.0,0.0,0.0,5550.0,0.15
2026-02-01T03:00Z,3,32,10.7,90.0,0.0,0.0,5650.0,0.15
2026-02-01T04:00Z,4,32,10.4,84.0,0.0,0.0,5800.0,0.15
2026-02-01T05:00Z,5,32,10.1,87.0,0.0,0.0,5950.0,0.15
2026-02-01T06:00Z,6,32,10.4,90.0,0.0,0.0,5800.0,0.15
2026-02-01T07:00Z,7,32,10.8,81.0,15.0,27.0,5600.0,0.15
2026-02-01T08:00Z,8,32,12.1,77.0,121.0,217.8,4950.0,0.15
2026-02-01T09:00Z,9,32,12.4,79.0,266.0,478.8,4800.0,0.15
2026-02-01T10:00Z,10,32,13.4,73.0,382.0,687.6,4300.0,0.15
2026-02-01T11:00Z,11,32,13.9,66.0,484.0,871.2,4050.0,0.15
2026-02-01T12:00Z,12,32,14.1,67.0,529.0,952.2,3950.0,0.15
2026-02-01T13:00Z,13,32,14.1,65.0,478.0,860.4,3950.0,0.15
2026-02-01T14:00Z,14,32,14.9,60.0,416.0,748.8,3550.0,0.15
2026-02-01T15:00Z,15,32,14.5,59.0,312.0,561.6,3750.0,0.15
2026-02-01T16:00Z,16,32,13.8,62.0,147.0,264.6,4100.0,0.15
2026-02-01T17:00Z,17,32,12.7,67.0,22.0,39.6,4650.0,0.15
2026-02-01T18:00Z,18,32,12.3,69.0,0.0,0.0,4850.0,0.15
2026-02-01T19:00Z,19,32,11.8,72.0,0.0,0.0,5100.0,0.15
2026-02-01T20:00Z,20,32,11.9,72.0,0.0,0.0,5050.0,0.15
2026-02-01T21:00Z,21,32,11.9,72.0,0.0,0.0,5050.0,0.15
2026-02-01T22:00Z,22,32,11.5,74.0,0.0,0.0,5250.0,0.15
2026-02-01T23:00Z,23,32,10.8,78.0,0.0,0.0,5600.0,0.15
2026-02-02T00:00Z,0,33,10.6,81.0,0.0,0.0,5700.0,0.15
2026-02-02T01:00Z,1,33,9.7,85.0,0.0,0.0,6150.0,0.15
2026-02-02T02:00Z,2,33,9.2,87.0,0.0,0.0,6400.0,0.15
2026-02-02T03:00Z,3,33,8.8,88.0,0.0,0.0,6600.0,0.15
2026-02-02T04:00Z,4,33,8.8,86.0,0.0,0.0,6600.0,0.15
2026-02-02T05:00Z,5,33,8.5,85.0,0.0,0.0,6750.0,0.15
2026-02-02T06:00Z,6,33,8.4,85.0,0.0,0.0,6800.0,0.15
2026-02-02T07:00Z,7,33,8.4,82.0,17.0,30.6,6800.0,0.15
2026-02-02T08:00Z,8,33,9.9,79.0,151.0,271.8,6050.0,0.85
2026-02-02T09:00Z,9,33,12.1,72.0,321.0,577.8,4950.0,0.85
2026-02-02T10:00Z,10,33,14.4,65.0,464.0,835.2,3800.0,0.85
2026-02-02T11:00Z,11,33,16.4,58.0,558.0,1004.4,2800.0,0.85
2026-02-02T12:00Z,12,33,17.5,52.0,580.0,1044.0,2250.0,0.85
2026-02-02T13:00Z,13,33,18.5,46.0,559.0,1006.2,1750.0,0.85
2026-02-02T14:00Z,14,33,19.0,45.0,471.0,847.8,1500.0,0.85
2026-02-02T15:00Z,15,33,18.3,51.0,331.0,595.8,1850.0,0.85
2026-02-02T16:00Z,16,33,16.6,58.0,154.0,277.2,2700.0,0.85
2026-02-02T17:00Z,17,33,14.6,66.0,22.0,39.6,3700.0,0.85
2026-02-02T18:00Z,18,33,14.1,69.0,0.0,0.0,3950.0,0.15
2026-02-02T19:00Z,19,33,14.4,65.0,0.0,0.0,3800.0,0.15
2026-02-02T20:00Z,20,33,14.8,61.0,0.0,0.0,3600.0,0.15
2026-02-02T21:00Z,21,33,14.2,62.0,0.0,0.0,3900.0,0.15
2026-02-02T22:00Z,22,33,13.6,64.0,0.0,0.0,4200.0,0.15
2026-02-02T23:00Z,23,33,13.1,64.0,0.0,0.0,4450.0,0.15
2026-02-03T00:00Z,0,34,12.9,64.0,0.0,0.0,4550.0,0.15
2026-02-03T01:00Z,1,34,12.9,61.0,0.0,0.0,4550.0,0.15
2026-02-03T02:00Z,2,34,12.9,58.0,0.0,0.0,4550.0,0.15
2026-02-03T03:00Z,3,34,12.3,60.0,0.0,0.0,4850.0,0.15
2026-02-03T04:00Z,4,34,11.1,66.0,0.0,0.0,5450.0,0.15
2026-02-03T05:00Z,5,34,10.7,66.0,0.0,0.0,5650.0,0.15
2026-02-03T06:00Z,6,34,10.6,71.0,0.0,0.0,5700.0,0.15
2026-02-03T07:00Z,7,34,10.5,77.0,13.0,23.4,5750.0,0.15
2026-02-03T08:00Z,8,34,12.2,69.0,112.0,201.6,4900.0,0.85
2026-02-03T09:00Z,9,34,14.9,68.0,267.0,480.6,3550.0,0.85
2026-02-03T10:00Z,10,34,16.6,64.0,408.0,734.4,2700.0,0.85
2026-02-03T11:00Z,11,34,17.4,61.0,479.0,862.2,2300.0,0.85
2026-02-03T12:00Z,12,34,17.4,60.0,467.0,840.6,2300.0,0.85
2026-02-03T13:00Z,13,34,16.9,63.0,355.0,639.0,2550.0,0.85
2026-02-03T14:00Z,14,34,16.7,68.0,271.0,487.8,2650.0,0.85
2026-02-03T15:00Z,15,34,16.4,73.0,146.0,262.8,2800.0,0.85
2026-02-03T16:00Z,16,34,15.6,73.0,74.0,133.2,3200.0,0.85
2026-02-03T17:00Z,17,34,14.7,67.0,14.0,25.2,3650.0,0.85
2026-02-03T18:00Z,18,34,14.8,70.0,0.0,0.0,3600.0,0.15
2026-02-03T19:00Z,19,34,14.1,72.0,0.0,0.0,3950.0,0.15
2026-02-03T20:00Z,20,34,14.0,73.0,0.0,0.0,4000.0,0.15
2026-02-03T21:00Z,21,34,13.6,77.0,0.0,0.0,4200.0,0.15
2026-02-03T22:00Z,22,34,13.3,76.0,0.0,0.0,4350.0,0.15
2026-02-03T23:00Z,23,34,12.4,80.0,0.0,0.0,4800.0,0.15
2026-02-04T00:00Z,0,35,11.9,85.0,0.0,0.0,5050.0,0.15
2026-02-04T01:00Z,1,35,11.1,86.0,0.0,0.0,5450.0,0.15
2026-02-04T02:00Z,2,35,10.9,90.0,0.0,0.0,5550.0,0.15
2026-02-04T03:00Z,3,35,10.6,89.0,0.0,0.0,5700.0,0.15
2026-02-04T04:00Z,4,35,10.1,91.0,0.0,0.0,5950.0,0.15
2026-02-04T05:00Z,5,35,9.9,90.0,0.0,0.0,6050.0,0.15
2026-02-04T06:00Z,6,35,10.1,89.0,0.0,0.0,5950.0,0.15
2026-02-04T07:00Z,7,35,9.9,88.0,17.0,30.6,6050.0,0.15
2026-02-04T08:00Z,8,35,11.1,81.0,154.0,277.2,5450.0,0.85
2026-02-04T09:00Z,9,35,12.4,75.0,326.0,586.8,4800.0,0.85
2026-02-04T10:00Z,10,35,13.6,67.0,472.0,849.6,4200.0,0.85
2026-02-04T11:00Z,11,35,14.8,58.0,532.0,957.6,3600.0,0.85
2026-02-04T12:00Z,12,35,15.7,51.0,601.0,1081.8,3150.0,0.85
2026-02-04T13:00Z,13,35,14.8,56.0,165.0,297.0,3600.0,0.85
2026-02-04T14:00Z,14,35,14.4,61.0,88.0,158.4,3800.0,0.85
2026-02-04T15:00Z,15,35,14.3,61.0,90.0,162.0,3850.0,0.85
2026-02-04T16:00Z,16,35,13.9,64.0,81.0,145.8,4050.0,0.85
2026-02-04T17:00Z,17,35,13.4,70.0,10.0,18.0,4300.0,0.85
2026-02-04T18:00Z,18,35,13.8,72.0,0.0,0.0,4100.0,0.15
2026-02-04T19:00Z,19,35,13.4,75.0,0.0,0.0,4300.0,0.15
2026-02-04T20:00Z,20,35,13.6,75.0,0.0,0.0,4200.0,0.15
2026-02-04T21:00Z,21,35,13.2,79.0,0.0,0.0,4400.0,0.15
2026-02-04T22:00Z,22,35,14.1,74.0,0.0,0.0,3950.0,0.15
2026-02-04T23:00Z,23,35,14.0,69.0,0.0,0.0,4000.0,0.15
2026-02-05T00:00Z,0,36,14.6,66.0,0.0,0.0,3700.0,0.15
2026-02-05T01:00Z,1,36,13.8,69.0,0.0,0.0,4100.0,0.15
2026-02-05T02:00Z,2,36,13.3,72.0,0.0,0.0,4350.0,0.15
2026-02-05T03:00Z,3,36,12.5,76.0,0.0,0.0,4750.0,0.15
2026-02-05T04:00Z,4,36,11.7,81.0,0.0,0.0,5150.0,0.15
2026-02-05T05:00Z,5,36,12.0,81.0,0.0,0.0,5000.0,0.15
2026-02-05T06:00Z,6,36,12.8,85.0,0.0,0.0,4600.0,0.15
2026-02-05T07:00Z,7,36,12.8,87.0,15.0,27.0,4600.0,0.15
2026-02-05T08:00Z,8,36,13.5,85.0,71.0,127.8,4250.0,0.85
2026-02-05T09:00Z,9,36,14.9,82.0,201.0,361.8,3550.0,0.85
2026-02-05T10:00Z,10,36,15.5,80.0,179.0,322.2,3250.0,0.85
2026-02-05T11:00Z,11,36,15.9,80.0,169.0,304.2,3050.0,0.85
2026-02-05T12:00Z,12,36,16.1,82.0,138.0,248.4,2950.0,0.85
2026-02-05T13:00Z,13,36,16.9,80.0,183.0,329.4,2550.0,0.85
2026-02-05T14:00Z,14,36,17.0,83.0,106.0,190.8,2500.0,0.85
2026-02-05T15:00Z,15,36,18.0,82.0,253.0,455.4,2000.0,0.85
2026-02-05T16:00Z,16,36,17.5,86.0,157.0,282.6,2250.0,0.85
2026-02-05T17:00Z,17,36,15.4,92.0,29.0,52.2,3300.0,0.85
2026-02-05T18:00Z,18,36,15.1,92.0,0.0,0.0,3450.0,0.15
2026-02-05T19:00Z,19,36,14.8,90.0,0.0,0.0,3600.0,0.15
2026-02-05T20:00Z,20,36,15.2,86.0,0.0,0.0,3400.0,0.15
2026-02-05T21:00Z,21,36,15.2,83.0,0.0,0.0,3400.0,0.15
2026-02-05T22:00Z,22,36,16.0,78.0,0.0,0.0,3000.0,0.15
2026-02-05T23:00Z,23,36,16.2,76.0,0.0,0.0,2900.0,0.15
2026-02-06T00:00Z,0,37,16.4,70.0,0.0,0.0,2800.0,0.15
2026-02-06T01:00Z,1,37,15.6,71.0,0.0,0.0,3200.0,0.15
2026-02-06T02:00Z,2,37,14.9,75.0,0.0,0.0,3550.0,0.15
2026-02-06T03:00Z,3,37,13.9,79.0,0.0,0.0,4050.0,0.15
2026-02-06T04:00Z,4,37,14.1,78.0,0.0,0.0,3950.0,0.15
2026-02-06T05:00Z,5,37,15.8,76.0,0.0,0.0,3100.0,0.15
2026-02-06T06:00Z,6,37,16.4,77.0,0.0,0.0,2800.0,0.15
2026-02-06T07:00Z,7,37,16.8,75.0,20.0,36.0,2600.0,0.15
2026-02-06T08:00Z,8,37,17.6,69.0,159.0,286.2,2200.0,0.85
2026-02-06T09:00Z,9,37,18.7,58.0,335.0,603.0,1650.0,0.85
2026-02-06T10:00Z,10,37,19.5,56.0,481.0,865.8,1250.0,0.85
2026-02-06T11:00Z,11,37,20.2,55.0,582.0,1047.6,900.0,0.85
2026-02-06T12:00Z,12,37,20.3,49.0,618.0,1112.4,850.0,0.85
2026-02-06T13:00Z,13,37,20.2,50.0,587.0,1056.6,900.0,0.85
2026-02-06T14:00Z,14,37,19.6,51.0,499.0,898.2,1200.0,0.85
2026-02-06T15:00Z,15,37,18.9,53.0,357.0,642.6,1550.0,0.85
2026-02-06T16:00Z,16,37,17.4,58.0,184.0,331.2,2300.0,0.85
2026-02-06T17:00Z,17,37,15.8,64.0,32.0,57.6,3100.0,0.85
2026-02-06T18:00Z,18,37,15.4,65.0,0.0,0.0,3300.0,0.15
2026-02-06T19:00Z,19,37,14.6,70.0,0.0,0.0,3700.0,0.15
2026-02-06T20:00Z,20,37,13.9,73.0,0.0,0.0,4050.0,0.15
2026-02-06T21:00Z,21,37,13.7,72.0,0.0,0.0,4150.0,0.15
2026-02-06T22:00Z,22,37,13.1,75.0,0.0,0.0,4450.0,0.15
2026-02-06T23:00Z,23,37,12.2,78.0,0.0,0.0,4900.0,0.15
2026-02-07T00:00Z,0,38,12.2,75.0,0.0,0.0,4900.0,0.15
2026-02-07T01:00Z,1,38,11.6,78.0,0.0,0.0,5200.0,0.15
2026-02-07T02:00Z,2,38,11.1,80.0,0.0,0.0,5450.0,0.15
2026-02-07T03:00Z,3,38,10.6,80.0,0.0,0.0,5700.0,0.15
2026-02-07T04:00Z,4,38,10.7,80.0,0.0,0.0,5650.0,0.15
2026-02-07T05:00Z,5,38,11.1,80.0,0.0,0.0,5450.0,0.15
2026-02-07T06:00Z,6,38,11.5,79.0,0.0,0.0,5250.0,0.15
2026-02-07T07:00Z,7,38,11.5,80.0,6.0,10.8,5250.0,0.15
2026-02-07T08:00Z,8,38,12.5,76.0,37.0,66.6,4750.0,0.15
2026-02-07T09:00Z,9,38,12.8,76.0,52.0,93.6,4600.0,0.15
2026-02-07T10:00Z,10,38,13.6,77.0,125.0,225.0,4200.0,0.15
2026-02-07T11:00Z,11,38,14.5,77.0,184.0,331.2,3750.0,0.15
2026-02-07T12:00Z,12,38,14.4,76.0,161.0,289.8,3800.0,0.15
2026-02-07T13:00Z,13,38,14.2,80.0,96.0,172.8,3900.0,0.15
2026-02-07T14:00Z,14,38,14.2,84.0,80.0,144.0,3900.0,0.15
2026-02-07T15:00Z,15,38,12.0,88.0,88.0,158.4,5000.0,0.15
2026-02-07T16:00Z,16,38,12.0,86.0,80.0,144.0,5000.0,0.15
2026-02-07T17:00Z,17,38,11.4,90.0,27.0,48.6,5300.0,0.15
2026-02-07T18:00Z,18,38,12.0,80.0,0.0,0.0,5000.0,0.15
2026-02-07T19:00Z,19,38,11.5,81.0,0.0,0.0,5250.0,0.15
2026-02-07T20:00Z,20,38,11.1,83.0,0.0,0.0,5450.0,0.15
2026-02-07T21:00Z,21,38,10.9,84.0,0.0,0.0,5550.0,0.15
2026-02-07T22:00Z,22,38,10.8,84.0,0.0,0.0,5600.0,0.15
2026-02-07T23:00Z,23,38,9.8,88.0,0.0,0.0,6100.0,0.15
2026-02-08T00:00Z,0,39,9.1,89.0,0.0,0.0,6450.0,0.15
2026-02-08T01:00Z,1,39,8.8,88.0,0.0,0.0,6600.0,0.15
2026-02-08T02:00Z,2,39,8.2,88.0,0.0,0.0,6900.0,0.15
2026-02-08T03:00Z,3,39,7.9,87.0,0.0,0.0,7050.0,0.15
2026-02-08T04:00Z,4,39,7.4,88.0,0.0,0.0,7300.0,0.15
2026-02-08T05:00Z,5,39,7.4,85.0,0.0,0.0,7300.0,0.15
2026-02-08T06:00Z,6,39,7.4,86.0,0.0,0.0,7300.0,0.15
2026-02-08T07:00Z,7,39,8.1,83.0,21.0,37.8,6950.0,0.15
2026-02-08T08:00Z,8,39,10.5,74.0,117.0,210.6,5750.0,0.15
2026-02-08T09:00Z,9,39,12.6,72.0,193.0,347.4,4700.0,0.15
2026-02-08T10:00Z,10,39,14.8,68.0,321.0,577.8,3600.0,0.15
2026-02-08T11:00Z,11,39,15.8,63.0,414.0,745.2,3100.0,0.15
2026-02-08T12:00Z,12,39,15.9,65.0,424.0,763.2,3050.0,0.15
2026-02-08T13:00Z,13,39,17.1,56.0,380.0,684.0,2450.0,0.15
2026-02-08T14:00Z,14,39,17.0,59.0,216.0,388.8,2500.0,0.15
2026-02-08T15:00Z,15,39,16.5,61.0,181.0,325.8,2750.0,0.15
2026-02-08T16:00Z,16,39,14.8,67.0,38.0,68.4,3600.0,0.15
2026-02-08T17:00Z,17,39,11.6,79.0,8.0,14.4,5200.0,0.15
2026-02-08T18:00Z,18,39,10.3,90.0,0.0,0.0,5850.0,0.15
2026-02-08T19:00Z,19,39,10.4,90.0,0.0,0.0,5800.0,0.15
2026-02-08T20:00Z,20,39,9.4,90.0,0.0,0.0,6300.0,0.15
2026-02-08T21:00Z,21,39,8.8,91.0,0.0,0.0,6600.0,0.15
2026-02-08T22:00Z,22,39,8.6,90.0,0.0,0.0,6700.0,0.15
2026-02-08T23:00Z,23,39,8.7,89.0,0.0,0.0,6650.0,0.15
2026-02-09T00:00Z,0,40,8.9,89.0,0.0,0.0,6550.0,0.15
2026-02-09T01:00Z,1,40,8.7,88.0,0.0,0.0,6650.0,0.15
2026-02-09T02:00Z,2,40,8.6,87.0,0.0,0.0,6700.0,0.15
2026-02-09T03:00Z,3,40,8.5,86.0,0.0,0.0,6750.0,0.15
2026-02-09T04:00Z,4,40,8.2,86.0,0.0,0.0,6900.0,0.15
2026-02-09T05:00Z,5,40,8.6,82.0,0.0,0.0,6700.0,0.15
2026-02-09T06:00Z,6,40,9.6,80.0,0.0,0.0,6200.0,0.15
2026-02-09T07:00Z,7,40,10.2,80.0,16.0,28.8,5900.0,0.15
2026-02-09T08:00Z,8,40,11.4,78.0,122.0,219.6,5300.0,0.85
2026-02-09T09:00Z,9,40,12.1,79.0,188.0,338.4,4950.0,0.85
2026-02-09T10:00Z,10,40,12.9,74.0,271.0,487.8,4550.0,0.85
2026-02-09T11:00Z,11,40,14.1,68.0,426.0,766.8,3950.0,0.85
2026-02-09T12:00Z,12,40,14.7,67.0,457.0,822.6,3650.0,0.85
2026-02-09T13:00Z,13,40,15.4,62.0,489.0,880.2,3300.0,0.85
2026-02-09T14:00Z,14,40,15.8,57.0,492.0,885.6,3100.0,0.85
2026-02-09T15:00Z,15,40,14.9,64.0,321.0,577.8,3550.0,0.85
2026-02-09T16:00Z,16,40,13.9,70.0,166.0,298.8,4050.0,0.85
2026-02-09T17:00Z,17,40,12.9,74.0,30.0,54.0,4550.0,0.85
2026-02-09T18:00Z,18,40,12.6,76.0,0.0,0.0,4700.0,0.15
2026-02-09T19:00Z,19,40,12.0,78.0,0.0,0.0,5000.0,0.15
2026-02-09T20:00Z,20,40,11.4,79.0,0.0,0.0,5300.0,0.15
2026-02-09T21:00Z,21,40,11.2,80.0,0.0,0.0,5400.0,0.15
2026-02-09T22:00Z,22,40,11.1,81.0,0.0,0.0,5450.0,0.15
2026-02-09T23:00Z,23,40,11.1,83.0,0.0,0.0,5450.0,0.15
2026-02-10T00:00Z,0,41,10.1,84.0,0.0,0.0,5950.0,0.15
2026-02-10T01:00Z,1,41,9.7,84.0,0.0,0.0,6150.0,0.15
2026-02-10T02:00Z,2,41,9.9,84.0,0.0,0.0,6050.0,0.15
2026-02-10T03:00Z,3,41,10.6,82.0,0.0,0.0,5700.0,0.15
2026-02-10T04:00Z,4,41,10.4,84.0,0.0,0.0,5800.0,0.15
2026-02-10T05:00Z,5,41,10.6,82.0,0.0,0.0,5700.0,0.15
2026-02-10T06:00Z,6,41,10.9,83.0,0.0,0.0,5550.0,0.15
2026-02-10T07:00Z,7,41,11.2,81.0,14.0,25.2,5400.0,0.15
2026-02-10T08:00Z,8,41,12.4,81.0,147.0,264.6,4800.0,0.85
2026-02-10T09:00Z,9,41,14.5,76.0,316.0,568.8,3750.0,0.85
2026-02-10T10:00Z,10,41,15.5,72.0,275.0,495.0,3250.0,0.85
2026-02-10T11:00Z,11,41,16.2,73.0,476.0,856.8,2900.0,0.85
2026-02-10T12:00Z,12,41,15.4,77.0,220.0,396.0,3300.0,0.85
2026-02-10T13:00Z,13,41,16.1,77.0,253.0,455.4,2950.0,0.85
2026-02-10T14:00Z,14,41,16.9,72.0,233.0,419.4,2550.0,0.85
2026-02-10T15:00Z,15,41,16.7,72.0,172.0,309.6,2650.0,0.85
2026-02-10T16:00Z,16,41,16.4,78.0,112.0,201.6,2800.0,0.85
2026-02-10T17:00Z,17,41,15.6,82.0,25.0,45.0,3200.0,0.85
2026-02-10T18:00Z,18,41,15.1,87.0,0.0,0.0,3450.0,0.15
2026-02-10T19:00Z,19,41,15.1,89.0,0.0,0.0,3450.0,0.15
2026-02-10T20:00Z,20,41,15.1,90.0,0.0,0.0,3450.0,0.15
2026-02-10T21:00Z,21,41,14.8,91.0,0.0,0.0,3600.0,0.15
2026-02-10T22:00Z,22,41,14.9,90.0,0.0,0.0,3550.0,0.15
2026-02-10T23:00Z,23,41,14.6,90.0,0.0,0.0,3700.0,0.15
2026-02-11T00:00Z,0,42,14.8,88.0,0.0,0.0,3600.0,0.15
2026-02-11T01:00Z,1,42,15.2,84.0,0.0,0.0,3400.0,0.15
2026-02-11T02:00Z,2,42,15.1,84.0,0.0,0.0,3450.0,0.15
2026-02-11T03:00Z,3,42,15.1,85.0,0.0,0.0,3450.0,0.15
2026-02-11T04:00Z,4,42,14.6,85.0,0.0,0.0,3700.0,0.15
2026-02-11T05:00Z,5,42,14.6,84.0,0.0,0.0,3700.0,0.15
2026-02-11T06:00Z,6,42,15.1,83.0,0.0,0.0,3450.0,0.15
2026-02-11T07:00Z,7,42,15.9,80.0,12.0,21.6,3050.0,0.15
2026-02-11T08:00Z,8,42,16.4,84.0,64.0,115.2,2800.0,0.85
2026-02-11T09:00Z,9,42,17.0,85.0,131.0,235.8,2500.0,0.85
2026-02-11T10:00Z,10,42,18.9,78.0,409.0,736.2,1550.0,0.85
2026-02-11T11:00Z,11,42,18.5,79.0,477.0,858.6,1750.0,0.85
2026-02-11T12:00Z,12,42,19.1,72.0,456.0,820.8,1450.0,0.85
2026-02-11T13:00Z,13,42,19.2,70.0,524.0,943.2,1400.0,0.85
2026-02-11T14:00Z,14,42,19.4,67.0,442.0,795.6,1300.0,0.85
2026-02-11T15:00Z,15,42,19.0,70.0,315.0,567.0,1500.0,0.85
2026-02-11T16:00Z,16,42,17.9,79.0,163.0,293.4,2050.0,0.85
2026-02-11T17:00Z,17,42,17.1,81.0,33.0,59.4,2450.0,0.85
2026-02-11T18:00Z,18,42,16.9,79.0,0.0,0.0,2550.0,0.15
2026-02-11T19:00Z,19,42,16.5,76.0,0.0,0.0,2750.0,0.15
2026-02-11T20:00Z,20,42,16.0,75.0,0.0,0.0,3000.0,0.15
2026-02-11T21:00Z,21,42,14.6,82.0,0.0,0.0,3700.0,0.15
2026-02-11T22:00Z,22,42,14.9,82.0,0.0,0.0,3550.0,0.15
2026-02-11T23:00Z,23,42,16.4,82.0,0.0,0.0,2800.0,0.15
2026-02-12T00:00Z,0,43,16.3,89.0,0.0,0.0,2850.0,0.15
2026-02-12T01:00Z,1,43,15.6,91.0,0.0,0.0,3200.0,0.15
2026-02-12T02:00Z,2,43,15.9,86.0,0.0,0.0,3050.0,0.15
2026-02-12T03:00Z,3,43,15.8,83.0,0.0,0.0,3100.0,0.15
2026-02-12T04:00Z,4,43,15.2,82.0,0.0,0.0,3400.0,0.15
2026-02-12T05:00Z,5,43,14.9,80.0,0.0,0.0,3550.0,0.15
2026-02-12T06:00Z,6,43,18.2,69.0,0.0,0.0,1900.0,0.15
2026-02-12T07:00Z,7,43,18.6,67.0,24.0,43.2,1700.0,0.15
2026-02-12T08:00Z,8,43,18.5,68.0,144.0,259.2,1750.0,0.85
2026-02-12T09:00Z,9,43,18.0,70.0,229.0,412.2,2000.0,0.85
2026-02-12T10:00Z,10,43,17.9,70.0,179.0,322.2,2050.0,0.85
2026-02-12T11:00Z,11,43,17.7,70.0,557.0,1002.6,2150.0,0.85
2026-02-12T12:00Z,12,43,16.8,59.0,500.0,900.0,2600.0,0.85
2026-02-12T13:00Z,13,43,17.6,69.0,469.0,844.2,2200.0,0.85
2026-02-12T14:00Z,14,43,17.8,45.0,452.0,813.6,2100.0,0.85
2026-02-12T15:00Z,15,43,16.5,53.0,299.0,538.2,2750.0,0.85
2026-02-12T16:00Z,16,43,15.4,56.0,182.0,327.6,3300.0,0.85
2026-02-12T17:00Z,17,43,14.4,61.0,39.0,70.2,3800.0,0.85
2026-02-12T18:00Z,18,43,14.8,56.0,0.0,0.0,3600.0,0.15
2026-02-12T19:00Z,19,43,14.6,56.0,0.0,0.0,3700.0,0.15
2026-02-12T20:00Z,20,43,14.4,60.0,0.0,0.0,3800.0,0.15
2026-02-12T21:00Z,21,43,14.3,60.0,0.0,0.0,3850.0,0.15
2026-02-12T22:00Z,22,43,13.9,64.0,0.0,0.0,4050.0,0.15
2026-02-12T23:00Z,23,43,13.9,65.0,0.0,0.0,4050.0,0.15
2026-02-13T00:00Z,0,44,14.1,63.0,0.0,0.0,3950.0,0.15
2026-02-13T01:00Z,1,44,13.9,65.0,0.0,0.0,4050.0,0.15
2026-02-13T02:00Z,2,44,13.7,68.0,0.0,0.0,4150.0,0.15
2026-02-13T03:00Z,3,44,13.6,68.0,0.0,0.0,4200.0,0.15
2026-02-13T04:00Z,4,44,13.6,68.0,0.0,0.0,4200.0,0.15
2026-02-13T05:00Z,5,44,13.6,70.0,0.0,0.0,4200.0,0.15
2026-02-13T06:00Z,6,44,13.4,74.0,0.0,0.0,4300.0,0.15
2026-02-13T07:00Z,7,44,13.4,77.0,32.0,57.6,4300.0,0.15
2026-02-13T08:00Z,8,44,14.6,74.0,180.0,324.0,3700.0,0.85
2026-02-13T09:00Z,9,44,15.9,68.0,337.0,606.6,3050.0,0.85
2026-02-13T10:00Z,10,44,17.0,63.0,492.0,885.6,2500.0,0.85
2026-02-13T11:00Z,11,44,18.0,59.0,592.0,1065.6,2000.0,0.85
2026-02-13T12:00Z,12,44,18.7,58.0,626.0,1126.8,1650.0,0.85
2026-02-13T13:00Z,13,44,18.8,56.0,573.0,1031.4,1600.0,0.85
2026-02-13T14:00Z,14,44,19.1,51.0,518.0,932.4,1450.0,0.85
2026-02-13T15:00Z,15,44,19.1,50.0,389.0,700.2,1450.0,0.85
2026-02-13T16:00Z,16,44,18.5,56.0,210.0,378.0,1750.0,0.85
2026-02-13T17:00Z,17,44,16.3,60.0,47.0,84.6,2850.0,0.85
2026-02-13T18:00Z,18,44,15.4,62.0,0.0,0.0,3300.0,0.15
2026-02-13T19:00Z,19,44,14.9,68.0,0.0,0.0,3550.0,0.15
2026-02-13T20:00Z,20,44,14.2,71.0,0.0,0.0,3900.0,0.15
2026-02-13T21:00Z,21,44,13.3,86.0,0.0,0.0,4350.0,0.15
2026-02-13T22:00Z,22,44,12.8,80.0,0.0,0.0,4600.0,0.15
2026-02-13T23:00Z,23,44,11.3,84.0,0.0,0.0,5350.0,0.15
2026-02-14T00:00Z,0,45,11.5,91.0,0.0,0.0,5250.0,0.15
2026-02-14T01:00Z,1,45,11.7,91.0,0.0,0.0,5150.0,0.15
2026-02-14T02:00Z,2,45,10.8,91.0,0.0,0.0,5600.0,0.15
2026-02-14T03:00Z,3,45,10.9,92.0,0.0,0.0,5550.0,0.15
2026-02-14T04:00Z,4,45,10.9,92.0,0.0,0.0,5550.0,0.15
2026-02-14T05:00Z,5,45,10.8,93.0,0.0,0.0,5600.0,0.15
2026-02-14T06:00Z,6,45,11.3,92.0,0.0,0.0,5350.0,0.15
2026-02-14T07:00Z,7,45,11.7,90.0,23.0,41.4,5150.0,0.15
2026-02-14T08:00Z,8,45,12.2,90.0,55.0,99.0,4900.0,0.15
2026-02-14T09:00Z,9,45,13.8,88.0,209.0,376.2,4100.0,0.15
2026-02-14T10:00Z,10,45,15.8,74.0,437.0,786.6,3100.0,0.15
2026-02-14T11:00Z,11,45,14.1,68.0,628.0,1130.4,3950.0,0.15
2026-02-14T12:00Z,12,45,13.8,67.0,247.0,444.6,4100.0,0.15
2026-02-14T13:00Z,13,45,15.9,51.0,539.0,970.2,3050.0,0.15
2026-02-14T14:00Z,14,45,15.6,49.0,495.0,891.0,3200.0,0.15
2026-02-14T15:00Z,15,45,14.3,62.0,314.0,565.2,3850.0,0.15
2026-02-14T16:00Z,16,45,14.1,62.0,180.0,324.0,3950.0,0.15
2026-02-14T17:00Z,17,45,12.9,67.0,43.0,77.4,4550.0,0.15
2026-02-14T18:00Z,18,45,12.4,71.0,0.0,0.0,4800.0,0.15
2026-02-14T19:00Z,19,45,11.7,76.0,0.0,0.0,5150.0,0.15
2026-02-14T20:00Z,20,45,11.4,78.0,0.0,0.0,5300.0,0.15
2026-02-14T21:00Z,21,45,11.3,83.0,0.0,0.0,5350.0,0.15
2026-02-14T22:00Z,22,45,11.1,84.0,0.0,0.0,5450.0,0.15
2026-02-14T23:00Z,23,45,11.1,86.0,0.0,0.0,5450.0,0.15
2026-02-15T00:00Z,0,46,11.2,86.0,0.0,0.0,5400.0,0.15
2026-02-15T01:00Z,1,46,11.4,86.0,0.0,0.0,5300.0,0.15
2026-02-15T02:00Z,2,46,11.2,85.0,0.0,0.0,5400.0,0.15
2026-02-15T03:00Z,3,46,11.4,82.0,0.0,0.0,5300.0,0.15
2026-02-15T04:00Z,4,46,11.2,83.0,0.0,0.0,5400.0,0.15
2026-02-15T05:00Z,5,46,11.4,82.0,0.0,0.0,5300.0,0.15
2026-02-15T06:00Z,6,46,11.4,79.0,0.0,0.0,5300.0,0.15
2026-02-15T07:00Z,7,46,11.7,79.0,29.0,52.2,5150.0,0.15
2026-02-15T08:00Z,8,46,12.2,80.0,149.0,268.2,4900.0,0.15
2026-02-15T09:00Z,9,46,12.9,77.0,252.0,453.6,4550.0,0.15
2026-02-15T10:00Z,10,46,13.9,69.0,353.0,635.4,4050.0,0.15
2026-02-15T11:00Z,11,46,14.0,67.0,409.0,736.2,4000.0,0.15
2026-02-15T12:00Z,12,46,13.7,66.0,473.0,851.4,4150.0,0.15
2026-02-15T13:00Z,13,46,13.6,66.0,494.0,889.2,4200.0,0.15
2026-02-15T14:00Z,14,46,13.6,64.0,488.0,878.4,4200.0,0.15
2026-02-15T15:00Z,15,46,12.9,60.0,311.0,559.8,4550.0,0.15
2026-02-15T16:00Z,16,46,12.4,63.0,166.0,298.8,4800.0,0.15
2026-02-15T17:00Z,17,46,11.8,63.0,41.0,73.8,5100.0,0.15
2026-02-15T18:00Z,18,46,12.1,62.0,0.0,0.0,4950.0,0.15
2026-02-15T19:00Z,19,46,12.1,61.0,0.0,0.0,4950.0,0.15
2026-02-15T20:00Z,20,46,12.2,61.0,0.0,0.0,4900.0,0.15
2026-02-15T21:00Z,21,46,11.9,70.0,0.0,0.0,5050.0,0.15
2026-02-15T22:00Z,22,46,12.2,68.0,0.0,0.0,4900.0,0.15
2026-02-15T23:00Z,23,46,12.6,67.0,0.0,0.0,4700.0,0.15
2026-02-16T00:00Z,0,47,12.4,76.0,0.0,0.0,4800.0,0.15
2026-02-16T01:00Z,1,47,12.1,77.0,0.0,0.0,4950.0,0.15
2026-02-16T02:00Z,2,47,12.1,75.0,0.0,0.0,4950.0,0.15
2026-02-16T03:00Z,3,47,12.3,74.0,0.0,0.0,4850.0,0.15
2026-02-16T04:00Z,4,47,12.5,73.0,0.0,0.0,4750.0,0.15
2026-02-16T05:00Z,5,47,12.2,73.0,0.0,0.0,4900.0,0.15
2026-02-16T06:00Z,6,47,11.9,74.0,0.0,0.0,5050.0,0.15
2026-02-16T07:00Z,7,47,12.0,74.0,35.0,63.0,5000.0,0.15
2026-02-16T08:00Z,8,47,13.0,72.0,167.0,300.6,4500.0,0.85
2026-02-16T09:00Z,9,47,14.2,67.0,332.0,597.6,3900.0,0.85
2026-02-16T10:00Z,10,47,15.9,64.0,448.0,806.4,3050.0,0.85
2026-02-16T11:00Z,11,47,16.8,60.0,514.0,925.2,2600.0,0.85
2026-02-16T12:00Z,12,47,16.5,64.0,531.0,955.8,2750.0,0.85
2026-02-16T13:00Z,13,47,16.3,65.0,433.0,779.4,2850.0,0.85
2026-02-16T14:00Z,14,47,16.7,62.0,403.0,725.4,2650.0,0.85
2026-02-16T15:00Z,15,47,16.5,64.0,297.0,534.6,2750.0,0.85
2026-02-16T16:00Z,16,47,15.8,68.0,182.0,327.6,3100.0,0.85
2026-02-16T17:00Z,17,47,14.6,73.0,45.0,81.0,3700.0,0.85
2026-02-16T18:00Z,18,47,14.2,74.0,0.0,0.0,3900.0,0.15
2026-02-16T19:00Z,19,47,14.1,75.0,0.0,0.0,3950.0,0.15
2026-02-16T20:00Z,20,47,14.1,74.0,0.0,0.0,3950.0,0.15
2026-02-16T21:00Z,21,47,14.1,72.0,0.0,0.0,3950.0,0.15
2026-02-16T22:00Z,22,47,14.0,73.0,0.0,0.0,4000.0,0.15
2026-02-16T23:00Z,23,47,14.0,75.0,0.0,0.0,4000.0,0.15
2026-02-17T00:00Z,0,48,14.0,70.0,0.0,0.0,4000.0,0.15
2026-02-17T01:00Z,1,48,14.9,67.0,0.0,0.0,3550.0,0.15
2026-02-17T02:00Z,2,48,15.4,69.0,0.0,0.0,3300.0,0.15
2026-02-17T03:00Z,3,48,14.9,77.0,0.0,0.0,3550.0,0.15
2026-02-17T04:00Z,4,48,14.6,82.0,0.0,0.0,3700.0,0.15
2026-02-17T05:00Z,5,48,13.8,87.0,0.0,0.0,4100.0,0.15
2026-02-17T06:00Z,6,48,13.4,76.0,0.0,0.0,4300.0,0.15
2026-02-17T07:00Z,7,48,13.9,68.0,20.0,36.0,4050.0,0.15
2026-02-17T08:00Z,8,48,14.9,62.0,118.0,212.4,3550.0,0.85
2026-02-17T09:00Z,9,48,15.9,56.0,322.0,579.6,3050.0,0.85
2026-02-17T10:00Z,10,48,16.5,46.0,486.0,874.8,2750.0,0.85
2026-02-17T11:00Z,11,48,16.5,49.0,611.0,1099.8,2750.0,0.85
2026-02-17T12:00Z,12,48,16.5,50.0,672.0,1209.6,2750.0,0.85
2026-02-17T13:00Z,13,48,16.4,52.0,624.0,1123.2,2800.0,0.85
2026-02-17T14:00Z,14,48,15.6,57.0,433.0,779.4,3200.0,0.85
2026-02-17T15:00Z,15,48,15.4,57.0,373.0,671.4,3300.0,0.85
2026-02-17T16:00Z,16,48,14.5,61.0,218.0,392.4,3750.0,0.85
2026-02-17T17:00Z,17,48,13.4,64.0,54.0,97.2,4300.0,0.85
2026-02-17T18:00Z,18,48,13.1,67.0,0.0,0.0,4450.0,0.15
2026-02-17T19:00Z,19,48,12.8,68.0,0.0,0.0,4600.0,0.15
2026-02-17T20:00Z,20,48,12.6,65.0,0.0,0.0,4700.0,0.15
2026-02-17T21:00Z,21,48,12.6,62.0,0.0,0.0,4700.0,0.15
2026-02-17T22:00Z,22,48,12.4,67.0,0.0,0.0,4800.0,0.15
2026-02-17T23:00Z,23,48,12.1,71.0,0.0,0.0,4950.0,0.15
2026-02-18T00:00Z,0,49,11.8,74.0,0.0,0.0,5100.0,0.15
2026-02-18T01:00Z,1,49,11.4,75.0,0.0,0.0,5300.0,0.15
2026-02-18T02:00Z,2,49,10.9,78.0,0.0,0.0,5550.0,0.15
2026-02-18T03:00Z,3,49,9.9,84.0,0.0,0.0,6050.0,0.15
2026-02-18T04:00Z,4,49,9.2,88.0,0.0,0.0,6400.0,0.15
2026-02-18T05:00Z,5,49,9.2,89.0,0.0,0.0,6400.0,0.15
2026-02-18T06:00Z,6,49,9.5,90.0,0.0,0.0,6250.0,0.15
2026-02-18T07:00Z,7,49,10.1,89.0,41.0,73.8,5950.0,0.15
2026-02-18T08:00Z,8,49,11.9,85.0,204.0,367.2,5050.0,0.85
2026-02-18T09:00Z,9,49,14.2,79.0,384.0,691.2,3900.0,0.85
2026-02-18T10:00Z,10,49,15.9,73.0,533.0,959.4,3050.0,0.85
2026-02-18T11:00Z,11,49,17.2,66.0,557.0,1002.6,2400.0,0.85
2026-02-18T12:00Z,12,49,18.4,60.0,527.0,948.6,1800.0,0.85
2026-02-18T13:00Z,13,49,19.0,58.0,508.0,914.4,1500.0,0.85
2026-02-18T14:00Z,14,49,19.5,56.0,475.0,855.0,1250.0,0.85
2026-02-18T15:00Z,15,49,19.6,55.0,392.0,705.6,1200.0,0.85
2026-02-18T16:00Z,16,49,18.8,63.0,225.0,405.0,1600.0,0.85
2026-02-18T17:00Z,17,49,16.5,74.0,57.0,102.6,2750.0,0.85
2026-02-18T18:00Z,18,49,14.9,77.0,0.0,0.0,3550.0,0.15
2026-02-18T19:00Z,19,49,14.4,75.0,0.0,0.0,3800.0,0.15
2026-02-18T20:00Z,20,49,13.6,79.0,0.0,0.0,4200.0,0.15
2026-02-18T21:00Z,21,49,13.6,79.0,0.0,0.0,4200.0,0.15
2026-02-18T22:00Z,22,49,12.9,80.0,0.0,0.0,4550.0,0.15
2026-02-18T23:00Z,23,49,12.1,82.0,0.0,0.0,4950.0,0.15
2026-02-19T00:00Z,0,50,11.8,83.0,0.0,0.0,5100.0,0.15
2026-02-19T01:00Z,1,50,11.8,79.0,0.0,0.0,5100.0,0.15
2026-02-19T02:00Z,2,50,11.8,79.0,0.0,0.0,5100.0,0.15
2026-02-19T03:00Z,3,50,11.6,79.0,0.0,0.0,5200.0,0.15
2026-02-19T04:00Z,4,50,11.4,79.0,0.0,0.0,5300.0,0.15
2026-02-19T05:00Z,5,50,11.3,76.0,0.0,0.0,5350.0,0.15
2026-02-19T06:00Z,6,50,11.4,74.0,0.0,0.0,5300.0,0.15
2026-02-19T07:00Z,7,50,11.8,72.0,46.0,82.8,5100.0,0.15
2026-02-19T08:00Z,8,50,13.7,70.0,218.0,392.4,4150.0,0.85
2026-02-19T09:00Z,9,50,15.9,68.0,401.0,721.8,3050.0,0.85
2026-02-19T10:00Z,10,50,18.4,63.0,547.0,984.6,1800.0,0.85
2026-02-19T11:00Z,11,50,19.6,58.0,640.0,1152.0,1200.0,0.85
2026-02-19T12:00Z,12,50,19.6,56.0,671.0,1207.8,1200.0,0.85
2026-02-19T13:00Z,13,50,19.0,56.0,639.0,1150.2,1500.0,0.85
2026-02-19T14:00Z,14,50,18.1,59.0,541.0,973.8,1950.0,0.85
2026-02-19T15:00Z,15,50,16.6,63.0,386.0,694.8,2700.0,0.85
2026-02-19T16:00Z,16,50,14.7,72.0,113.0,203.4,3650.0,0.85
2026-02-19T17:00Z,17,50,12.9,76.0,46.0,82.8,4550.0,0.85
2026-02-19T18:00Z,18,50,12.9,70.0,0.0,0.0,4550.0,0.15
2026-02-19T19:00Z,19,50,12.4,72.0,0.0,0.0,4800.0,0.15
2026-02-19T20:00Z,20,50,12.0,68.0,0.0,0.0,5000.0,0.15
2026-02-19T21:00Z,21,50,11.8,65.0,0.0,0.0,5100.0,0.15
2026-02-19T22:00Z,22,50,11.7,62.0,0.0,0.0,5150.0,0.15
2026-02-19T23:00Z,23,50,11.7,64.0,0.0,0.0,5150.0,0.15
2026-02-20T00:00Z,0,51,11.9,67.0,0.0,0.0,5050.0,0.15
2026-02-20T01:00Z,1,51,11.4,68.0,0.0,0.0,5300.0,0.15
2026-02-20T02:00Z,2,51,11.2,69.0,0.0,0.0,5400.0,0.15
2026-02-20T03:00Z,3,51,11.1,71.0,0.0,0.0,5450.0,0.15
2026-02-20T04:00Z,4,51,11.1,70.0,0.0,0.0,5450.0,0.15
2026-02-20T05:00Z,5,51,10.9,70.0,0.0,0.0,5550.0,0.15
2026-02-20T06:00Z,6,51,10.9,68.0,0.0,0.0,5550.0,0.15
2026-02-20T07:00Z,7,51,11.5,66.0,44.0,79.2,5250.0,0.15
2026-02-20T08:00Z,8,51,12.8,64.0,202.0,363.6,4600.0,0.85
2026-02-20T09:00Z,9,51,14.1,62.0,387.0,696.6,3950.0,0.85
2026-02-20T10:00Z,10,51,14.9,62.0,490.0,882.0,3550.0,0.85
2026-02-20T11:00Z,11,51,14.6,62.0,554.0,997.2,3700.0,0.85
2026-02-20T12:00Z,12,51,15.3,62.0,597.0,1074.6,3350.0,0.85
2026-02-20T13:00Z,13,51,15.1,60.0,590.0,1062.0,3450.0,0.85
2026-02-20T14:00Z,14,51,14.8,57.0,463.0,833.4,3600.0,0.85
2026-02-20T15:00Z,15,51,14.4,58.0,347.0,624.6,3800.0,0.85
2026-02-20T16:00Z,16,51,14.4,59.0,214.0,385.2,3800.0,0.85
2026-02-20T17:00Z,17,51,13.4,62.0,56.0,100.8,4300.0,0.85
2026-02-20T18:00Z,18,51,13.1,61.0,0.0,0.0,4450.0,0.15
2026-02-20T19:00Z,19,51,12.9,64.0,0.0,0.0,4550.0,0.15
2026-02-20T20:00Z,20,51,12.7,66.0,0.0,0.0,4650.0,0.15
2026-02-20T21:00Z,21,51,12.4,66.0,0.0,0.0,4800.0,0.15
2026-02-20T22:00Z,22,51,12.2,69.0,0.0,0.0,4900.0,0.15
2026-02-20T23:00Z,23,51,12.1,71.0,0.0,0.0,4950.0,0.15
2026-02-21T00:00Z,0,52,12.4,69.0,0.0,0.0,4800.0,0.15
2026-02-21T01:00Z,1,52,12.8,67.0,0.0,0.0,4600.0,0.15
2026-02-21T02:00Z,2,52,12.6,67.0,0.0,0.0,4700.0,0.15
2026-02-21T03:00Z,3,52,12.4,64.0,0.0,0.0,4800.0,0.15
2026-02-21T04:00Z,4,52,12.4,66.0,0.0,0.0,4800.0,0.15
2026-02-21T05:00Z,5,52,12.1,70.0,0.0,0.0,4950.0,0.15
2026-02-21T06:00Z,6,52,12.1,74.0,0.0,0.0,4950.0,0.15
2026-02-21T07:00Z,7,52,12.2,74.0,47.0,84.6,4900.0,0.15
2026-02-21T08:00Z,8,52,13.4,72.0,206.0,370.8,4300.0,0.15
2026-02-21T09:00Z,9,52,14.7,64.0,393.0,707.4,3650.0,0.15
2026-02-21T10:00Z,10,52,15.4,61.0,532.0,957.6,3300.0,0.15
2026-02-21T11:00Z,11,52,16.0,56.0,631.0,1135.8,3000.0,0.15
2026-02-21T12:00Z,12,52,16.2,55.0,556.0,1000.8,2900.0,0.15
2026-02-21T13:00Z,13,52,16.2,57.0,505.0,909.0,2900.0,0.15
2026-02-21T14:00Z,14,52,16.0,57.0,366.0,658.8,3000.0,0.15
2026-02-21T15:00Z,15,52,15.4,64.0,355.0,639.0,3300.0,0.15
2026-02-21T16:00Z,16,52,14.8,67.0,225.0,405.0,3600.0,0.15
2026-02-21T17:00Z,17,52,13.4,74.0,63.0,113.4,4300.0,0.15
2026-02-21T18:00Z,18,52,13.1,76.0,0.0,0.0,4450.0,0.15
2026-02-21T19:00Z,19,52,12.8,78.0,0.0,0.0,4600.0,0.15
2026-02-21T20:00Z,20,52,12.6,81.0,0.0,0.0,4700.0,0.15
2026-02-21T21:00Z,21,52,12.4,83.0,0.0,0.0,4800.0,0.15
2026-02-21T22:00Z,22,52,12.1,84.0,0.0,0.0,4950.0,0.15
2026-02-21T23:00Z,23,52,12.1,84.0,0.0,0.0,4950.0,0.15
2026-02-22T00:00Z,0,53,12.6,78.0,0.0,0.0,4700.0,0.15
2026-02-22T01:00Z,1,53,12.1,82.0,0.0,0.0,4950.0,0.15
2026-02-22T02:00Z,2,53,11.7,84.0,0.0,0.0,5150.0,0.15
2026-02-22T03:00Z,3,53,11.4,86.0,0.0,0.0,5300.0,0.15
2026-02-22T04:00Z,4,53,11.4,88.0,0.0,0.0,5300.0,0.15
2026-02-22T05:00Z,5,53,11.4,89.0,0.0,0.0,5300.0,0.15
2026-02-22T06:00Z,6,53,11.4,90.0,0.0,0.0,5300.0,0.15
2026-02-22T07:00Z,7,53,11.8,90.0,44.0,79.2,5100.0,0.15
2026-02-22T08:00Z,8,53,13.4,84.0,215.0,387.0,4300.0,0.15
2026-02-22T09:00Z,9,53,15.2,71.0,386.0,694.8,3400.0,0.15
2026-02-22T10:00Z,10,53,16.1,66.0,376.0,676.8,2950.0,0.15
2026-02-22T11:00Z,11,53,17.1,59.0,513.0,923.4,2450.0,0.15
2026-02-22T12:00Z,12,53,18.2,55.0,592.0,1065.6,1900.0,0.15
2026-02-22T13:00Z,13,53,18.6,54.0,633.0,1139.4,1700.0,0.15
2026-02-22T14:00Z,14,53,18.3,54.0,534.0,961.2,1850.0,0.15
2026-02-22T15:00Z,15,53,18.0,55.0,388.0,698.4,2000.0,0.15
2026-02-22T16:00Z,16,53,16.5,65.0,204.0,367.2,2750.0,0.15
2026-02-22T17:00Z,17,53,14.9,73.0,65.0,117.0,3550.0,0.15
2026-02-22T18:00Z,18,53,13.6,80.0,0.0,0.0,4200.0,0.15
2026-02-22T19:00Z,19,53,12.8,82.0,0.0,0.0,4600.0,0.15
2026-02-22T20:00Z,20,53,12.1,82.0,0.0,0.0,4950.0,0.15
2026-02-22T21:00Z,21,53,11.4,81.0,0.0,0.0,5300.0,0.15
2026-02-22T22:00Z,22,53,10.6,83.0,0.0,0.0,5700.0,0.15
2026-02-22T23:00Z,23,53,9.6,87.0,0.0,0.0,6200.0,0.15
2026-02-23T00:00Z,0,54,8.8,89.0,0.0,0.0,6600.0,0.15
2026-02-23T01:00Z,1,54,7.4,91.0,0.0,0.0,7300.0,0.15
2026-02-23T02:00Z,2,54,7.3,91.0,0.0,0.0,7350.0,0.15
2026-02-23T03:00Z,3,54,7.8,88.0,0.0,0.0,7100.0,0.15
2026-02-23T04:00Z,4,54,7.8,87.0,0.0,0.0,7100.0,0.15
2026-02-23T05:00Z,5,54,7.6,86.0,0.0,0.0,7200.0,0.15
2026-02-23T06:00Z,6,54,7.6,87.0,0.0,0.0,7200.0,0.15
2026-02-23T07:00Z,7,54,8.1,85.0,56.0,100.8,6950.0,0.15
2026-02-23T08:00Z,8,54,10.3,80.0,233.0,419.4,5850.0,0.85
2026-02-23T09:00Z,9,54,13.2,73.0,419.0,754.2,4400.0,0.85
2026-02-23T10:00Z,10,54,15.9,65.0,572.0,1029.6,3050.0,0.85
2026-02-23T11:00Z,11,54,18.0,57.0,671.0,1207.8,2000.0,0.85
2026-02-23T12:00Z,12,54,19.6,46.0,708.0,1274.4,1200.0,0.85
2026-02-23T13:00Z,13,54,20.4,45.0,676.0,1216.8,800.0,0.85
2026-02-23T14:00Z,14,54,20.6,49.0,573.0,1031.4,700.0,0.85
2026-02-23T15:00Z,15,54,20.6,50.0,431.0,775.8,700.0,0.85
2026-02-23T16:00Z,16,54,19.9,56.0,248.0,446.4,1050.0,0.85
2026-02-23T17:00Z,17,54,17.2,68.0,70.0,126.0,2400.0,0.85
2026-02-23T18:00Z,18,54,15.7,73.0,0.0,0.0,3150.0,0.15
2026-02-23T19:00Z,19,54,14.5,72.0,0.0,0.0,3750.0,0.15
2026-02-23T20:00Z,20,54,13.2,72.0,0.0,0.0,4400.0,0.15
2026-02-23T21:00Z,21,54,12.3,70.0,0.0,0.0,4850.0,0.15
2026-02-23T22:00Z,22,54,11.8,65.0,0.0,0.0,5100.0,0.15
2026-02-23T23:00Z,23,54,11.2,63.0,0.0,0.0,5400.0,0.15
2026-02-24T00:00Z,0,55,10.1,73.0,0.0,0.0,5950.0,0.15
2026-02-24T01:00Z,1,55,8.9,81.0,0.0,0.0,6550.0,0.15
2026-02-24T02:00Z,2,55,8.1,86.0,0.0,0.0,6950.0,0.15
2026-02-24T03:00Z,3,55,7.4,85.0,0.0,0.0,7300.0,0.15
2026-02-24T04:00Z,4,55,7.0,85.0,0.0,0.0,7500.0,0.15
2026-02-24T05:00Z,5,55,6.8,86.0,0.0,0.0,7600.0,0.15
2026-02-24T06:00Z,6,55,6.8,85.0,0.0,0.0,7600.0,0.15
2026-02-24T07:00Z,7,55,7.3,84.0,60.0,108.0,7350.0,0.15
2026-02-24T08:00Z,8,55,9.8,81.0,240.0,432.0,6100.0,0.85
2026-02-24T09:00Z,9,55,13.2,74.0,429.0,772.2,4400.0,0.85
2026-02-24T10:00Z,10,55,16.5,61.0,581.0,1045.8,2750.0,0.85
2026-02-24T11:00Z,11,55,18.7,50.0,680.0,1224.0,1650.0,0.85
2026-02-24T12:00Z,12,55,20.0,47.0,716.0,1288.8,1000.0,0.85
2026-02-24T13:00Z,13,55,20.8,47.0,683.0,1229.4,600.0,0.85
2026-02-24T14:00Z,14,55,21.2,44.0,586.0,1054.8,400.0,0.85
2026-02-24T15:00Z,15,55,21.0,41.0,436.0,784.8,500.0,0.85
2026-02-24T16:00Z,16,55,19.9,48.0,253.0,455.4,1050.0,0.85
2026-02-24T17:00Z,17,55,16.9,65.0,73.0,131.4,2550.0,0.85
2026-02-24T18:00Z,18,55,15.7,67.0,0.0,0.0,3150.0,0.15
2026-02-24T19:00Z,19,55,14.4,71.0,0.0,0.0,3800.0,0.15
2026-02-24T20:00Z,20,55,13.3,75.0,0.0,0.0,4350.0,0.15
2026-02-24T21:00Z,21,55,12.1,81.0,0.0,0.0,4950.0,0.15
2026-02-24T22:00Z,22,55,11.2,85.0,0.0,0.0,5400.0,0.15
2026-02-24T23:00Z,23,55,10.2,88.0,0.0,0.0,5900.0,0.15
2026-02-25T00:00Z,0,56,9.9,87.0,0.0,0.0,6050.0,0.15
2026-02-25T01:00Z,1,56,8.4,91.0,0.0,0.0,6800.0,0.15
2026-02-25T02:00Z,2,56,7.7,94.0,0.0,0.0,7150.0,0.15
2026-02-25T03:00Z,3,56,7.2,95.0,0.0,0.0,7400.0,0.15
2026-02-25T04:00Z,4,56,6.9,94.0,0.0,0.0,7550.0,0.15
2026-02-25T05:00Z,5,56,6.7,94.0,0.0,0.0,7650.0,0.15
2026-02-25T06:00Z,6,56,6.3,95.0,0.0,0.0,7850.0,0.15
2026-02-25T07:00Z,7,56,7.1,91.0,63.0,113.4,7450.0,0.15
2026-02-25T08:00Z,8,56,9.7,85.0,243.0,437.4,6150.0,0.85
2026-02-25T09:00Z,9,56,13.5,74.0,430.0,774.0,4250.0,0.85
2026-02-25T10:00Z,10,56,17.0,61.0,582.0,1047.6,2500.0,0.85
2026-02-25T11:00Z,11,56,19.2,54.0,681.0,1225.8,1400.0,0.85
2026-02-25T12:00Z,12,56,20.7,42.0,718.0,1292.4,650.0,0.85
2026-02-25T13:00Z,13,56,21.7,37.0,689.0,1240.2,150.0,0.85
2026-02-25T14:00Z,14,56,21.5,37.0,596.0,1072.8,250.0,0.85
2026-02-25T15:00Z,15,56,20.5,39.0,448.0,806.4,750.0,0.85
2026-02-25T16:00Z,16,56,18.5,43.0,262.0,471.6,1750.0,0.85
2026-02-25T17:00Z,17,56,16.6,56.0,76.0,136.8,2700.0,0.85
2026-02-25T18:00Z,18,56,15.5,70.0,0.0,0.0,3250.0,0.15
2026-02-25T19:00Z,19,56,13.9,76.0,0.0,0.0,4050.0,0.15
2026-02-25T20:00Z,20,56,12.9,77.0,0.0,0.0,4550.0,0.15
2026-02-25T21:00Z,21,56,12.4,78.0,0.0,0.0,4800.0,0.15
2026-02-25T22:00Z,22,56,11.7,79.0,0.0,0.0,5150.0,0.15
2026-02-25T23:00Z,23,56,11.1,81.0,0.0,0.0,5450.0,0.15
2026-02-26T00:00Z,0,57,10.8,84.0,0.0,0.0,5600.0,0.15
2026-02-26T01:00Z,1,57,9.9,86.0,0.0,0.0,6050.0,0.15
2026-02-26T02:00Z,2,57,9.4,89.0,0.0,0.0,6300.0,0.15
2026-02-26T03:00Z,3,57,9.0,92.0,0.0,0.0,6500.0,0.15
2026-02-26T04:00Z,4,57,8.6,95.0,0.0,0.0,6700.0,0.15
2026-02-26T05:00Z,5,57,7.9,97.0,0.0,0.0,7050.0,0.15
2026-02-26T06:00Z,6,57,7.7,99.0,0.0,0.0,7150.0,0.15
2026-02-26T07:00Z,7,57,9.1,93.0,65.0,117.0,6450.0,0.15
2026-02-26T08:00Z,8,57,11.8,81.0,244.0,439.2,5100.0,0.85
2026-02-26T09:00Z,9,57,15.1,68.0,429.0,772.2,3450.0,0.85
2026-02-26T10:00Z,10,57,18.1,62.0,580.0,1044.0,1950.0,0.85
2026-02-26T11:00Z,11,57,20.2,59.0,677.0,1218.6,900.0,0.85
2026-02-26T12:00Z,12,57,21.3,54.0,710.0,1278.0,350.0,0.85
2026-02-26T13:00Z,13,57,22.5,50.0,680.0,1224.0,250.0,0.85
2026-02-26T14:00Z,14,57,22.9,47.0,587.0,1056.6,450.0,0.85
2026-02-26T15:00Z,15,57,22.6,47.0,440.0,792.0,300.0,0.85
2026-02-26T16:00Z,16,57,21.5,53.0,258.0,464.4,250.0,0.85
2026-02-26T17:00Z,17,57,18.4,70.0,77.0,138.6,1800.0,0.85
2026-02-26T18:00Z,18,57,16.5,76.0,1.0,1.8,2750.0,0.15
2026-02-26T19:00Z,19,57,14.5,84.0,0.0,0.0,3750.0,0.15
2026-02-26T20:00Z,20,57,13.1,90.0,0.0,0.0,4450.0,0.15
2026-02-26T21:00Z,21,57,12.5,92.0,0.0,0.0,4750.0,0.15
2026-02-26T22:00Z,22,57,12.0,93.0,0.0,0.0,5000.0,0.15
2026-02-26T23:00Z,23,57,11.6,95.0,0.0,0.0,5200.0,0.15
2026-02-27T00:00Z,0,58,10.9,98.0,0.0,0.0,5550.0,0.15
2026-02-27T01:00Z,1,58,10.1,99.0,0.0,0.0,5950.0,0.15
2026-02-27T02:00Z,2,58,9.8,100.0,0.0,0.0,6100.0,0.15
2026-02-27T03:00Z,3,58,9.1,100.0,0.0,0.0,6450.0,0.15
2026-02-27T04:00Z,4,58,8.9,100.0,0.0,0.0,6550.0,0.15
2026-02-27T05:00Z,5,58,8.6,100.0,0.0,0.0,6700.0,0.15
2026-02-27T06:00Z,6,58,8.6,100.0,0.0,0.0,6700.0,0.15
2026-02-27T07:00Z,7,58,9.2,98.0,61.0,109.8,6400.0,0.15
2026-02-27T08:00Z,8,58,11.5,88.0,215.0,387.0,5250.0,0.85
2026-02-27T09:00Z,9,58,14.4,76.0,400.0,720.0,3800.0,0.85
2026-02-27T10:00Z,10,58,17.1,68.0,557.0,1002.6,2450.0,0.85
2026-02-27T11:00Z,11,58,19.2,64.0,669.0,1204.2,1400.0,0.85
2026-02-27T12:00Z,12,58,20.2,61.0,708.0,1274.4,900.0,0.85
2026-02-27T13:00Z,13,58,21.6,56.0,679.0,1222.2,200.0,0.85
2026-02-27T14:00Z,14,58,21.9,53.0,588.0,1058.4,50.0,0.85
2026-02-27T15:00Z,15,58,21.0,55.0,442.0,795.6,500.0,0.85
2026-02-27T16:00Z,16,58,18.9,65.0,258.0,464.4,1550.0,0.85
2026-02-27T17:00Z,17,58,16.0,81.0,78.0,140.4,3000.0,0.85
2026-02-27T18:00Z,18,58,15.6,85.0,1.0,1.8,3200.0,0.15
2026-02-27T19:00Z,19,58,15.1,88.0,0.0,0.0,3450.0,0.15
2026-02-27T20:00Z,20,58,14.1,91.0,0.0,0.0,3950.0,0.15
2026-02-27T21:00Z,21,58,12.9,93.0,0.0,0.0,4550.0,0.15
2026-02-27T22:00Z,22,58,12.6,93.0,0.0,0.0,4700.0,0.15
2026-02-27T23:00Z,23,58,12.1,94.0,0.0,0.0,4950.0,0.15
2026-02-28T00:00Z,0,59,11.9,96.0,0.0,0.0,5050.0,0.15
2026-02-28T01:00Z,1,59,11.5,95.0,0.0,0.0,5250.0,0.15
2026-02-28T02:00Z,2,59,11.0,97.0,0.0,0.0,5500.0,0.15
2026-02-28T03:00Z,3,59,10.5,97.0,0.0,0.0,5750.0,0.15
2026-02-28T04:00Z,4,59,10.2,96.0,0.0,0.0,5900.0,0.15
2026-02-28T05:00Z,5,59,9.6,96.0,0.0,0.0,6200.0,0.15
2026-02-28T06:00Z,6,59,9.3,100.0,0.0,0.0,6350.0,0.15
2026-02-28T07:00Z,7,59,9.7,97.0,68.0,122.4,6150.0,0.15
2026-02-28T08:00Z,8,59,11.5,89.0,237.0,426.6,5250.0,0.15
2026-02-28T09:00Z,9,59,14.4,77.0,408.0,734.4,3800.0,0.15
2026-02-28T10:00Z,10,59,17.4,63.0,512.0,921.6,2300.0,0.15
2026-02-28T11:00Z,11,59,19.4,58.0,504.0,907.2,1300.0,0.15
2026-02-28T12:00Z,12,59,20.8,54.0,617.0,1110.6,600.0,0.15
2026-02-28T13:00Z,13,59,22.4,43.0,620.0,1116.0,200.0,0.15
2026-02-28T14:00Z,14,59,22.4,41.0,498.0,896.4,200.0,0.15
2026-02-28T15:00Z,15,59,21.6,45.0,284.0,511.2,200.0,0.15
2026-02-28T16:00Z,16,59,20.7,53.0,217.0,390.6,650.0,0.15
2026-02-28T17:00Z,17,59,18.1,68.0,80.0,144.0,1950.0,0.15
2026-02-28T18:00Z,18,59,16.5,77.0,1.0,1.8,2750.0,0.15
2026-02-28T19:00Z,19,59,14.9,84.0,0.0,0.0,3550.0,0.15
2026-02-28T20:00Z,20,59,13.9,88.0,0.0,0.0,4050.0,0.15
2026-02-28T21:00Z,21,59,13.8,87.0,0.0,0.0,4100.0,0.15
2026-02-28T22:00Z,22,59,13.4,87.0,0.0,0.0,4300.0,0.15
2026-02-28T23:00Z,23,59,13.1,87.0,0.0,0.0,4450.0,0.15
2026-03-01T00:00Z,0,60,13.1,87.0,0.0,0.0,4450.0,0.15
2026-03-01T01:00Z,1,60,12.1,89.0,0.0,0.0,4950.0,0.15
2026-03-01T02:00Z,2,60,11.4,92.0,0.0,0.0,5300.0,0.15
2026-03-01T03:00Z,3,60,10.8,94.0,0.0,0.0,5600.0,0.15
2026-03-01T04:00Z,4,60,10.1,95.0,0.0,0.0,5950.0,0.15
2026-03-01T05:00Z,5,60,9.4,95.0,0.0,0.0,6300.0,0.15
2026-03-01T06:00Z,6,60,8.9,97.0,0.0,0.0,6550.0,0.15
2026-03-01T07:00Z,7,60,10.0,91.0,74.0,133.2,6000.0,0.15
2026-03-01T08:00Z,8,60,12.1,82.0,257.0,462.6,4950.0,0.15
2026-03-01T09:00Z,9,60,14.8,72.0,443.0,797.4,3600.0,0.15
2026-03-01T10:00Z,10,60,17.1,63.0,594.0,1069.2,2450.0,0.15
2026-03-01T11:00Z,11,60,18.9,58.0,692.0,1245.6,1550.0,0.15
2026-03-01T12:00Z,12,60,19.0,56.0,726.0,1306.8,1500.0,0.15
2026-03-01T13:00Z,13,60,20.2,56.0,693.0,1247.4,900.0,0.15
2026-03-01T14:00Z,14,60,20.6,56.0,582.0,1047.6,700.0,0.15
2026-03-01T15:00Z,15,60,20.3,52.0,400.0,720.0,850.0,0.15
2026-03-01T16:00Z,16,60,18.9,54.0,242.0,435.6,1550.0,0.15
2026-03-01T17:00Z,17,60,16.5,68.0,81.0,145.8,2750.0,0.15
2026-03-01T18:00Z,18,60,15.1,80.0,1.0,1.8,3450.0,0.15
2026-03-01T19:00Z,19,60,13.8,90.0,0.0,0.0,4100.0,0.15
2026-03-01T20:00Z,20,60,13.2,94.0,0.0,0.0,4400.0,0.15
2026-03-01T21:00Z,21,60,13.1,95.0,0.0,0.0,4450.0,0.15
2026-03-01T22:00Z,22,60,13.1,95.0,0.0,0.0,4450.0,0.15
2026-03-01T23:00Z,23,60,13.3,94.0,0.0,0.0,4350.0,0.15
2026-03-02T00:00Z,0,61,13.1,95.0,0.0,0.0,4450.0,0.15
2026-03-02T01:00Z,1,61,12.9,96.0,0.0,0.0,4550.0,0.15
2026-03-02T02:00Z,2,61,12.9,96.0,0.0,0.0,4550.0,0.15
2026-03-02T03:00Z,3,61,13.1,96.0,0.0,0.0,4450.0,0.15
2026-03-02T04:00Z,4,61,13.1,96.0,0.0,0.0,4450.0,0.15
2026-03-02T05:00Z,5,61,13.1,93.0,0.0,0.0,4450.0,0.15
2026-03-02T06:00Z,6,61,12.9,94.0,0.0,0.0,4550.0,0.15
2026-03-02T07:00Z,7,61,13.4,92.0,52.0,93.6,4300.0,0.15
2026-03-02T08:00Z,8,61,14.9,80.0,204.0,367.2,3550.0,0.85
2026-03-02T09:00Z,9,61,16.5,69.0,407.0,732.6,2750.0,0.85
2026-03-02T10:00Z,10,61,17.9,61.0,524.0,943.2,2050.0,0.85
2026-03-02T11:00Z,11,61,18.8,57.0,636.0,1144.8,1600.0,0.85
2026-03-02T12:00Z,12,61,19.5,54.0,706.0,1270.8,1250.0,0.85
2026-03-02T13:00Z,13,61,19.8,54.0,679.0,1222.2,1100.0,0.85
2026-03-02T14:00Z,14,61,19.6,58.0,591.0,1063.8,1200.0,0.85
2026-03-02T15:00Z,15,61,18.8,63.0,447.0,804.6,1600.0,0.85
2026-03-02T16:00Z,16,61,17.7,69.0,242.0,435.6,2150.0,0.85
2026-03-02T17:00Z,17,61,16.1,78.0,72.0,129.6,2950.0,0.85
2026-03-02T18:00Z,18,61,15.4,84.0,1.0,1.8,3300.0,0.15
2026-03-02T19:00Z,19,61,14.7,89.0,0.0,0.0,3650.0,0.15
2026-03-02T20:00Z,20,61,14.4,90.0,0.0,0.0,3800.0,0.15
2026-03-02T21:00Z,21,61,14.2,90.0,0.0,0.0,3900.0,0.15
2026-03-02T22:00Z,22,61,13.8,91.0,0.0,0.0,4100.0,0.15
2026-03-02T23:00Z,23,61,13.1,92.0,0.0,0.0,4450.0,0.15
2026-03-03T00:00Z,0,62,13.7,92.0,0.0,0.0,4150.0,0.15
2026-03-03T01:00Z,1,62,13.4,94.0,0.0,0.0,4300.0,0.15
2026-03-03T02:00Z,2,62,13.1,95.0,0.0,0.0,4450.0,0.15
2026-03-03T03:00Z,3,62,13.1,94.0,0.0,0.0,4450.0,0.15
2026-03-03T04:00Z,4,62,12.7,95.0,0.0,0.0,4650.0,0.15
2026-03-03T05:00Z,5,62,12.4,95.0,0.0,0.0,4800.0,0.15
2026-03-03T06:00Z,6,62,13.4,94.0,1.0,1.8,4300.0,0.15
2026-03-03T07:00Z,7,62,14.6,90.0,67.0,120.6,3700.0,0.15
2026-03-03T08:00Z,8,62,16.2,84.0,229.0,412.2,2900.0,0.85
2026-03-03T09:00Z,9,62,17.6,75.0,363.0,653.4,2200.0,0.85
2026-03-03T10:00Z,10,62,18.9,68.0,508.0,914.4,1550.0,0.85
2026-03-03T11:00Z,11,62,19.5,64.0,570.0,1026.0,1250.0,0.85
2026-03-03T12:00Z,12,62,19.0,67.0,579.0,1042.2,1500.0,0.85
2026-03-03T13:00Z,13,62,19.5,65.0,649.0,1168.2,1250.0,0.85
2026-03-03T14:00Z,14,62,19.1,66.0,509.0,916.2,1450.0,0.85
2026-03-03T15:00Z,15,62,18.2,70.0,372.0,669.6,1900.0,0.85
2026-03-03T16:00Z,16,62,17.5,73.0,249.0,448.2,2250.0,0.85
2026-03-03T17:00Z,17,62,16.4,80.0,86.0,154.8,2800.0,0.85
2026-03-03T18:00Z,18,62,15.8,85.0,1.0,1.8,3100.0,0.15
2026-03-03T19:00Z,19,62,15.1,88.0,0.0,0.0,3450.0,0.15
2026-03-03T20:00Z,20,62,14.9,90.0,0.0,0.0,3550.0,0.15
2026-03-03T21:00Z,21,62,14.6,91.0,0.0,0.0,3700.0,0.15
2026-03-03T22:00Z,22,62,14.4,92.0,0.0,0.0,3800.0,0.15
2026-03-03T23:00Z,23,62,14.2,92.0,0.0,0.0,3900.0,0.15
2026-03-04T00:00Z,0,63,14.6,92.0,0.0,0.0,3700.0,0.15
2026-03-04T01:00Z,1,63,14.5,92.0,0.0,0.0,3750.0,0.15
2026-03-04T02:00Z,2,63,14.5,92.0,0.0,0.0,3750.0,0.15
2026-03-04T03:00Z,3,63,14.1,92.0,0.0,0.0,3950.0,0.15
2026-03-04T04:00Z,4,63,13.8,93.0,0.0,0.0,4100.0,0.15
2026-03-04T05:00Z,5,63,13.6,93.0,0.0,0.0,4200.0,0.15
2026-03-04T06:00Z,6,63,14.2,96.0,1.0,1.8,3900.0,0.15
2026-03-04T07:00Z,7,63,15.1,92.0,79.0,142.2,3450.0,0.15
2026-03-04T08:00Z,8,63,16.6,84.0,264.0,475.2,2700.0,0.85
2026-03-04T09:00Z,9,63,18.3,73.0,448.0,806.4,1850.0,0.85
2026-03-04T10:00Z,10,63,19.5,66.0,575.0,1035.0,1250.0,0.85
2026-03-04T11:00Z,11,63,20.4,61.0,669.0,1204.2,800.0,0.85
2026-03-04T12:00Z,12,63,20.5,61.0,716.0,1288.8,750.0,0.85
2026-03-04T13:00Z,13,63,20.5,62.0,689.0,1240.2,750.0,0.85
2026-03-04T14:00Z,14,63,20.1,62.0,590.0,1062.0,950.0,0.85
2026-03-04T15:00Z,15,63,19.5,65.0,446.0,802.8,1250.0,0.85
2026-03-04T16:00Z,16,63,18.4,70.0,267.0,480.6,1800.0,0.85
2026-03-04T17:00Z,17,63,16.9,77.0,74.0,133.2,2550.0,0.85
2026-03-04T18:00Z,18,63,16.4,81.0,2.0,3.6,2800.0,0.15
2026-03-04T19:00Z,19,63,15.9,84.0,0.0,0.0,3050.0,0.15
2026-03-04T20:00Z,20,63,15.4,85.0,0.0,0.0,3300.0,0.15
2026-03-04T21:00Z,21,63,15.1,86.0,0.0,0.0,3450.0,0.15
2026-03-04T22:00Z,22,63,14.9,86.0,0.0,0.0,3550.0,0.15
2026-03-04T23:00Z,23,63,14.5,87.0,0.0,0.0,3750.0,0.15
2026-03-05T00:00Z,0,64,14.8,90.0,0.0,0.0,3600.0,0.15
2026-03-05T01:00Z,1,64,14.7,90.0,0.0,0.0,3650.0,0.15
2026-03-05T02:00Z,2,64,14.4,88.0,0.0,0.0,3800.0,0.15
2026-03-05T03:00Z,3,64,14.4,87.0,0.0,0.0,3800.0,0.15
2026-03-05T04:00Z,4,64,14.4,87.0,0.0,0.0,3800.0,0.15
2026-03-05T05:00Z,5,64,14.4,86.0,0.0,0.0,3800.0,0.15
2026-03-05T06:00Z,6,64,14.8,89.0,1.0,1.8,3600.0,0.15
2026-03-05T07:00Z,7,64,15.3,86.0,46.0,82.8,3350.0,0.15
2026-03-05T08:00Z,8,64,16.0,82.0,124.0,223.2,3000.0,0.85
2026-03-05T09:00Z,9,64,17.4,74.0,312.0,561.6,2300.0,0.85
2026-03-05T10:00Z,10,64,17.5,72.0,283.0,509.4,2250.0,0.85
2026-03-05T11:00Z,11,64,18.0,69.0,355.0,639.0,2000.0,0.85
2026-03-05T12:00Z,12,64,17.6,68.0,246.0,442.8,2200.0,0.85
2026-03-05T13:00Z,13,64,17.3,71.0,263.0,473.4,2350.0,0.85
2026-03-05T14:00Z,14,64,17.2,73.0,249.0,448.2,2400.0,0.85
2026-03-05T15:00Z,15,64,17.0,74.0,194.0,349.2,2500.0,0.85
2026-03-05T16:00Z,16,64,16.3,77.0,129.0,232.2,2850.0,0.85
2026-03-05T17:00Z,17,64,15.6,83.0,45.0,81.0,3200.0,0.85
2026-03-05T18:00Z,18,64,15.4,86.0,1.0,1.8,3300.0,0.15
2026-03-05T19:00Z,19,64,15.2,88.0,0.0,0.0,3400.0,0.15
2026-03-05T20:00Z,20,64,15.1,88.0,0.0,0.0,3450.0,0.15
2026-03-05T21:00Z,21,64,14.8,90.0,0.0,0.0,3600.0,0.15
2026-03-05T22:00Z,22,64,14.7,90.0,0.0,0.0,3650.0,0.15
2026-03-05T23:00Z,23,64,14.2,92.0,0.0,0.0,3900.0,0.15
2026-03-06T00:00Z,0,65,14.8,92.0,0.0,0.0,3600.0,0.15
2026-03-06T01:00Z,1,65,14.9,92.0,0.0,0.0,3550.0,0.15
2026-03-06T02:00Z,2,65,14.4,93.0,0.0,0.0,3800.0,0.15
2026-03-06T03:00Z,3,65,13.9,96.0,0.0,0.0,4050.0,0.15
2026-03-06T04:00Z,4,65,13.9,96.0,0.0,0.0,4050.0,0.15
2026-03-06T05:00Z,5,65,13.9,96.0,0.0,0.0,4050.0,0.15
2026-03-06T06:00Z,6,65,14.4,97.0,2.0,3.6,3800.0,0.15
2026-03-06T07:00Z,7,65,14.9,94.0,78.0,140.4,3550.0,0.15
2026-03-06T08:00Z,8,65,16.1,87.0,237.0,426.6,2950.0,0.85
2026-03-06T09:00Z,9,65,17.6,78.0,343.0,617.4,2200.0,0.85
2026-03-06T10:00Z,10,65,19.7,64.0,489.0,880.2,1150.0,0.85
2026-03-06T11:00Z,11,65,20.6,62.0,638.0,1148.4,700.0,0.85
2026-03-06T12:00Z,12,65,20.7,64.0,632.0,1137.6,650.0,0.85
2026-03-06T13:00Z,13,65,21.1,63.0,648.0,1166.4,450.0,0.85
2026-03-06T14:00Z,14,65,21.4,63.0,581.0,1045.8,300.0,0.85
2026-03-06T15:00Z,15,65,19.4,68.0,395.0,711.0,1300.0,0.85
2026-03-06T16:00Z,16,65,19.0,72.0,196.0,352.8,1500.0,0.85
2026-03-06T17:00Z,17,65,18.0,79.0,84.0,151.2,2000.0,0.85
2026-03-06T18:00Z,18,65,17.5,86.0,2.0,3.6,2250.0,0.15
2026-03-06T19:00Z,19,65,16.9,86.0,0.0,0.0,2550.0,0.15
2026-03-06T20:00Z,20,65,15.8,90.0,0.0,0.0,3100.0,0.15
2026-03-06T21:00Z,21,65,15.0,93.0,0.0,0.0,3500.0,0.15
2026-03-06T22:00Z,22,65,14.6,93.0,0.0,0.0,3700.0,0.15
2026-03-06T23:00Z,23,65,14.4,93.0,0.0,0.0,3800.0,0.15
2026-03-07T00:00Z,0,66,14.0,94.0,0.0,0.0,4000.0,0.15
2026-03-07T01:00Z,1,66,13.6,96.0,0.0,0.0,4200.0,0.15
2026-03-07T02:00Z,2,66,13.2,98.0,0.0,0.0,4400.0,0.15
2026-03-07T03:00Z,3,66,13.4,99.0,0.0,0.0,4300.0,0.15
2026-03-07T04:00Z,4,66,13.1,98.0,0.0,0.0,4450.0,0.15
2026-03-07T05:00Z,5,66,13.2,98.0,0.0,0.0,4400.0,0.15
2026-03-07T06:00Z,6,66,13.9,100.0,1.0,1.8,4050.0,0.15
2026-03-07T07:00Z,7,66,14.8,95.0,44.0,79.2,3600.0,0.15
2026-03-07T08:00Z,8,66,15.8,86.0,181.0,325.8,3100.0,0.15
2026-03-07T09:00Z,9,66,17.4,75.0,407.0,732.6,2300.0,0.15
2026-03-07T10:00Z,10,66,18.4,72.0,478.0,860.4,1800.0,0.15
2026-03-07T11:00Z,11,66,19.5,69.0,635.0,1143.0,1250.0,0.15
2026-03-07T12:00Z,12,66,20.0,64.0,657.0,1182.6,1000.0,0.15
2026-03-07T13:00Z,13,66,20.0,61.0,665.0,1197.0,1000.0,0.15
2026-03-07T14:00Z,14,66,19.0,63.0,499.0,898.2,1500.0,0.15
2026-03-07T15:00Z,15,66,19.0,59.0,328.0,590.4,1500.0,0.15
2026-03-07T16:00Z,16,66,18.0,70.0,229.0,412.2,2000.0,0.15
2026-03-07T17:00Z,17,66,17.0,76.0,80.0,144.0,2500.0,0.15
2026-03-07T18:00Z,18,66,16.3,79.0,2.0,3.6,2850.0,0.15
2026-03-07T19:00Z,19,66,15.4,88.0,0.0,0.0,3300.0,0.15
2026-03-07T20:00Z,20,66,14.4,94.0,0.0,0.0,3800.0,0.15
2026-03-07T21:00Z,21,66,13.7,97.0,0.0,0.0,4150.0,0.15
2026-03-07T22:00Z,22,66,13.1,100.0,0.0,0.0,4450.0,0.15
2026-03-07T23:00Z,23,66,13.1,100.0,0.0,0.0,4450.0,0.15
2026-03-08T00:00Z,0,67,13.3,99.0,0.0,0.0,4350.0,0.15
2026-03-08T01:00Z,1,67,12.4,100.0,0.0,0.0,4800.0,0.15
2026-03-08T02:00Z,2,67,12.1,100.0,0.0,0.0,4950.0,0.15
2026-03-08T03:00Z,3,67,12.4,100.0,0.0,0.0,4800.0,0.15
2026-03-08T04:00Z,4,67,12.4,100.0,0.0,0.0,4800.0,0.15
2026-03-08T05:00Z,5,67,12.4,100.0,0.0,0.0,4800.0,0.15
2026-03-08T06:00Z,6,67,13.2,100.0,2.0,3.6,4400.0,0.15
2026-03-08T07:00Z,7,67,14.1,97.0,62.0,111.6,3950.0,0.15
2026-03-08T08:00Z,8,67,15.4,86.0,200.0,360.0,3300.0,0.15
2026-03-08T09:00Z,9,67,17.0,75.0,343.0,617.4,2500.0,0.15
2026-03-08T10:00Z,10,67,18.8,66.0,549.0,988.2,1600.0,0.15
2026-03-08T11:00Z,11,67,19.6,65.0,687.0,1236.6,1200.0,0.15
2026-03-08T12:00Z,12,67,19.8,62.0,727.0,1308.6,1100.0,0.15
2026-03-08T13:00Z,13,67,20.1,62.0,696.0,1252.8,950.0,0.15
2026-03-08T14:00Z,14,67,19.1,66.0,603.0,1085.4,1450.0,0.15
2026-03-08T15:00Z,15,67,18.7,69.0,385.0,693.0,1650.0,0.15
2026-03-08T16:00Z,16,67,18.0,72.0,260.0,468.0,2000.0,0.15
2026-03-08T17:00Z,17,67,17.0,76.0,95.0,171.0,2500.0,0.15
2026-03-08T18:00Z,18,67,16.3,78.0,3.0,5.4,2850.0,0.15
2026-03-08T19:00Z,19,67,15.0,84.0,0.0,0.0,3500.0,0.15
2026-03-08T20:00Z,20,67,14.1,90.0,0.0,0.0,3950.0,0.15
2026-03-08T21:00Z,21,67,13.9,92.0,0.0,0.0,4050.0,0.15
2026-03-08T22:00Z,22,67,13.4,94.0,0.0,0.0,4300.0,0.15
2026-03-08T23:00Z,23,67,13.1,94.0,0.0,0.0,4450.0,0.15
2026-03-09T00:00Z,0,68,12.6,96.0,0.0,0.0,4700.0,0.15
2026-03-09T01:00Z,1,68,12.2,96.0,0.0,0.0,4900.0,0.15
2026-03-09T02:00Z,2,68,12.1,96.0,0.0,0.0,4950.0,0.15
2026-03-09T03:00Z,3,68,11.9,97.0,0.0,0.0,5050.0,0.15
2026-03-09T04:00Z,4,68,11.2,100.0,0.0,0.0,5400.0,0.15
2026-03-09T05:00Z,5,68,11.1,100.0,0.0,0.0,5450.0,0.15
2026-03-09T06:00Z,6,68,11.6,100.0,2.0,3.6,5200.0,0.15
2026-03-09T07:00Z,7,68,12.1,99.0,72.0,129.6,4950.0,0.15
2026-03-09T08:00Z,8,68,13.1,97.0,178.0,320.4,4450.0,0.85
2026-03-09T09:00Z,9,68,14.9,89.0,295.0,531.0,3550.0,0.85
2026-03-09T10:00Z,10,68,16.5,78.0,419.0,754.2,2750.0,0.85
2026-03-09T11:00Z,11,68,17.4,71.0,434.0,781.2,2300.0,0.85
2026-03-09T12:00Z,12,68,18.4,64.0,549.0,988.2,1800.0,0.85
2026-03-09T13:00Z,13,68,18.4,61.0,395.0,711.0,1800.0,0.85
2026-03-09T14:00Z,14,68,18.1,57.0,279.0,502.2,1950.0,0.85
2026-03-09T15:00Z,15,68,18.0,57.0,318.0,572.4,2000.0,0.85
2026-03-09T16:00Z,16,68,17.0,64.0,156.0,280.8,2500.0,0.85
2026-03-09T17:00Z,17,68,15.8,73.0,44.0,79.2,3100.0,0.85
2026-03-09T18:00Z,18,68,14.9,81.0,1.0,1.8,3550.0,0.15
2026-03-09T19:00Z,19,68,13.6,89.0,0.0,0.0,4200.0,0.15
2026-03-09T20:00Z,20,68,13.4,91.0,0.0,0.0,4300.0,0.15
2026-03-09T21:00Z,21,68,13.1,93.0,0.0,0.0,4450.0,0.15
2026-03-09T22:00Z,22,68,12.9,93.0,0.0,0.0,4550.0,0.15
2026-03-09T23:00Z,23,68,12.5,94.0,0.0,0.0,4750.0,0.15
2026-03-10T00:00Z,0,69,12.4,93.0,0.0,0.0,4800.0,0.15
2026-03-10T01:00Z,1,69,12.1,95.0,0.0,0.0,4950.0,0.15
2026-03-10T02:00Z,2,69,11.6,95.0,0.0,0.0,5200.0,0.15
2026-03-10T03:00Z,3,69,11.2,97.0,0.0,0.0,5400.0,0.15
2026-03-10T04:00Z,4,69,10.9,98.0,0.0,0.0,5550.0,0.15
2026-03-10T05:00Z,5,69,10.9,98.0,0.0,0.0,5550.0,0.15
2026-03-10T06:00Z,6,69,12.1,97.0,4.0,7.2,4950.0,0.15
2026-03-10T07:00Z,7,69,13.4,94.0,85.0,153.0,4300.0,0.15
2026-03-10T08:00Z,8,69,15.1,86.0,265.0,477.0,3450.0,0.85
2026-03-10T09:00Z,9,69,16.1,79.0,438.0,788.4,2950.0,0.85
2026-03-10T10:00Z,10,69,17.1,76.0,558.0,1004.4,2450.0,0.85
2026-03-10T11:00Z,11,69,18.1,68.0,661.0,1189.8,1950.0,0.85
2026-03-10T12:00Z,12,69,17.9,63.0,654.0,1177.2,2050.0,0.85
2026-03-10T13:00Z,13,69,18.5,57.0,560.0,1008.0,1750.0,0.85
2026-03-10T14:00Z,14,69,17.9,60.0,442.0,795.6,2050.0,0.85
2026-03-10T15:00Z,15,69,17.5,64.0,330.0,594.0,2250.0,0.85
2026-03-10T16:00Z,16,69,16.9,68.0,234.0,421.2,2550.0,0.85
2026-03-10T17:00Z,17,69,15.6,77.0,99.0,178.2,3200.0,0.85
2026-03-10T18:00Z,18,69,15.0,80.0,4.0,7.2,3500.0,0.15
2026-03-10T19:00Z,19,69,14.4,84.0,0.0,0.0,3800.0,0.15
2026-03-10T20:00Z,20,69,13.8,88.0,0.0,0.0,4100.0,0.15
2026-03-10T21:00Z,21,69,13.3,91.0,0.0,0.0,4350.0,0.15
2026-03-10T22:00Z,22,69,12.9,93.0,0.0,0.0,4550.0,0.15
2026-03-10T23:00Z,23,69,12.6,94.0,0.0,0.0,4700.0,0.15
2026-03-11T00:00Z,0,70,12.9,92.0,0.0,0.0,4550.0,0.15
2026-03-11T01:00Z,1,70,12.6,93.0,0.0,0.0,4700.0,0.15
2026-03-11T02:00Z,2,70,12.4,95.0,0.0,0.0,4800.0,0.15
2026-03-11T03:00Z,3,70,11.7,96.0,0.0,0.0,5150.0,0.15
2026-03-11T04:00Z,4,70,11.8,96.0,0.0,0.0,5100.0,0.15
2026-03-11T05:00Z,5,70,11.6,95.0,0.0,0.0,5200.0,0.15
2026-03-11T06:00Z,6,70,12.4,94.0,5.0,9.0,4800.0,0.15
2026-03-11T07:00Z,7,70,13.4,91.0,104.0,187.2,4300.0,0.15
2026-03-11T08:00Z,8,70,14.9,84.0,287.0,516.6,3550.0,0.85
2026-03-11T09:00Z,9,70,16.1,76.0,441.0,793.8,2950.0,0.85
2026-03-11T10:00Z,10,70,17.4,68.0,600.0,1080.0,2300.0,0.85
2026-03-11T11:00Z,11,70,18.1,62.0,679.0,1222.2,1950.0,0.85
2026-03-11T12:00Z,12,70,18.2,62.0,644.0,1159.2,1900.0,0.85
2026-03-11T13:00Z,13,70,18.5,60.0,653.0,1175.4,1750.0,0.85
2026-03-11T14:00Z,14,70,18.2,60.0,548.0,986.4,1900.0,0.85
2026-03-11T15:00Z,15,70,18.0,61.0,432.0,777.6,2000.0,0.85
2026-03-11T16:00Z,16,70,17.4,64.0,281.0,505.8,2300.0,0.85
2026-03-11T17:00Z,17,70,16.2,72.0,98.0,176.4,2900.0,0.85
2026-03-11T18:00Z,18,70,15.1,78.0,4.0,7.2,3450.0,0.15
2026-03-11T19:00Z,19,70,14.3,83.0,0.0,0.0,3850.0,0.15
2026-03-11T20:00Z,20,70,13.2,89.0,0.0,0.0,4400.0,0.15
2026-03-11T21:00Z,21,70,12.5,92.0,0.0,0.0,4750.0,0.15
2026-03-11T22:00Z,22,70,11.9,95.0,0.0,0.0,5050.0,0.15
2026-03-11T23:00Z,23,70,11.1,100.0,0.0,0.0,5450.0,0.15
2026-03-12T00:00Z,0,71,10.6,100.0,0.0,0.0,5700.0,0.15
2026-03-12T01:00Z,1,71,9.5,100.0,0.0,0.0,6250.0,0.15
2026-03-12T02:00Z,2,71,9.8,100.0,0.0,0.0,6100.0,0.15
2026-03-12T03:00Z,3,71,9.4,100.0,0.0,0.0,6300.0,0.15
2026-03-12T04:00Z,4,71,9.4,100.0,0.0,0.0,6300.0,0.15
2026-03-12T05:00Z,5,71,9.9,100.0,0.0,0.0,6050.0,0.15
2026-03-12T06:00Z,6,71,10.5,100.0,3.0,5.4,5750.0,0.15
2026-03-12T07:00Z,7,71,10.9,98.0,53.0,95.4,5550.0,0.15
2026-03-12T08:00Z,8,71,11.6,95.0,153.0,275.4,5200.0,0.85
2026-03-12T09:00Z,9,71,13.1,88.0,359.0,646.2,4450.0,0.85
2026-03-12T10:00Z,10,71,15.3,78.0,542.0,975.6,3350.0,0.85
2026-03-12T11:00Z,11,71,16.6,69.0,601.0,1081.8,2700.0,0.85
2026-03-12T12:00Z,12,71,18.4,60.0,656.0,1180.8,1800.0,0.85
2026-03-12T13:00Z,13,71,15.4,75.0,503.0,905.4,3300.0,0.85
2026-03-12T14:00Z,14,71,15.4,75.0,236.0,424.8,3300.0,0.85
2026-03-12T15:00Z,15,71,16.5,71.0,390.0,702.0,2750.0,0.85
2026-03-12T16:00Z,16,71,15.9,71.0,269.0,484.2,3050.0,0.85
2026-03-12T17:00Z,17,71,14.0,86.0,73.0,131.4,4000.0,0.85
2026-03-12T18:00Z,18,71,13.1,88.0,4.0,7.2,4450.0,0.15
2026-03-12T19:00Z,19,71,12.9,90.0,0.0,0.0,4550.0,0.15
2026-03-12T20:00Z,20,71,12.8,92.0,0.0,0.0,4600.0,0.15
2026-03-12T21:00Z,21,71,12.5,94.0,0.0,0.0,4750.0,0.15
2026-03-12T22:00Z,22,71,12.3,94.0,0.0,0.0,4850.0,0.15
2026-03-12T23:00Z,23,71,11.9,94.0,0.0,0.0,5050.0,0.15
2026-03-13T00:00Z,0,72,11.6,94.0,0.0,0.0,5200.0,0.15
2026-03-13T01:00Z,1,72,11.3,94.0,0.0,0.0,5350.0,0.15
2026-03-13T02:00Z,2,72,11.0,94.0,0.0,0.0,5500.0,0.15
2026-03-13T03:00Z,3,72,10.6,95.0,0.0,0.0,5700.0,0.15
2026-03-13T04:00Z,4,72,10.4,95.0,0.0,0.0,5800.0,0.15
2026-03-13T05:00Z,5,72,9.9,95.0,0.0,0.0,6050.0,0.15
2026-03-13T06:00Z,6,72,10.3,94.0,6.0,10.8,5850.0,0.15
2026-03-13T07:00Z,7,72,11.6,89.0,115.0,207.0,5200.0,0.15
2026-03-13T08:00Z,8,72,13.4,84.0,307.0,552.6,4300.0,0.85
2026-03-13T09:00Z,9,72,14.7,78.0,485.0,873.0,3650.0,0.85
2026-03-13T10:00Z,10,72,15.7,70.0,578.0,1040.4,3150.0,0.85
2026-03-13T11:00Z,11,72,16.2,64.0,566.0,1018.8,2900.0,0.85
2026-03-13T12:00Z,12,72,14.9,70.0,469.0,844.2,3550.0,0.85
2026-03-13T13:00Z,13,72,15.1,68.0,548.0,986.4,3450.0,0.85
2026-03-13T14:00Z,14,72,15.4,65.0,401.0,721.8,3300.0,0.85
2026-03-13T15:00Z,15,72,14.1,74.0,414.0,745.2,3950.0,0.85
2026-03-13T16:00Z,16,72,14.1,69.0,206.0,370.8,3950.0,0.85
2026-03-13T17:00Z,17,72,13.2,78.0,92.0,165.6,4400.0,0.85
2026-03-13T18:00Z,18,72,12.8,81.0,4.0,7.2,4600.0,0.15
2026-03-13T19:00Z,19,72,12.4,82.0,0.0,0.0,4800.0,0.15
2026-03-13T20:00Z,20,72,11.9,86.0,0.0,0.0,5050.0,0.15
2026-03-13T21:00Z,21,72,11.6,88.0,0.0,0.0,5200.0,0.15
2026-03-13T22:00Z,22,72,11.1,91.0,0.0,0.0,5450.0,0.15
2026-03-13T23:00Z,23,72,10.5,91.0,0.0,0.0,5750.0,0.15
2026-03-14T00:00Z,0,73,10.5,92.0,0.0,0.0,5750.0,0.15
2026-03-14T01:00Z,1,73,10.4,93.0,0.0,0.0,5800.0,0.15
2026-03-14T02:00Z,2,73,10.1,93.0,0.0,0.0,5950.0,0.15
2026-03-14T03:00Z,3,73,9.9,94.0,0.0,0.0,6050.0,0.15
2026-03-14T04:00Z,4,73,9.9,94.0,0.0,0.0,6050.0,0.15
2026-03-14T05:00Z,5,73,9.8,94.0,0.0,0.0,6100.0,0.15
2026-03-14T06:00Z,6,73,9.6,81.0,5.0,9.0,6200.0,0.15
2026-03-14T07:00Z,7,73,10.6,90.0,78.0,140.4,5700.0,0.15
2026-03-14T08:00Z,8,73,12.4,86.0,251.0,451.8,4800.0,0.15
2026-03-14T09:00Z,9,73,14.1,78.0,433.0,779.4,3950.0,0.15
2026-03-14T10:00Z,10,73,15.6,68.0,630.0,1134.0,3200.0,0.15
2026-03-14T11:00Z,11,73,16.8,58.0,735.0,1323.0,2600.0,0.15
2026-03-14T12:00Z,12,73,17.8,52.0,778.0,1400.4,2100.0,0.15
2026-03-14T13:00Z,13,73,18.3,50.0,736.0,1324.8,1850.0,0.15
2026-03-14T14:00Z,14,73,18.8,47.0,604.0,1087.2,1600.0,0.15
2026-03-14T15:00Z,15,73,18.5,48.0,403.0,725.4,1750.0,0.15
2026-03-14T16:00Z,16,73,18.0,51.0,298.0,536.4,2000.0,0.15
2026-03-14T17:00Z,17,73,16.0,68.0,107.0,192.6,3000.0,0.15
2026-03-14T18:00Z,18,73,15.4,62.0,5.0,9.0,3300.0,0.15
2026-03-14T19:00Z,19,73,14.0,74.0,0.0,0.0,4000.0,0.15
2026-03-14T20:00Z,20,73,13.4,79.0,0.0,0.0,4300.0,0.15
2026-03-14T21:00Z,21,73,13.6,78.0,0.0,0.0,4200.0,0.15
2026-03-14T22:00Z,22,73,13.8,77.0,0.0,0.0,4100.0,0.15
2026-03-14T23:00Z,23,73,13.9,75.0,0.0,0.0,4050.0,0.15
2026-03-15T00:00Z,0,74,13.1,84.0,0.0,0.0,4450.0,0.15
2026-03-15T01:00Z,1,74,12.2,83.0,0.0,0.0,4900.0,0.15
2026-03-15T02:00Z,2,74,11.8,85.0,0.0,0.0,5100.0,0.15
2026-03-15T03:00Z,3,74,11.4,87.0,0.0,0.0,5300.0,0.15
2026-03-15T04:00Z,4,74,10.9,87.0,0.0,0.0,5550.0,0.15
2026-03-15T05:00Z,5,74,10.6,90.0,0.0,0.0,5700.0,0.15
2026-03-15T06:00Z,6,74,10.4,90.0,2.0,3.6,5800.0,0.15
2026-03-15T07:00Z,7,74,10.8,85.0,46.0,82.8,5600.0,0.15
2026-03-15T08:00Z,8,74,10.9,82.0,143.0,257.4,5550.0,0.15
2026-03-15T09:00Z,9,74,11.2,78.0,161.0,289.8,5400.0,0.15
2026-03-15T10:00Z,10,74,11.2,71.0,399.0,718.2,5400.0,0.15
2026-03-15T11:00Z,11,74,10.9,75.0,203.0,365.4,5550.0,0.15
2026-03-15T12:00Z,12,74,12.1,69.0,253.0,455.4,4950.0,0.15
2026-03-15T13:00Z,13,74,10.9,79.0,197.0,354.6,5550.0,0.15
2026-03-15T14:00Z,14,74,10.8,76.0,316.0,568.8,5600.0,0.15
2026-03-15T15:00Z,15,74,11.4,69.0,214.0,385.2,5300.0,0.15
2026-03-15T16:00Z,16,74,11.4,59.0,176.0,316.8,5300.0,0.15
2026-03-15T17:00Z,17,74,10.6,64.0,74.0,133.2,5700.0,0.15
2026-03-15T18:00Z,18,74,9.9,70.0,4.0,7.2,6050.0,0.15
2026-03-15T19:00Z,19,74,9.2,75.0,0.0,0.0,6400.0,0.15
2026-03-15T20:00Z,20,74,8.6,77.0,0.0,0.0,6700.0,0.15
2026-03-15T21:00Z,21,74,7.8,80.0,0.0,0.0,7100.0,0.15
2026-03-15T22:00Z,22,74,7.2,84.0,0.0,0.0,7400.0,0.15
2026-03-15T23:00Z,23,74,6.8,86.0,0.0,0.0,7600.0,0.15
2026-03-16T00:00Z,0,75,7.1,82.0,0.0,0.0,7450.0,0.15
2026-03-16T01:00Z,1,75,5.8,85.0,0.0,0.0,8100.0,0.15
2026-03-16T02:00Z,2,75,5.8,85.0,0.0,0.0,8100.0,0.15
2026-03-16T03:00Z,3,75,5.8,84.0,0.0,0.0,8100.0,0.15
2026-03-16T04:00Z,4,75,5.9,82.0,0.0,0.0,8050.0,0.15
2026-03-16T05:00Z,5,75,6.2,82.0,0.0,0.0,7900.0,0.15
2026-03-16T06:00Z,6,75,6.8,83.0,8.0,14.4,7600.0,0.15
2026-03-16T07:00Z,7,75,8.4,80.0,66.0,118.8,6800.0,0.15
2026-03-16T08:00Z,8,75,10.6,78.0,221.0,397.8,5700.0,0.85
2026-03-16T09:00Z,9,75,12.1,79.0,311.0,559.8,4950.0,0.85
2026-03-16T10:00Z,10,75,12.5,83.0,296.0,532.8,4750.0,0.85
2026-03-16T11:00Z,11,75,13.6,81.0,465.0,837.0,4200.0,0.85
2026-03-16T12:00Z,12,75,14.9,75.0,383.0,689.4,3550.0,0.85
2026-03-16T13:00Z,13,75,15.9,67.0,533.0,959.4,3050.0,0.85
2026-03-16T14:00Z,14,75,14.6,69.0,370.0,666.0,3700.0,0.85
2026-03-16T15:00Z,15,75,14.1,75.0,318.0,572.4,3950.0,0.85
2026-03-16T16:00Z,16,75,13.2,81.0,157.0,282.6,4400.0,0.85
2026-03-16T17:00Z,17,75,13.4,76.0,44.0,79.2,4300.0,0.85
2026-03-16T18:00Z,18,75,12.2,82.0,4.0,7.2,4900.0,0.15
2026-03-16T19:00Z,19,75,12.5,82.0,0.0,0.0,4750.0,0.15
2026-03-16T20:00Z,20,75,12.7,75.0,0.0,0.0,4650.0,0.15
2026-03-16T21:00Z,21,75,12.6,81.0,0.0,0.0,4700.0,0.15
2026-03-16T22:00Z,22,75,12.6,79.0,0.0,0.0,4700.0,0.15
2026-03-16T23:00Z,23,75,12.8,80.0,0.0,0.0,4600.0,0.15
2026-03-17T00:00Z,0,76,13.2,78.0,0.0,0.0,4400.0,0.15
2026-03-17T01:00Z,1,76,13.6,78.0,0.0,0.0,4200.0,0.15
2026-03-17T02:00Z,2,76,13.6,78.0,0.0,0.0,4200.0,0.15
2026-03-17T03:00Z,3,76,13.1,82.0,0.0,0.0,4450.0,0.15
2026-03-17T04:00Z,4,76,12.1,91.0,0.0,0.0,4950.0,0.15
2026-03-17T05:00Z,5,76,12.5,86.0,0.0,0.0,4750.0,0.15
2026-03-17T06:00Z,6,76,12.8,84.0,6.0,10.8,4600.0,0.15
2026-03-17T07:00Z,7,76,13.3,85.0,90.0,162.0,4350.0,0.15
2026-03-17T08:00Z,8,76,14.4,82.0,164.0,295.2,3800.0,0.85
2026-03-17T09:00Z,9,76,15.9,75.0,264.0,475.2,3050.0,0.85
2026-03-17T10:00Z,10,76,16.5,74.0,459.0,826.2,2750.0,0.85
2026-03-17T11:00Z,11,76,15.9,78.0,376.0,676.8,3050.0,0.85
2026-03-17T12:00Z,12,76,15.8,79.0,483.0,869.4,3100.0,0.85
2026-03-17T13:00Z,13,76,16.3,77.0,445.0,801.0,2850.0,0.85
2026-03-17T14:00Z,14,76,15.9,76.0,440.0,792.0,3050.0,0.85
2026-03-17T15:00Z,15,76,16.4,71.0,461.0,829.8,2800.0,0.85
2026-03-17T16:00Z,16,76,15.0,78.0,251.0,451.8,3500.0,0.85
2026-03-17T17:00Z,17,76,14.1,83.0,90.0,162.0,3950.0,0.85
2026-03-17T18:00Z,18,76,13.8,85.0,6.0,10.8,4100.0,0.15
2026-03-17T19:00Z,19,76,13.6,85.0,0.0,0.0,4200.0,0.15
2026-03-17T20:00Z,20,76,12.9,86.0,0.0,0.0,4550.0,0.15
2026-03-17T21:00Z,21,76,12.3,90.0,0.0,0.0,4850.0,0.15
2026-03-17T22:00Z,22,76,12.2,94.0,0.0,0.0,4900.0,0.15
2026-03-17T23:00Z,23,76,12.0,95.0,0.0,0.0,5000.0,0.15
2026-03-18T00:00Z,0,77,11.8,91.0,0.0,0.0,5100.0,0.15
2026-03-18T01:00Z,1,77,11.6,90.0,0.0,0.0,5200.0,0.15
2026-03-18T02:00Z,2,77,11.4,90.0,0.0,0.0,5300.0,0.15
2026-03-18T03:00Z,3,77,11.1,91.0,0.0,0.0,5450.0,0.15
2026-03-18T04:00Z,4,77,10.7,92.0,0.0,0.0,5650.0,0.15
2026-03-18T05:00Z,5,77,10.4,93.0,0.0,0.0,5800.0,0.15
2026-03-18T06:00Z,6,77,10.7,92.0,10.0,18.0,5650.0,0.15
2026-03-18T07:00Z,7,77,12.2,85.0,129.0,232.2,4900.0,0.15
2026-03-18T08:00Z,8,77,13.7,82.0,318.0,572.4,4150.0,0.85
2026-03-18T09:00Z,9,77,15.4,72.0,509.0,916.2,3300.0,0.85
2026-03-18T10:00Z,10,77,16.2,68.0,438.0,788.4,2900.0,0.85
2026-03-18T11:00Z,11,77,17.3,62.0,643.0,1157.4,2350.0,0.85
2026-03-18T12:00Z,12,77,17.9,58.0,629.0,1132.2,2050.0,0.85
2026-03-18T13:00Z,13,77,17.5,60.0,581.0,1045.8,2250.0,0.85
2026-03-18T14:00Z,14,77,16.6,67.0,517.0,930.6,2700.0,0.85
2026-03-18T15:00Z,15,77,15.4,76.0,409.0,736.2,3300.0,0.85
2026-03-18T16:00Z,16,77,15.1,77.0,268.0,482.4,3450.0,0.85
2026-03-18T17:00Z,17,77,14.1,80.0,111.0,199.8,3950.0,0.85
2026-03-18T18:00Z,18,77,13.6,82.0,7.0,12.6,4200.0,0.15
2026-03-18T19:00Z,19,77,12.8,86.0,0.0,0.0,4600.0,0.15
2026-03-18T20:00Z,20,77,12.6,85.0,0.0,0.0,4700.0,0.15
2026-03-18T21:00Z,21,77,11.9,86.0,0.0,0.0,5050.0,0.15
2026-03-18T22:00Z,22,77,12.2,81.0,0.0,0.0,4900.0,0.15
2026-03-18T23:00Z,23,77,11.3,83.0,0.0,0.0,5350.0,0.15
2026-03-19T00:00Z,0,78,11.4,84.0,0.0,0.0,5300.0,0.15
2026-03-19T01:00Z,1,78,10.8,83.0,0.0,0.0,5600.0,0.15
2026-03-19T02:00Z,2,78,10.2,85.0,0.0,0.0,5900.0,0.15
2026-03-19T03:00Z,3,78,9.2,90.0,0.0,0.0,6400.0,0.15
2026-03-19T04:00Z,4,78,9.0,88.0,0.0,0.0,6500.0,0.15
2026-03-19T05:00Z,5,78,8.7,87.0,0.0,0.0,6650.0,0.15
2026-03-19T06:00Z,6,78,9.5,86.0,13.0,23.4,6250.0,0.15
2026-03-19T07:00Z,7,78,10.9,80.0,144.0,259.2,5550.0,0.15
2026-03-19T08:00Z,8,78,13.1,74.0,340.0,612.0,4450.0,0.85
2026-03-19T09:00Z,9,78,14.7,61.0,518.0,932.4,3650.0,0.85
2026-03-19T10:00Z,10,78,15.2,58.0,437.0,786.6,3400.0,0.85
2026-03-19T11:00Z,11,78,15.8,59.0,569.0,1024.2,3100.0,0.85
2026-03-19T12:00Z,12,78,16.3,60.0,515.0,927.0,2850.0,0.85
2026-03-19T13:00Z,13,78,16.5,58.0,648.0,1166.4,2750.0,0.85
2026-03-19T14:00Z,14,78,15.7,62.0,503.0,905.4,3150.0,0.85
2026-03-19T15:00Z,15,78,15.4,64.0,435.0,783.0,3300.0,0.85
2026-03-19T16:00Z,16,78,14.2,69.0,266.0,478.8,3900.0,0.85
2026-03-19T17:00Z,17,78,13.1,74.0,100.0,180.0,4450.0,0.85
2026-03-19T18:00Z,18,78,12.3,79.0,8.0,14.4,4850.0,0.15
2026-03-19T19:00Z,19,78,11.4,82.0,0.0,0.0,5300.0,0.15
2026-03-19T20:00Z,20,78,11.1,81.0,0.0,0.0,5450.0,0.15
2026-03-19T21:00Z,21,78,10.7,83.0,0.0,0.0,5650.0,0.15
2026-03-19T22:00Z,22,78,10.6,84.0,0.0,0.0,5700.0,0.15
2026-03-19T23:00Z,23,78,9.4,91.0,0.0,0.0,6300.0,0.15
2026-03-20T00:00Z,0,79,8.9,92.0,0.0,0.0,6550.0,0.15
2026-03-20T01:00Z,1,79,7.7,96.0,0.0,0.0,7150.0,0.15
2026-03-20T02:00Z,2,79,6.8,100.0,0.0,0.0,7600.0,0.15
2026-03-20T03:00Z,3,79,6.6,100.0,0.0,0.0,7700.0,0.15
2026-03-20T04:00Z,4,79,7.2,100.0,0.0,0.0,7400.0,0.15
2026-03-20T05:00Z,5,79,7.6,99.0,0.0,0.0,7200.0,0.15
2026-03-20T06:00Z,6,79,7.9,99.0,6.0,10.8,7050.0,0.15
2026-03-20T07:00Z,7,79,9.2,94.0,84.0,151.2,6400.0,0.15
2026-03-20T08:00Z,8,79,12.6,83.0,317.0,570.6,4700.0,0.85
2026-03-20T09:00Z,9,79,14.6,70.0,494.0,889.2,3700.0,0.85
2026-03-20T10:00Z,10,79,15.8,63.0,675.0,1215.0,3100.0,0.85
2026-03-20T11:00Z,11,79,16.4,59.0,711.0,1279.8,2800.0,0.85
2026-03-20T12:00Z,12,79,16.5,55.0,570.0,1026.0,2750.0,0.85
2026-03-20T13:00Z,13,79,15.9,60.0,480.0,864.0,3050.0,0.85
2026-03-20T14:00Z,14,79,15.6,62.0,513.0,923.4,3200.0,0.85
2026-03-20T15:00Z,15,79,15.4,62.0,453.0,815.4,3300.0,0.85
2026-03-20T16:00Z,16,79,14.6,66.0,287.0,516.6,3700.0,0.85
2026-03-20T17:00Z,17,79,13.6,72.0,116.0,208.8,4200.0,0.85
2026-03-20T18:00Z,18,79,12.6,79.0,9.0,16.2,4700.0,0.15
2026-03-20T19:00Z,19,79,11.6,80.0,0.0,0.0,5200.0,0.15
2026-03-20T20:00Z,20,79,10.9,83.0,0.0,0.0,5550.0,0.15
2026-03-20T21:00Z,21,79,10.2,84.0,0.0,0.0,5900.0,0.15
2026-03-20T22:00Z,22,79,9.4,86.0,0.0,0.0,6300.0,0.15
2026-03-20T23:00Z,23,79,8.7,87.0,0.0,0.0,6650.0,0.15
2026-03-21T00:00Z,0,80,8.9,88.0,0.0,0.0,6550.0,0.15
2026-03-21T01:00Z,1,80,7.7,91.0,0.0,0.0,7150.0,0.15
2026-03-21T02:00Z,2,80,7.8,92.0,0.0,0.0,7100.0,0.15
2026-03-21T03:00Z,3,80,7.5,94.0,0.0,0.0,7250.0,0.15
2026-03-21T04:00Z,4,80,7.1,96.0,0.0,0.0,7450.0,0.15
2026-03-21T05:00Z,5,80,6.9,95.0,0.0,0.0,7550.0,0.15
2026-03-21T06:00Z,6,80,7.6,94.0,13.0,23.4,7200.0,0.15
2026-03-21T07:00Z,7,80,8.8,93.0,117.0,210.6,6600.0,0.15
2026-03-21T08:00Z,8,80,11.7,83.0,286.0,514.8,5150.0,0.15
2026-03-21T09:00Z,9,80,14.1,71.0,499.0,898.2,3950.0,0.15
2026-03-21T10:00Z,10,80,15.1,62.0,663.0,1193.4,3450.0,0.15
2026-03-21T11:00Z,11,80,15.8,54.0,774.0,1393.2,3100.0,0.15
2026-03-21T12:00Z,12,80,16.4,51.0,803.0,1445.4,2800.0,0.15
2026-03-21T13:00Z,13,80,16.9,51.0,792.0,1425.6,2550.0,0.15
2026-03-21T14:00Z,14,80,16.4,55.0,628.0,1130.4,2800.0,0.15
2026-03-21T15:00Z,15,80,15.8,61.0,462.0,831.6,3100.0,0.15
2026-03-21T16:00Z,16,80,15.1,63.0,274.0,493.2,3450.0,0.15
2026-03-21T17:00Z,17,80,14.2,66.0,116.0,208.8,3900.0,0.15
2026-03-21T18:00Z,18,80,13.9,71.0,10.0,18.0,4050.0,0.15
2026-03-21T19:00Z,19,80,12.9,74.0,0.0,0.0,4550.0,0.15
2026-03-21T20:00Z,20,80,11.8,79.0,0.0,0.0,5100.0,0.15
2026-03-21T21:00Z,21,80,11.4,82.0,0.0,0.0,5300.0,0.15
2026-03-21T22:00Z,22,80,11.2,83.0,0.0,0.0,5400.0,0.15
2026-03-21T23:00Z,23,80,10.9,81.0,0.0,0.0,5550.0,0.15
2026-03-22T00:00Z,0,81,10.7,86.0,0.0,0.0,5650.0,0.15
2026-03-22T01:00Z,1,81,10.5,85.0,0.0,0.0,5750.0,0.15
2026-03-22T02:00Z,2,81,9.6,91.0,0.0,0.0,6200.0,0.15
2026-03-22T03:00Z,3,81,9.8,91.0,0.0,0.0,6100.0,0.15
2026-03-22T04:00Z,4,81,8.2,93.0,0.0,0.0,6900.0,0.15
2026-03-22T05:00Z,5,81,7.9,95.0,0.0,0.0,7050.0,0.15
2026-03-22T06:00Z,6,81,8.8,98.0,17.0,30.6,6600.0,0.15
2026-03-22T07:00Z,7,81,10.6,91.0,154.0,277.2,5700.0,0.15
2026-03-22T08:00Z,8,81,13.3,80.0,342.0,615.6,4350.0,0.15
2026-03-22T09:00Z,9,81,14.9,63.0,542.0,975.6,3550.0,0.15
2026-03-22T10:00Z,10,81,15.7,58.0,642.0,1155.6,3150.0,0.15
2026-03-22T11:00Z,11,81,16.4,55.0,745.0,1341.0,2800.0,0.15
2026-03-22T12:00Z,12,81,17.1,51.0,760.0,1368.0,2450.0,0.15
2026-03-22T13:00Z,13,81,16.9,53.0,598.0,1076.4,2550.0,0.15
2026-03-22T14:00Z,14,81,16.0,57.0,419.0,754.2,3000.0,0.15
2026-03-22T15:00Z,15,81,15.9,56.0,329.0,592.2,3050.0,0.15
2026-03-22T16:00Z,16,81,15.1,59.0,132.0,237.6,3450.0,0.15
2026-03-22T17:00Z,17,81,14.4,67.0,45.0,81.0,3800.0,0.15
2026-03-22T18:00Z,18,81,14.3,68.0,6.0,10.8,3850.0,0.15
2026-03-22T19:00Z,19,81,13.8,72.0,0.0,0.0,4100.0,0.15
2026-03-22T20:00Z,20,81,13.6,74.0,0.0,0.0,4200.0,0.15
2026-03-22T21:00Z,21,81,13.4,76.0,0.0,0.0,4300.0,0.15
2026-03-22T22:00Z,22,81,13.1,81.0,0.0,0.0,4450.0,0.15
2026-03-22T23:00Z,23,81,12.8,85.0,0.0,0.0,4600.0,0.15
2026-03-23T00:00Z,0,82,12.2,83.0,0.0,0.0,4900.0,0.15
2026-03-23T01:00Z,1,82,11.8,88.0,0.0,0.0,5100.0,0.15
2026-03-23T02:00Z,2,82,11.1,89.0,0.0,0.0,5450.0,0.15
2026-03-23T03:00Z,3,82,10.7,90.0,0.0,0.0,5650.0,0.15
2026-03-23T04:00Z,4,82,10.1,93.0,0.0,0.0,5950.0,0.15
2026-03-23T05:00Z,5,82,9.7,96.0,0.0,0.0,6150.0,0.15
2026-03-23T06:00Z,6,82,9.9,98.0,18.0,32.4,6050.0,0.15
2026-03-23T07:00Z,7,82,11.3,91.0,143.0,257.4,5350.0,0.15
2026-03-23T08:00Z,8,82,13.1,83.0,323.0,581.4,4450.0,0.85
2026-03-23T09:00Z,9,82,14.6,75.0,468.0,842.4,3700.0,0.85
2026-03-23T10:00Z,10,82,15.5,70.0,596.0,1072.8,3250.0,0.85
2026-03-23T11:00Z,11,82,16.1,66.0,609.0,1096.2,2950.0,0.85
2026-03-23T12:00Z,12,82,16.3,62.0,635.0,1143.0,2850.0,0.85
2026-03-23T13:00Z,13,82,16.7,58.0,629.0,1132.2,2650.0,0.85
2026-03-23T14:00Z,14,82,16.4,59.0,524.0,943.2,2800.0,0.85
2026-03-23T15:00Z,15,82,15.2,64.0,453.0,815.4,3400.0,0.85
2026-03-23T16:00Z,16,82,13.4,78.0,224.0,403.2,4300.0,0.85
2026-03-23T17:00Z,17,82,13.3,78.0,102.0,183.6,4350.0,0.85
2026-03-23T18:00Z,18,82,12.7,83.0,10.0,18.0,4650.0,0.15
2026-03-23T19:00Z,19,82,12.0,89.0,0.0,0.0,5000.0,0.15
2026-03-23T20:00Z,20,82,11.4,90.0,0.0,0.0,5300.0,0.15
2026-03-23T21:00Z,21,82,10.9,88.0,0.0,0.0,5550.0,0.15
2026-03-23T22:00Z,22,82,10.5,89.0,0.0,0.0,5750.0,0.15
2026-03-23T23:00Z,23,82,10.1,89.0,0.0,0.0,5950.0,0.15
2026-03-24T00:00Z,0,83,9.7,90.0,0.0,0.0,6150.0,0.15
2026-03-24T01:00Z,1,83,9.3,91.0,0.0,0.0,6350.0,0.15
2026-03-24T02:00Z,2,83,9.1,92.0,0.0,0.0,6450.0,0.15
2026-03-24T03:00Z,3,83,9.2,92.0,0.0,0.0,6400.0,0.15
2026-03-24T04:00Z,4,83,9.1,93.0,0.0,0.0,6450.0,0.15
2026-03-24T05:00Z,5,83,8.8,94.0,0.0,0.0,6600.0,0.15
2026-03-24T06:00Z,6,83,9.4,93.0,18.0,32.4,6300.0,0.15
2026-03-24T07:00Z,7,83,11.1,86.0,150.0,270.0,5450.0,0.15
2026-03-24T08:00Z,8,83,12.4,79.0,289.0,520.2,4800.0,0.85
2026-03-24T09:00Z,9,83,14.1,69.0,493.0,887.4,3950.0,0.85
2026-03-24T10:00Z,10,83,14.8,68.0,623.0,1121.4,3600.0,0.85
2026-03-24T11:00Z,11,83,15.1,66.0,716.0,1288.8,3450.0,0.85
2026-03-24T12:00Z,12,83,15.7,57.0,696.0,1252.8,3150.0,0.85
2026-03-24T13:00Z,13,83,16.1,54.0,693.0,1247.4,2950.0,0.85
2026-03-24T14:00Z,14,83,15.9,51.0,623.0,1121.4,3050.0,0.85
2026-03-24T15:00Z,15,83,15.4,52.0,494.0,889.2,3300.0,0.85
2026-03-24T16:00Z,16,83,14.8,55.0,320.0,576.0,3600.0,0.85
2026-03-24T17:00Z,17,83,13.8,62.0,129.0,232.2,4100.0,0.85
2026-03-24T18:00Z,18,83,12.8,68.0,12.0,21.6,4600.0,0.15
2026-03-24T19:00Z,19,83,11.6,73.0,0.0,0.0,5200.0,0.15
2026-03-24T20:00Z,20,83,11.1,75.0,0.0,0.0,5450.0,0.15
2026-03-24T21:00Z,21,83,10.8,76.0,0.0,0.0,5600.0,0.15
2026-03-24T22:00Z,22,83,10.6,75.0,0.0,0.0,5700.0,0.15
2026-03-24T23:00Z,23,83,10.3,75.0,0.0,0.0,5850.0,0.15
2026-03-25T00:00Z,0,84,10.1,81.0,0.0,0.0,5950.0,0.15
2026-03-25T01:00Z,1,84,9.6,83.0,0.0,0.0,6200.0,0.15
2026-03-25T02:00Z,2,84,9.8,82.0,0.0,0.0,6100.0,0.15
2026-03-25T03:00Z,3,84,9.8,83.0,0.0,0.0,6100.0,0.15
2026-03-25T04:00Z,4,84,9.6,85.0,0.0,0.0,6200.0,0.15
2026-03-25T05:00Z,5,84,9.4,87.0,0.0,0.0,6300.0,0.15
2026-03-25T06:00Z,6,84,10.0,85.0,22.0,39.6,6000.0,0.15
2026-03-25T07:00Z,7,84,11.6,83.0,169.0,304.2,5200.0,0.15
2026-03-25T08:00Z,8,84,13.8,76.0,370.0,666.0,4100.0,0.85
2026-03-25T09:00Z,9,84,15.4,64.0,565.0,1017.0,3300.0,0.85
2026-03-25T10:00Z,10,84,16.4,58.0,708.0,1274.4,2800.0,0.85
2026-03-25T11:00Z,11,84,17.2,52.0,766.0,1378.8,2400.0,0.85
2026-03-25T12:00Z,12,84,17.2,51.0,578.0,1040.4,2400.0,0.85
2026-03-25T13:00Z,13,84,17.4,51.0,527.0,948.6,2300.0,0.85
2026-03-25T14:00Z,14,84,17.1,54.0,489.0,880.2,2450.0,0.85
2026-03-25T15:00Z,15,84,16.9,55.0,452.0,813.6,2550.0,0.85
2026-03-25T16:00Z,16,84,16.5,54.0,325.0,585.0,2750.0,0.85
2026-03-25T17:00Z,17,84,15.2,62.0,143.0,257.4,3400.0,0.85
2026-03-25T18:00Z,18,84,13.7,70.0,13.0,23.4,4150.0,0.15
2026-03-25T19:00Z,19,84,12.6,73.0,0.0,0.0,4700.0,0.15
2026-03-25T20:00Z,20,84,11.4,79.0,0.0,0.0,5300.0,0.15
2026-03-25T21:00Z,21,84,10.4,83.0,0.0,0.0,5800.0,0.15
2026-03-25T22:00Z,22,84,10.1,85.0,0.0,0.0,5950.0,0.15
2026-03-25T23:00Z,23,84,9.4,86.0,0.0,0.0,6300.0,0.15
2026-03-26T00:00Z,0,85,9.2,87.0,0.0,0.0,6400.0,0.15
2026-03-26T01:00Z,1,85,8.8,86.0,0.0,0.0,6600.0,0.15
2026-03-26T02:00Z,2,85,8.5,88.0,0.0,0.0,6750.0,0.15
2026-03-26T03:00Z,3,85,8.1,90.0,0.0,0.0,6950.0,0.15
2026-03-26T04:00Z,4,85,7.8,90.0,0.0,0.0,7100.0,0.15
2026-03-26T05:00Z,5,85,7.5,87.0,0.0,0.0,7250.0,0.15
2026-03-26T06:00Z,6,85,9.6,82.0,24.0,43.2,6200.0,0.15
2026-03-26T07:00Z,7,85,11.6,78.0,172.0,309.6,5200.0,0.15
2026-03-26T08:00Z,8,85,14.1,70.0,369.0,664.2,3950.0,0.85
2026-03-26T09:00Z,9,85,14.8,66.0,531.0,955.8,3600.0,0.85
2026-03-26T10:00Z,10,85,14.6,68.0,535.0,963.0,3700.0,0.85
2026-03-26T11:00Z,11,85,14.3,69.0,585.0,1053.0,3850.0,0.85
2026-03-26T12:00Z,12,85,14.2,66.0,594.0,1069.2,3900.0,0.85
2026-03-26T13:00Z,13,85,13.1,63.0,190.0,342.0,4450.0,0.85
2026-03-26T14:00Z,14,85,13.2,61.0,298.0,536.4,4400.0,0.85
2026-03-26T15:00Z,15,85,12.6,60.0,211.0,379.8,4700.0,0.85
2026-03-26T16:00Z,16,85,12.4,61.0,160.0,288.0,4800.0,0.85
2026-03-26T17:00Z,17,85,11.9,59.0,142.0,255.6,5050.0,0.85
2026-03-26T18:00Z,18,85,11.1,58.0,12.0,21.6,5450.0,0.15
2026-03-26T19:00Z,19,85,10.9,59.0,0.0,0.0,5550.0,0.15
2026-03-26T20:00Z,20,85,10.9,57.0,0.0,0.0,5550.0,0.15
2026-03-26T21:00Z,21,85,10.6,56.0,0.0,0.0,5700.0,0.15
2026-03-26T22:00Z,22,85,10.5,53.0,0.0,0.0,5750.0,0.15
2026-03-26T23:00Z,23,85,10.2,51.0,0.0,0.0,5900.0,0.15
2026-03-27T00:00Z,0,86,10.1,55.0,0.0,0.0,5950.0,0.15
2026-03-27T01:00Z,1,86,9.6,61.0,0.0,0.0,6200.0,0.15
2026-03-27T02:00Z,2,86,9.2,61.0,0.0,0.0,6400.0,0.15
2026-03-27T03:00Z,3,86,9.2,60.0,0.0,0.0,6400.0,0.15
2026-03-27T04:00Z,4,86,9.4,55.0,0.0,0.0,6300.0,0.15
2026-03-27T05:00Z,5,86,9.1,59.0,0.0,0.0,6450.0,0.15
2026-03-27T06:00Z,6,86,9.5,64.0,26.0,46.8,6250.0,0.15
2026-03-27T07:00Z,7,86,10.6,62.0,166.0,298.8,5700.0,0.15
2026-03-27T08:00Z,8,86,11.9,55.0,354.0,637.2,5050.0,0.85
2026-03-27T09:00Z,9,86,12.6,53.0,527.0,948.6,4700.0,0.85
2026-03-27T10:00Z,10,86,13.2,46.0,651.0,1171.8,4400.0,0.85
2026-03-27T11:00Z,11,86,13.6,46.0,747.0,1344.6,4200.0,0.85
2026-03-27T12:00Z,12,86,13.2,45.0,733.0,1319.4,4400.0,0.85
2026-03-27T13:00Z,13,86,12.9,45.0,718.0,1292.4,4550.0,0.85
2026-03-27T14:00Z,14,86,12.1,50.0,512.0,921.6,4950.0,0.85
2026-03-27T15:00Z,15,86,11.4,53.0,454.0,817.2,5300.0,0.85
2026-03-27T16:00Z,16,86,10.8,60.0,266.0,478.8,5600.0,0.85
2026-03-27T17:00Z,17,86,9.8,65.0,108.0,194.4,6100.0,0.85
2026-03-27T18:00Z,18,86,9.3,69.0,12.0,21.6,6350.0,0.15
2026-03-27T19:00Z,19,86,8.9,69.0,0.0,0.0,6550.0,0.15
2026-03-27T20:00Z,20,86,8.6,72.0,0.0,0.0,6700.0,0.15
2026-03-27T21:00Z,21,86,8.5,74.0,0.0,0.0,6750.0,0.15
2026-03-27T22:00Z,22,86,8.2,75.0,0.0,0.0,6900.0,0.15
2026-03-27T23:00Z,23,86,7.8,78.0,0.0,0.0,7100.0,0.15
2026-03-28T00:00Z,0,87,7.8,83.0,0.0,0.0,7100.0,0.15
2026-03-28T01:00Z,1,87,7.7,82.0,0.0,0.0,7150.0,0.15
2026-03-28T02:00Z,2,87,7.7,81.0,0.0,0.0,7150.0,0.15
2026-03-28T03:00Z,3,87,7.5,82.0,0.0,0.0,7250.0,0.15
2026-03-28T04:00Z,4,87,7.6,83.0,0.0,0.0,7200.0,0.15
2026-03-28T05:00Z,5,87,8.2,77.0,0.0,0.0,6900.0,0.15
2026-03-28T06:00Z,6,87,9.8,68.0,26.0,46.8,6100.0,0.15
2026-03-28T07:00Z,7,87,11.2,68.0,170.0,306.0,5400.0,0.15
2026-03-28T08:00Z,8,87,12.9,66.0,339.0,610.2,4550.0,0.15
2026-03-28T09:00Z,9,87,13.9,55.0,468.0,842.4,4050.0,0.15
2026-03-28T10:00Z,10,87,15.0,49.0,691.0,1243.8,3500.0,0.15
2026-03-28T11:00Z,11,87,15.8,43.0,788.0,1418.4,3100.0,0.15
2026-03-28T12:00Z,12,87,16.1,42.0,602.0,1083.6,2950.0,0.15
2026-03-28T13:00Z,13,87,15.1,51.0,593.0,1067.4,3450.0,0.15
2026-03-28T14:00Z,14,87,14.5,52.0,382.0,687.6,3750.0,0.15
2026-03-28T15:00Z,15,87,14.2,53.0,362.0,651.6,3900.0,0.15
2026-03-28T16:00Z,16,87,13.8,52.0,289.0,520.2,4100.0,0.15
2026-03-28T17:00Z,17,87,12.8,59.0,115.0,207.0,4600.0,0.15
2026-03-28T18:00Z,18,87,11.6,65.0,15.0,27.0,5200.0,0.15
2026-03-28T19:00Z,19,87,10.8,70.0,0.0,0.0,5600.0,0.15
2026-03-28T20:00Z,20,87,10.6,69.0,0.0,0.0,5700.0,0.15
2026-03-28T21:00Z,21,87,10.0,72.0,0.0,0.0,6000.0,0.15
2026-03-28T22:00Z,22,87,9.6,74.0,0.0,0.0,6200.0,0.15
2026-03-28T23:00Z,23,87,9.2,77.0,0.0,0.0,6400.0,0.15
2026-03-29T00:00Z,0,88,9.2,79.0,0.0,0.0,6400.0,0.15
2026-03-29T01:00Z,1,88,8.6,83.0,0.0,0.0,6700.0,0.15
2026-03-29T02:00Z,2,88,9.3,81.0,0.0,0.0,6350.0,0.15
2026-03-29T03:00Z,3,88,9.6,83.0,0.0,0.0,6200.0,0.15
2026-03-29T04:00Z,4,88,10.1,84.0,0.0,0.0,5950.0,0.15
2026-03-29T05:00Z,5,88,10.2,86.0,0.0,0.0,5900.0,0.15
2026-03-29T06:00Z,6,88,10.2,90.0,17.0,30.6,5900.0,0.15
2026-03-29T07:00Z,7,88,11.1,87.0,82.0,147.6,5450.0,0.15
2026-03-29T08:00Z,8,88,11.7,86.0,130.0,234.0,5150.0,0.15
2026-03-29T09:00Z,9,88,13.6,75.0,314.0,565.2,4200.0,0.15
2026-03-29T10:00Z,10,88,15.4,61.0,524.0,943.2,3300.0,0.15
2026-03-29T11:00Z,11,88,16.3,54.0,686.0,1234.8,2850.0,0.15
2026-03-29T12:00Z,12,88,16.4,51.0,655.0,1179.0,2800.0,0.15
2026-03-29T13:00Z,13,88,16.1,53.0,462.0,831.6,2950.0,0.15
2026-03-29T14:00Z,14,88,15.5,56.0,395.0,711.0,3250.0,0.15
2026-03-29T15:00Z,15,88,15.0,59.0,283.0,509.4,3500.0,0.15
2026-03-29T16:00Z,16,88,14.8,60.0,170.0,306.0,3600.0,0.15
2026-03-29T17:00Z,17,88,13.5,68.0,58.0,104.4,4250.0,0.15
2026-03-29T18:00Z,18,88,13.0,70.0,14.0,25.2,4500.0,0.15
2026-03-29T19:00Z,19,88,12.3,73.0,0.0,0.0,4850.0,0.15
2026-03-29T20:00Z,20,88,11.4,78.0,0.0,0.0,5300.0,0.15
2026-03-29T21:00Z,21,88,11.1,80.0,0.0,0.0,5450.0,0.15
2026-03-29T22:00Z,22,88,10.9,80.0,0.0,0.0,5550.0,0.15
2026-03-29T23:00Z,23,88,10.9,80.0,0.0,0.0,5550.0,0.15
2026-03-30T00:00Z,0,89,10.6,80.0,0.0,0.0,5700.0,0.15
2026-03-30T01:00Z,1,89,9.6,86.0,0.0,0.0,6200.0,0.15
2026-03-30T02:00Z,2,89,9.1,89.0,0.0,0.0,6450.0,0.15
2026-03-30T03:00Z,3,89,8.6,91.0,0.0,0.0,6700.0,0.15
2026-03-30T04:00Z,4,89,8.2,92.0,0.0,0.0,6900.0,0.15
2026-03-30T05:00Z,5,89,8.1,91.0,0.0,0.0,6950.0,0.15
2026-03-30T06:00Z,6,89,9.1,89.0,32.0,57.6,6450.0,0.15
2026-03-30T07:00Z,7,89,10.9,84.0,187.0,336.6,5550.0,0.15
2026-03-30T08:00Z,8,89,13.1,77.0,386.0,694.8,4450.0,0.85
2026-03-30T09:00Z,9,89,15.1,65.0,577.0,1038.6,3450.0,0.85
2026-03-30T10:00Z,10,89,16.0,56.0,667.0,1200.6,3000.0,0.85
2026-03-30T11:00Z,11,89,16.3,56.0,710.0,1278.0,2850.0,0.85
2026-03-30T12:00Z,12,89,15.6,62.0,583.0,1049.4,3200.0,0.85
2026-03-30T13:00Z,13,89,16.5,58.0,625.0,1125.0,2750.0,0.85
2026-03-30T14:00Z,14,89,16.5,57.0,535.0,963.0,2750.0,0.85
2026-03-30T15:00Z,15,89,15.1,67.0,340.0,612.0,3450.0,0.85
2026-03-30T16:00Z,16,89,15.0,65.0,291.0,523.8,3500.0,0.85
2026-03-30T17:00Z,17,89,13.9,72.0,136.0,244.8,4050.0,0.85
2026-03-30T18:00Z,18,89,13.2,75.0,15.0,27.0,4400.0,0.15
2026-03-30T19:00Z,19,89,12.7,76.0,0.0,0.0,4650.0,0.15
2026-03-30T20:00Z,20,89,11.9,77.0,0.0,0.0,5050.0,0.15
2026-03-30T21:00Z,21,89,11.6,79.0,0.0,0.0,5200.0,0.15
2026-03-30T22:00Z,22,89,11.6,78.0,0.0,0.0,5200.0,0.15
2026-03-30T23:00Z,23,89,11.6,75.0,0.0,0.0,5200.0,0.15
2026-03-31T00:00Z,0,90,11.4,76.0,0.0,0.0,5300.0,0.15
2026-03-31T01:00Z,1,90,11.1,81.0,0.0,0.0,5450.0,0.15
2026-03-31T02:00Z,2,90,11.2,82.0,0.0,0.0,5400.0,0.15
2026-03-31T03:00Z,3,90,11.2,80.0,0.0,0.0,5400.0,0.15
2026-03-31T04:00Z,4,90,11.1,78.0,0.0,0.0,5450.0,0.15
2026-03-31T05:00Z,5,90,10.6,82.0,0.0,0.0,5700.0,0.15
2026-03-31T06:00Z,6,90,10.3,89.0,15.0,27.0,5850.0,0.15
2026-03-31T07:00Z,7,90,10.8,84.0,86.0,154.8,5600.0,0.15
2026-03-31T08:00Z,8,90,11.7,79.0,312.0,561.6,5150.0,0.85
2026-03-31T09:00Z,9,90,11.1,80.0,238.0,428.4,5450.0,0.85
2026-03-31T10:00Z,10,90,12.6,72.0,463.0,833.4,4700.0,0.85
2026-03-31T11:00Z,11,90,12.8,66.0,638.0,1148.4,4600.0,0.85
2026-03-31T12:00Z,12,90,12.2,67.0,733.0,1319.4,4900.0,0.85
2026-03-31T13:00Z,13,90,11.9,63.0,679.0,1222.2,5050.0,0.85
2026-03-31T14:00Z,14,90,12.2,60.0,562.0,1011.6,4900.0,0.85
2026-03-31T15:00Z,15,90,12.6,58.0,507.0,912.6,4700.0,0.85
2026-03-31T16:00Z,16,90,11.4,65.0,288.0,518.4,5300.0,0.85
2026-03-31T17:00Z,17,90,10.6,66.0,139.0,250.2,5700.0,0.85
2026-03-31T18:00Z,18,90,8.8,78.0,18.0,32.4,6600.0,0.15
2026-03-31T19:00Z,19,90,8.3,80.0,0.0,0.0,6850.0,0.15
2026-03-31T20:00Z,20,90,7.8,83.0,0.0,0.0,7100.0,0.15
2026-03-31T21:00Z,21,90,8.4,77.0,0.0,0.0,6800.0,0.15
2026-03-31T22:00Z,22,90,8.1,76.0,0.0,0.0,6950.0,0.15
2026-03-31T23:00Z,23,90,8.6,73.0,0.0,0.0,6700.0,0.15
2026-04-01T00:00Z,0,91,8.0,78.0,0.0,0.0,7000.0,0.15
2026-04-01T01:00Z,1,91,8.8,69.0,0.0,0.0,6600.0,0.15
2026-04-01T02:00Z,2,91,9.1,63.0,0.0,0.0,6450.0,0.15
2026-04-01T03:00Z,3,91,9.2,61.0,0.0,0.0,6400.0,0.15
2026-04-01T04:00Z,4,91,9.2,65.0,0.0,0.0,6400.0,0.15
2026-04-01T05:00Z,5,91,9.1,67.0,0.0,0.0,6450.0,0.15
2026-04-01T06:00Z,6,91,8.9,75.0,24.0,43.2,6550.0,0.15
2026-04-01T07:00Z,7,91,9.6,77.0,88.0,158.4,6200.0,0.15
2026-04-01T08:00Z,8,91,9.4,80.0,149.0,268.2,6300.0,0.85
2026-04-01T09:00Z,9,91,10.2,79.0,306.0,550.8,5900.0,0.85
2026-04-01T10:00Z,10,91,9.6,84.0,75.0,135.0,6200.0,0.85
2026-04-01T11:00Z,11,91,9.8,85.0,106.0,190.8,6100.0,0.85
2026-04-01T12:00Z,12,91,10.3,83.0,154.0,277.2,5850.0,0.85
2026-04-01T13:00Z,13,91,12.1,75.0,582.0,1047.6,4950.0,0.85
2026-04-01T14:00Z,14,91,11.5,80.0,447.0,804.6,5250.0,0.85
2026-04-01T15:00Z,15,91,11.0,85.0,323.0,581.4,5500.0,0.85
2026-04-01T16:00Z,16,91,10.2,83.0,97.0,174.6,5900.0,0.85
2026-04-01T17:00Z,17,91,10.0,83.0,39.0,70.2,6000.0,0.85
2026-04-01T18:00Z,18,91,9.4,85.0,3.0,5.4,6300.0,0.15
2026-04-01T19:00Z,19,91,9.6,86.0,0.0,0.0,6200.0,0.15
2026-04-01T20:00Z,20,91,9.6,84.0,0.0,0.0,6200.0,0.15
2026-04-01T21:00Z,21,91,9.1,85.0,0.0,0.0,6450.0,0.15
2026-04-01T22:00Z,22,91,9.4,84.0,0.0,0.0,6300.0,0.15
2026-04-01T23:00Z,23,91,9.8,81.0,0.0,0.0,6100.0,0.15
2026-04-02T00:00Z,0,92,9.7,79.0,0.0,0.0,6150.0,0.15
2026-04-02T01:00Z,1,92,9.9,77.0,0.0,0.0,6050.0,0.15
2026-04-02T02:00Z,2,92,9.4,80.0,0.0,0.0,6300.0,0.15
2026-04-02T03:00Z,3,92,9.1,83.0,0.0,0.0,6450.0,0.15
2026-04-02T04:00Z,4,92,9.1,83.0,0.0,0.0,6450.0,0.15
2026-04-02T05:00Z,5,92,9.1,84.0,0.0,0.0,6450.0,0.15
2026-04-02T06:00Z,6,92,9.4,82.0,37.0,66.6,6300.0,0.15
2026-04-02T07:00Z,7,92,10.4,79.0,169.0,304.2,5800.0,0.15
2026-04-02T08:00Z,8,92,11.7,75.0,309.0,556.2,5150.0,0.85
2026-04-02T09:00Z,9,92,12.8,73.0,465.0,837.0,4600.0,0.85
2026-04-02T10:00Z,10,92,13.8,70.0,576.0,1036.8,4100.0,0.85
2026-04-02T11:00Z,11,92,14.5,65.0,698.0,1256.4,3750.0,0.85
2026-04-02T12:00Z,12,92,13.2,67.0,762.0,1371.6,4400.0,0.85
2026-04-02T13:00Z,13,92,12.8,72.0,540.0,972.0,4600.0,0.85
2026-04-02T14:00Z,14,92,14.4,66.0,512.0,921.6,3800.0,0.85
2026-04-02T15:00Z,15,92,13.9,62.0,474.0,853.2,4050.0,0.85
2026-04-02T16:00Z,16,92,12.6,69.0,258.0,464.4,4700.0,0.85
2026-04-02T17:00Z,17,92,11.1,79.0,102.0,183.6,5450.0,0.85
2026-04-02T18:00Z,18,92,11.5,80.0,9.0,16.2,5250.0,0.15
2026-04-02T19:00Z,19,92,10.9,80.0,0.0,0.0,5550.0,0.15
2026-04-02T20:00Z,20,92,10.6,82.0,0.0,0.0,5700.0,0.15
2026-04-02T21:00Z,21,92,10.9,78.0,0.0,0.0,5550.0,0.15
2026-04-02T22:00Z,22,92,11.2,74.0,0.0,0.0,5400.0,0.15
2026-04-02T23:00Z,23,92,11.5,74.0,0.0,0.0,5250.0,0.15
2026-04-03T00:00Z,0,93,11.2,70.0,0.0,0.0,5400.0,0.15
2026-04-03T01:00Z,1,93,10.7,71.0,0.0,0.0,5650.0,0.15
2026-04-03T02:00Z,2,93,10.1,75.0,0.0,0.0,5950.0,0.15
2026-04-03T03:00Z,3,93,10.1,79.0,0.0,0.0,5950.0,0.15
2026-04-03T04:00Z,4,93,10.1,79.0,0.0,0.0,5950.0,0.15
2026-04-03T05:00Z,5,93,10.6,78.0,0.0,0.0,5700.0,0.15
2026-04-03T06:00Z,6,93,11.4,73.0,37.0,66.6,5300.0,0.15
2026-04-03T07:00Z,7,93,12.7,68.0,165.0,297.0,4650.0,0.15
2026-04-03T08:00Z,8,93,13.6,70.0,294.0,529.2,4200.0,0.85
2026-04-03T09:00Z,9,93,13.6,69.0,266.0,478.8,4200.0,0.85
2026-04-03T10:00Z,10,93,15.6,59.0,554.0,997.2,3200.0,0.85
2026-04-03T11:00Z,11,93,15.2,57.0,525.0,945.0,3400.0,0.85
2026-04-03T12:00Z,12,93,15.4,62.0,487.0,876.6,3300.0,0.85
2026-04-03T13:00Z,13,93,15.3,66.0,513.0,923.4,3350.0,0.85
2026-04-03T14:00Z,14,93,14.4,69.0,372.0,669.6,3800.0,0.85
2026-04-03T15:00Z,15,93,14.0,67.0,282.0,507.6,4000.0,0.85
2026-04-03T16:00Z,16,93,13.2,75.0,165.0,297.0,4400.0,0.85
2026-04-03T17:00Z,17,93,12.2,84.0,108.0,194.4,4900.0,0.85
2026-04-03T18:00Z,18,93,12.2,83.0,13.0,23.4,4900.0,0.15
2026-04-03T19:00Z,19,93,11.9,84.0,0.0,0.0,5050.0,0.15
2026-04-03T20:00Z,20,93,12.1,86.0,0.0,0.0,4950.0,0.15
2026-04-03T21:00Z,21,93,11.9,88.0,0.0,0.0,5050.0,0.15
2026-04-03T22:00Z,22,93,11.9,87.0,0.0,0.0,5050.0,0.15
2026-04-03T23:00Z,23,93,11.6,88.0,0.0,0.0,5200.0,0.15
2026-04-04T00:00Z,0,94,12.1,89.0,0.0,0.0,4950.0,0.15
2026-04-04T01:00Z,1,94,11.9,91.0,0.0,0.0,5050.0,0.15
2026-04-04T02:00Z,2,94,12.2,89.0,0.0,0.0,4900.0,0.15
2026-04-04T03:00Z,3,94,12.1,90.0,0.0,0.0,4950.0,0.15
2026-04-04T04:00Z,4,94,11.8,89.0,0.0,0.0,5100.0,0.15
2026-04-04T05:00Z,5,94,11.8,89.0,0.0,0.0,5100.0,0.15
2026-04-04T06:00Z,6,94,12.3,88.0,43.0,77.4,4850.0,0.15
2026-04-04T07:00Z,7,94,13.9,83.0,206.0,370.8,4050.0,0.15
2026-04-04T08:00Z,8,94,15.6,78.0,405.0,729.0,3200.0,0.15
2026-04-04T09:00Z,9,94,17.0,68.0,586.0,1054.8,2500.0,0.15
2026-04-04T10:00Z,10,94,18.0,59.0,726.0,1306.8,2000.0,0.15
2026-04-04T11:00Z,11,94,18.5,55.0,803.0,1445.4,1750.0,0.15
2026-04-04T12:00Z,12,94,18.8,56.0,825.0,1485.0,1600.0,0.15
2026-04-04T13:00Z,13,94,18.5,55.0,769.0,1384.2,1750.0,0.15
2026-04-04T14:00Z,14,94,18.0,54.0,650.0,1170.0,2000.0,0.15
2026-04-04T15:00Z,15,94,17.5,57.0,460.0,828.0,2250.0,0.15
2026-04-04T16:00Z,16,94,16.7,65.0,353.0,635.4,2650.0,0.15
2026-04-04T17:00Z,17,94,15.4,74.0,157.0,282.6,3300.0,0.15
2026-04-04T18:00Z,18,94,14.2,79.0,21.0,37.8,3900.0,0.15
2026-04-04T19:00Z,19,94,13.4,83.0,0.0,0.0,4300.0,0.15
2026-04-04T20:00Z,20,94,12.9,86.0,0.0,0.0,4550.0,0.15
2026-04-04T21:00Z,21,94,12.6,89.0,0.0,0.0,4700.0,0.15
2026-04-04T22:00Z,22,94,12.2,91.0,0.0,0.0,4900.0,0.15
2026-04-04T23:00Z,23,94,11.9,92.0,0.0,0.0,5050.0,0.15
2026-04-05T00:00Z,0,95,11.4,94.0,0.0,0.0,5300.0,0.15
2026-04-05T01:00Z,1,95,10.9,94.0,0.0,0.0,5550.0,0.15
2026-04-05T02:00Z,2,95,10.6,94.0,0.0,0.0,5700.0,0.15
2026-04-05T03:00Z,3,95,10.2,94.0,0.0,0.0,5900.0,0.15
2026-04-05T04:00Z,4,95,9.9,95.0,0.0,0.0,6050.0,0.15
2026-04-05T05:00Z,5,95,9.8,95.0,0.0,0.0,6100.0,0.15
2026-04-05T06:00Z,6,95,10.7,94.0,46.0,82.8,5650.0,0.15
2026-04-05T07:00Z,7,95,12.9,88.0,198.0,356.4,4550.0,0.15
2026-04-05T08:00Z,8,95,15.0,76.0,380.0,684.0,3500.0,0.15
2026-04-05T09:00Z,9,95,16.4,68.0,446.0,802.8,2800.0,0.15
2026-04-05T10:00Z,10,95,17.8,60.0,584.0,1051.2,2100.0,0.15
2026-04-05T11:00Z,11,95,19.0,52.0,711.0,1279.8,1500.0,0.15
2026-04-05T12:00Z,12,95,19.7,50.0,763.0,1373.4,1150.0,0.15
2026-04-05T13:00Z,13,95,20.4,45.0,755.0,1359.0,800.0,0.15
2026-04-05T14:00Z,14,95,20.1,48.0,634.0,1141.2,950.0,0.15
2026-04-05T15:00Z,15,95,19.7,52.0,514.0,925.2,1150.0,0.15
2026-04-05T16:00Z,16,95,18.6,59.0,347.0,624.6,1700.0,0.15
2026-04-05T17:00Z,17,95,17.1,68.0,163.0,293.4,2450.0,0.15
2026-04-05T18:00Z,18,95,15.6,76.0,23.0,41.4,3200.0,0.15
2026-04-05T19:00Z,19,95,14.2,83.0,0.0,0.0,3900.0,0.15
2026-04-05T20:00Z,20,95,13.1,87.0,0.0,0.0,4450.0,0.15
2026-04-05T21:00Z,21,95,12.4,88.0,0.0,0.0,4800.0,0.15
2026-04-05T22:00Z,22,95,11.7,90.0,0.0,0.0,5150.0,0.15
2026-04-05T23:00Z,23,95,11.1,92.0,0.0,0.0,5450.0,0.15
2026-04-06T00:00Z,0,96,10.3,96.0,0.0,0.0,5850.0,0.15
2026-04-06T01:00Z,1,96,9.4,98.0,0.0,0.0,6300.0,0.15
2026-04-06T02:00Z,2,96,9.2,97.0,0.0,0.0,6400.0,0.15
2026-04-06T03:00Z,3,96,8.9,95.0,0.0,0.0,6550.0,0.15
2026-04-06T04:00Z,4,96,8.8,93.0,0.0,0.0,6600.0,0.15
2026-04-06T05:00Z,5,96,8.6,92.0,0.0,0.0,6700.0,0.15
2026-04-06T06:00Z,6,96,9.5,90.0,51.0,91.8,6250.0,0.15
2026-04-06T07:00Z,7,96,11.1,88.0,221.0,397.8,5450.0,0.15
2026-04-06T08:00Z,8,96,13.9,82.0,422.0,759.6,4050.0,0.85
2026-04-06T09:00Z,9,96,17.0,67.0,608.0,1094.4,2500.0,0.85
2026-04-06T10:00Z,10,96,19.0,54.0,752.0,1353.6,1500.0,0.85
2026-04-06T11:00Z,11,96,20.4,49.0,840.0,1512.0,800.0,0.85
2026-04-06T12:00Z,12,96,21.0,48.0,864.0,1555.2,500.0,0.85
2026-04-06T13:00Z,13,96,21.8,48.0,822.0,1479.6,100.0,0.85
2026-04-06T14:00Z,14,96,21.6,51.0,718.0,1292.4,200.0,0.85
2026-04-06T15:00Z,15,96,20.9,57.0,560.0,1008.0,550.0,0.85
2026-04-06T16:00Z,16,96,19.6,63.0,367.0,660.6,1200.0,0.85
2026-04-06T17:00Z,17,96,18.2,68.0,168.0,302.4,1900.0,0.85
2026-04-06T18:00Z,18,96,16.4,79.0,24.0,43.2,2800.0,0.15
2026-04-06T19:00Z,19,96,14.9,83.0,0.0,0.0,3550.0,0.15
2026-04-06T20:00Z,20,96,13.9,85.0,0.0,0.0,4050.0,0.15
2026-04-06T21:00Z,21,96,13.1,87.0,0.0,0.0,4450.0,0.15
2026-04-06T22:00Z,22,96,12.2,89.0,0.0,0.0,4900.0,0.15
2026-04-06T23:00Z,23,96,11.1,93.0,0.0,0.0,5450.0,0.15
2026-04-07T00:00Z,0,97,10.9,94.0,0.0,0.0,5550.0,0.15
2026-04-07T01:00Z,1,97,9.9,94.0,0.0,0.0,6050.0,0.15
2026-04-07T02:00Z,2,97,9.5,93.0,0.0,0.0,6250.0,0.15
2026-04-07T03:00Z,3,97,9.6,91.0,0.0,0.0,6200.0,0.15
2026-04-07T04:00Z,4,97,9.6,89.0,0.0,0.0,6200.0,0.15
2026-04-07T05:00Z,5,97,9.1,89.0,0.0,0.0,6450.0,0.15
2026-04-07T06:00Z,6,97,10.5,87.0,54.0,97.2,5750.0,0.15
2026-04-07T07:00Z,7,97,12.6,81.0,228.0,410.4,4700.0,0.15
2026-04-07T08:00Z,8,97,16.2,73.0,433.0,779.4,2900.0,0.85
2026-04-07T09:00Z,9,97,19.7,60.0,620.0,1116.0,1150.0,0.85
2026-04-07T10:00Z,10,97,22.3,51.0,765.0,1377.0,150.0,0.85
2026-04-07T11:00Z,11,97,24.0,40.0,851.0,1531.8,1000.0,0.85
2026-04-07T12:00Z,12,97,25.0,33.0,876.0,1576.8,1500.0,0.85
2026-04-07T13:00Z,13,97,25.2,32.0,833.0,1499.4,1600.0,0.85
2026-04-07T14:00Z,14,97,24.6,34.0,728.0,1310.4,1300.0,0.85
2026-04-07T15:00Z,15,97,23.8,37.0,569.0,1024.2,900.0,0.85
2026-04-07T16:00Z,16,97,22.6,41.0,374.0,673.2,300.0,0.85
2026-04-07T17:00Z,17,97,20.4,51.0,172.0,309.6,800.0,0.85
2026-04-07T18:00Z,18,97,18.5,55.0,25.0,45.0,1750.0,0.15
2026-04-07T19:00Z,19,97,16.8,57.0,0.0,0.0,2600.0,0.15
2026-04-07T20:00Z,20,97,15.6,62.0,0.0,0.0,3200.0,0.15
2026-04-07T21:00Z,21,97,15.4,59.0,0.0,0.0,3300.0,0.15
2026-04-07T22:00Z,22,97,14.6,63.0,0.0,0.0,3700.0,0.15
2026-04-07T23:00Z,23,97,14.6,64.0,0.0,0.0,3700.0,0.15
2026-04-08T00:00Z,0,98,14.2,67.0,0.0,0.0,3900.0,0.15
2026-04-08T01:00Z,1,98,13.1,69.0,0.0,0.0,4450.0,0.15
2026-04-08T02:00Z,2,98,12.4,72.0,0.0,0.0,4800.0,0.15
2026-04-08T03:00Z,3,98,11.9,71.0,0.0,0.0,5050.0,0.15
2026-04-08T04:00Z,4,98,11.2,75.0,0.0,0.0,5400.0,0.15
2026-04-08T05:00Z,5,98,10.8,77.0,0.0,0.0,5600.0,0.15
2026-04-08T06:00Z,6,98,12.1,77.0,56.0,100.8,4950.0,0.15
2026-04-08T07:00Z,7,98,14.2,74.0,226.0,406.8,3900.0,0.15
2026-04-08T08:00Z,8,98,17.6,67.0,416.0,748.8,2200.0,0.85
2026-04-08T09:00Z,9,98,20.6,58.0,607.0,1092.6,700.0,0.85
2026-04-08T10:00Z,10,98,22.9,56.0,750.0,1350.0,450.0,0.85
2026-04-08T11:00Z,11,98,24.6,52.0,830.0,1494.0,1300.0,0.85
2026-04-08T12:00Z,12,98,25.7,45.0,854.0,1537.2,1850.0,0.85
2026-04-08T13:00Z,13,98,26.5,44.0,785.0,1413.0,2250.0,0.85
2026-04-08T14:00Z,14,98,26.2,47.0,611.0,1099.8,2100.0,0.85
2026-04-08T15:00Z,15,98,24.6,55.0,370.0,666.0,1300.0,0.85
2026-04-08T16:00Z,16,98,22.8,60.0,243.0,437.4,400.0,0.85
2026-04-08T17:00Z,17,98,21.0,66.0,134.0,241.2,500.0,0.85
2026-04-08T18:00Z,18,98,19.0,72.0,22.0,39.6,1500.0,0.15
2026-04-08T19:00Z,19,98,17.6,78.0,0.0,0.0,2200.0,0.15
2026-04-08T20:00Z,20,98,16.7,80.0,0.0,0.0,2650.0,0.15
2026-04-08T21:00Z,21,98,15.8,84.0,0.0,0.0,3100.0,0.15
2026-04-08T22:00Z,22,98,14.8,89.0,0.0,0.0,3600.0,0.15
2026-04-08T23:00Z,23,98,14.1,91.0,0.0,0.0,3950.0,0.15
2026-04-09T00:00Z,0,99,13.4,97.0,0.0,0.0,4300.0,0.15
2026-04-09T01:00Z,1,99,12.2,100.0,0.0,0.0,4900.0,0.15
2026-04-09T02:00Z,2,99,12.2,100.0,0.0,0.0,4900.0,0.15
2026-04-09T03:00Z,3,99,12.1,100.0,0.0,0.0,4950.0,0.15
2026-04-09T04:00Z,4,99,11.4,100.0,0.0,0.0,5300.0,0.15
2026-04-09T05:00Z,5,99,10.9,100.0,0.0,0.0,5550.0,0.15
2026-04-09T06:00Z,6,99,11.9,99.0,52.0,93.6,5050.0,0.15
2026-04-09T07:00Z,7,99,14.1,96.0,208.0,374.4,3950.0,0.15
2026-04-09T08:00Z,8,99,17.4,83.0,415.0,747.0,2300.0,0.85
2026-04-09T09:00Z,9,99,20.7,66.0,619.0,1114.2,650.0,0.85
2026-04-09T10:00Z,10,99,23.0,52.0,766.0,1378.8,500.0,0.85
2026-04-09T11:00Z,11,99,24.4,46.0,853.0,1535.4,1200.0,0.85
2026-04-09T12:00Z,12,99,24.9,40.0,877.0,1578.6,1450.0,0.85
2026-04-09T13:00Z,13,99,25.8,39.0,828.0,1490.4,1900.0,0.85
2026-04-09T14:00Z,14,99,25.6,41.0,702.0,1263.6,1800.0,0.85
2026-04-09T15:00Z,15,99,24.9,47.0,565.0,1017.0,1450.0,0.85
2026-04-09T16:00Z,16,99,23.5,52.0,375.0,675.0,750.0,0.85
2026-04-09T17:00Z,17,99,21.6,58.0,175.0,315.0,200.0,0.85
2026-04-09T18:00Z,18,99,19.1,71.0,27.0,48.6,1450.0,0.15
2026-04-09T19:00Z,19,99,17.9,72.0,0.0,0.0,2050.0,0.15
2026-04-09T20:00Z,20,99,16.8,75.0,0.0,0.0,2600.0,0.15
2026-04-09T21:00Z,21,99,15.9,78.0,0.0,0.0,3050.0,0.15
2026-04-09T22:00Z,22,99,15.4,82.0,0.0,0.0,3300.0,0.15
2026-04-09T23:00Z,23,99,15.1,85.0,0.0,0.0,3450.0,0.15
2026-04-10T00:00Z,0,100,15.0,84.0,0.0,0.0,3500.0,0.15
2026-04-10T01:00Z,1,100,13.6,86.0,0.0,0.0,4200.0,0.15
2026-04-10T02:00Z,2,100,12.9,87.0,0.0,0.0,4550.0,0.15
2026-04-10T03:00Z,3,100,12.3,88.0,0.0,0.0,4850.0,0.15
2026-04-10T04:00Z,4,100,12.0,88.0,0.0,0.0,5000.0,0.15
2026-04-10T05:00Z,5,100,11.6,90.0,0.0,0.0,5200.0,0.15
2026-04-10T06:00Z,6,100,12.6,87.0,62.0,111.6,4700.0,0.15
2026-04-10T07:00Z,7,100,14.6,85.0,238.0,428.4,3700.0,0.15
2026-04-10T08:00Z,8,100,18.2,76.0,442.0,795.6,1900.0,0.85
2026-04-10T09:00Z,9,100,21.5,66.0,628.0,1130.4,250.0,0.85
2026-04-10T10:00Z,10,100,23.9,56.0,772.0,1389.6,950.0,0.85
2026-04-10T11:00Z,11,100,25.5,42.0,859.0,1546.2,1750.0,0.85
2026-04-10T12:00Z,12,100,26.7,31.0,880.0,1584.0,2350.0,0.85
2026-04-10T13:00Z,13,100,27.2,30.0,835.0,1503.0,2600.0,0.85
2026-04-10T14:00Z,14,100,26.6,36.0,729.0,1312.2,2300.0,0.85
2026-04-10T15:00Z,15,100,25.7,44.0,571.0,1027.8,1850.0,0.85
2026-04-10T16:00Z,16,100,24.6,48.0,378.0,680.4,1300.0,0.85
2026-04-10T17:00Z,17,100,22.7,52.0,178.0,320.4,350.0,0.85
2026-04-10T18:00Z,18,100,20.2,65.0,28.0,50.4,900.0,0.15
2026-04-10T19:00Z,19,100,18.8,68.0,0.0,0.0,1600.0,0.15
2026-04-10T20:00Z,20,100,17.5,73.0,0.0,0.0,2250.0,0.15
2026-04-10T21:00Z,21,100,16.9,74.0,0.0,0.0,2550.0,0.15
2026-04-10T22:00Z,22,100,15.5,83.0,0.0,0.0,3250.0,0.15
2026-04-10T23:00Z,23,100,14.8,86.0,0.0,0.0,3600.0,0.15
2026-04-11T00:00Z,0,101,14.5,88.0,0.0,0.0,3750.0,0.15
2026-04-11T01:00Z,1,101,13.2,90.0,0.0,0.0,4400.0,0.15
2026-04-11T02:00Z,2,101,13.4,87.0,0.0,0.0,4300.0,0.15
2026-04-11T03:00Z,3,101,12.7,86.0,0.0,0.0,4650.0,0.15
2026-04-11T04:00Z,4,101,12.1,88.0,0.0,0.0,4950.0,0.15
2026-04-11T05:00Z,5,101,11.6,90.0,0.0,0.0,5200.0,0.15
2026-04-11T06:00Z,6,101,13.0,91.0,64.0,115.2,4500.0,0.15
2026-04-11T07:00Z,7,101,15.6,77.0,240.0,432.0,3200.0,0.15
2026-04-11T08:00Z,8,101,19.0,66.0,443.0,797.4,1500.0,0.15
2026-04-11T09:00Z,9,101,21.9,55.0,629.0,1132.2,50.0,0.15
2026-04-11T10:00Z,10,101,24.3,46.0,773.0,1391.4,1150.0,0.15
2026-04-11T11:00Z,11,101,26.0,39.0,856.0,1540.8,2000.0,0.15
2026-04-11T12:00Z,12,101,27.0,29.0,878.0,1580.4,2500.0,0.15
2026-04-11T13:00Z,13,101,27.4,26.0,838.0,1508.4,2700.0,0.15
2026-04-11T14:00Z,14,101,27.0,25.0,733.0,1319.4,2500.0,0.15
2026-04-11T15:00Z,15,101,26.1,27.0,574.0,1033.2,2050.0,0.15
2026-04-11T16:00Z,16,101,24.8,31.0,379.0,682.2,1400.0,0.15
2026-04-11T17:00Z,17,101,22.6,38.0,181.0,325.8,300.0,0.15
2026-04-11T18:00Z,18,101,20.6,44.0,29.0,52.2,700.0,0.15
2026-04-11T19:00Z,19,101,19.4,47.0,0.0,0.0,1300.0,0.15
2026-04-11T20:00Z,20,101,18.5,51.0,0.0,0.0,1750.0,0.15
2026-04-11T21:00Z,21,101,18.0,56.0,0.0,0.0,2000.0,0.15
2026-04-11T22:00Z,22,101,17.8,56.0,0.0,0.0,2100.0,0.15
2026-04-11T23:00Z,23,101,17.1,61.0,0.0,0.0,2450.0,0.15
2026-04-12T00:00Z,0,102,17.2,64.0,0.0,0.0,2400.0,0.15
2026-04-12T01:00Z,1,102,17.5,64.0,0.0,0.0,2250.0,0.15
2026-04-12T02:00Z,2,102,16.8,72.0,0.0,0.0,2600.0,0.15
2026-04-12T03:00Z,3,102,16.8,71.0,0.0,0.0,2600.0,0.15
2026-04-12T04:00Z,4,102,16.9,72.0,0.0,0.0,2550.0,0.15
2026-04-12T05:00Z,5,102,16.9,72.0,0.0,0.0,2550.0,0.15
2026-04-12T06:00Z,6,102,17.9,65.0,36.0,64.8,2050.0,0.15
2026-04-12T07:00Z,7,102,18.5,64.0,49.0,88.2,1750.0,0.15
2026-04-12T08:00Z,8,102,19.4,62.0,128.0,230.4,1300.0,0.15
2026-04-12T09:00Z,9,102,19.9,63.0,150.0,270.0,1050.0,0.15
2026-04-12T10:00Z,10,102,20.2,64.0,127.0,228.6,900.0,0.15
2026-04-12T11:00Z,11,102,21.0,61.0,357.0,642.6,500.0,0.15
2026-04-12T12:00Z,12,102,22.1,59.0,789.0,1420.2,50.0,0.15
2026-04-12T13:00Z,13,102,23.2,56.0,802.0,1443.6,600.0,0.15
2026-04-12T14:00Z,14,102,23.5,55.0,717.0,1290.6,750.0,0.15
2026-04-12T15:00Z,15,102,23.5,55.0,550.0,990.0,750.0,0.15
2026-04-12T16:00Z,16,102,23.0,57.0,302.0,543.6,500.0,0.15
2026-04-12T17:00Z,17,102,21.5,62.0,174.0,313.2,250.0,0.15
2026-04-12T18:00Z,18,102,18.2,88.0,25.0,45.0,1900.0,0.15
2026-04-12T19:00Z,19,102,17.5,93.0,0.0,0.0,2250.0,0.15
2026-04-12T20:00Z,20,102,17.1,73.0,0.0,0.0,2450.0,0.15
2026-04-12T21:00Z,21,102,16.9,72.0,0.0,0.0,2550.0,0.15
2026-04-12T22:00Z,22,102,15.9,81.0,0.0,0.0,3050.0,0.15
2026-04-12T23:00Z,23,102,15.1,86.0,0.0,0.0,3450.0,0.15
2026-04-13T00:00Z,0,103,15.9,79.0,0.0,0.0,3050.0,0.15
2026-04-13T01:00Z,1,103,15.4,79.0,0.0,0.0,3300.0,0.15
2026-04-13T02:00Z,2,103,14.9,82.0,0.0,0.0,3550.0,0.15
2026-04-13T03:00Z,3,103,14.4,83.0,0.0,0.0,3800.0,0.15
2026-04-13T04:00Z,4,103,14.6,79.0,0.0,0.0,3700.0,0.15
2026-04-13T05:00Z,5,103,14.6,77.0,1.0,1.8,3700.0,0.15
2026-04-13T06:00Z,6,103,16.0,72.0,68.0,122.4,3000.0,0.15
2026-04-13T07:00Z,7,103,17.7,67.0,240.0,432.0,2150.0,0.15
2026-04-13T08:00Z,8,103,19.2,61.0,437.0,786.6,1400.0,0.85
2026-04-13T09:00Z,9,103,20.8,55.0,616.0,1108.8,600.0,0.85
2026-04-13T10:00Z,10,103,22.0,50.0,740.0,1332.0,0.0,0.85
2026-04-13T11:00Z,11,103,22.5,50.0,763.0,1373.4,250.0,0.85
2026-04-13T12:00Z,12,103,22.7,47.0,762.0,1371.6,350.0,0.85
2026-04-13T13:00Z,13,103,21.7,52.0,667.0,1200.6,150.0,0.85
2026-04-13T14:00Z,14,103,21.0,58.0,575.0,1035.0,500.0,0.85
2026-04-13T15:00Z,15,103,19.6,62.0,260.0,468.0,1200.0,0.85
2026-04-13T16:00Z,16,103,18.7,67.0,191.0,343.8,1650.0,0.85
2026-04-13T17:00Z,17,103,18.7,65.0,147.0,264.6,1650.0,0.85
2026-04-13T18:00Z,18,103,17.2,75.0,19.0,34.2,2400.0,0.15
2026-04-13T19:00Z,19,103,16.6,80.0,0.0,0.0,2700.0,0.15
2026-04-13T20:00Z,20,103,16.0,87.0,0.0,0.0,3000.0,0.15
2026-04-13T21:00Z,21,103,15.5,95.0,0.0,0.0,3250.0,0.15
2026-04-13T22:00Z,22,103,15.0,98.0,0.0,0.0,3500.0,0.15
2026-04-13T23:00Z,23,103,14.2,98.0,0.0,0.0,3900.0,0.15
2026-04-14T00:00Z,0,104,14.4,92.0,0.0,0.0,3800.0,0.15
2026-04-14T01:00Z,1,104,13.9,94.0,0.0,0.0,4050.0,0.15
2026-04-14T02:00Z,2,104,13.4,94.0,0.0,0.0,4300.0,0.15
2026-04-14T03:00Z,3,104,13.2,95.0,0.0,0.0,4400.0,0.15
2026-04-14T04:00Z,4,104,13.1,95.0,0.0,0.0,4450.0,0.15
2026-04-14T05:00Z,5,104,12.9,96.0,1.0,1.8,4550.0,0.15
2026-04-14T06:00Z,6,104,13.9,92.0,57.0,102.6,4050.0,0.15
2026-04-14T07:00Z,7,104,14.5,87.0,125.0,225.0,3750.0,0.15
2026-04-14T08:00Z,8,104,14.6,83.0,90.0,162.0,3700.0,0.85
2026-04-14T09:00Z,9,104,15.2,84.0,255.0,459.0,3400.0,0.85
2026-04-14T10:00Z,10,104,14.9,86.0,115.0,207.0,3550.0,0.85
2026-04-14T11:00Z,11,104,15.3,85.0,172.0,309.6,3350.0,0.85
2026-04-14T12:00Z,12,104,16.6,75.0,598.0,1076.4,2700.0,0.85
2026-04-14T13:00Z,13,104,16.0,75.0,329.0,592.2,3000.0,0.85
2026-04-14T14:00Z,14,104,15.5,82.0,347.0,624.6,3250.0,0.85
2026-04-14T15:00Z,15,104,14.1,90.0,94.0,169.2,3950.0,0.85
2026-04-14T16:00Z,16,104,14.1,88.0,50.0,90.0,3950.0,0.85
2026-04-14T17:00Z,17,104,14.0,86.0,48.0,86.4,4000.0,0.85
2026-04-14T18:00Z,18,104,13.7,85.0,16.0,28.8,4150.0,0.15
2026-04-14T19:00Z,19,104,13.2,85.0,0.0,0.0,4400.0,0.15
2026-04-14T20:00Z,20,104,13.5,83.0,0.0,0.0,4250.0,0.15
2026-04-14T21:00Z,21,104,13.5,82.0,0.0,0.0,4250.0,0.15
2026-04-14T22:00Z,22,104,13.3,82.0,0.0,0.0,4350.0,0.15
2026-04-14T23:00Z,23,104,13.1,82.0,0.0,0.0,4450.0,0.15
2026-04-15T00:00Z,0,105,13.1,78.0,0.0,0.0,4450.0,0.15
2026-04-15T01:00Z,1,105,12.9,79.0,0.0,0.0,4550.0,0.15
2026-04-15T02:00Z,2,105,12.9,79.0,0.0,0.0,4550.0,0.15
2026-04-15T03:00Z,3,105,13.1,79.0,0.0,0.0,4450.0,0.15
2026-04-15T04:00Z,4,105,12.9,81.0,0.0,0.0,4550.0,0.15
2026-04-15T05:00Z,5,105,12.9,83.0,1.0,1.8,4550.0,0.15
2026-04-15T06:00Z,6,105,13.8,85.0,59.0,106.2,4100.0,0.15
2026-04-15T07:00Z,7,105,14.6,83.0,124.0,223.2,3700.0,0.15
2026-04-15T08:00Z,8,105,14.9,85.0,192.0,345.6,3550.0,0.85
2026-04-15T09:00Z,9,105,16.5,78.0,409.0,736.2,2750.0,0.85
2026-04-15T10:00Z,10,105,17.9,71.0,623.0,1121.4,2050.0,0.85
2026-04-15T11:00Z,11,105,19.0,66.0,752.0,1353.6,1500.0,0.85
2026-04-15T12:00Z,12,105,18.0,73.0,511.0,919.8,2000.0,0.85
2026-04-15T13:00Z,13,105,17.5,75.0,576.0,1036.8,2250.0,0.85
2026-04-15T14:00Z,14,105,17.8,74.0,495.0,891.0,2100.0,0.85
2026-04-15T15:00Z,15,105,16.9,78.0,329.0,592.2,2550.0,0.85
2026-04-15T16:00Z,16,105,16.5,79.0,303.0,545.4,2750.0,0.85
2026-04-15T17:00Z,17,105,15.1,86.0,105.0,189.0,3450.0,0.85
2026-04-15T18:00Z,18,105,14.4,90.0,10.0,18.0,3800.0,0.15
2026-04-15T19:00Z,19,105,14.4,92.0,0.0,0.0,3800.0,0.15
2026-04-15T20:00Z,20,105,14.1,93.0,0.0,0.0,3950.0,0.15
2026-04-15T21:00Z,21,105,14.1,91.0,0.0,0.0,3950.0,0.15
2026-04-15T22:00Z,22,105,14.0,92.0,0.0,0.0,4000.0,0.15
2026-04-15T23:00Z,23,105,13.9,91.0,0.0,0.0,4050.0,0.15
2026-04-16T00:00Z,0,106,13.9,90.0,0.0,0.0,4050.0,0.15
2026-04-16T01:00Z,1,106,13.9,90.0,0.0,0.0,4050.0,0.15
2026-04-16T02:00Z,2,106,13.8,91.0,0.0,0.0,4100.0,0.15
2026-04-16T03:00Z,3,106,13.9,92.0,0.0,0.0,4050.0,0.15
2026-04-16T04:00Z,4,106,14.0,94.0,0.0,0.0,4000.0,0.15
2026-04-16T05:00Z,5,106,14.1,94.0,1.0,1.8,3950.0,0.15
2026-04-16T06:00Z,6,106,14.1,94.0,47.0,84.6,3950.0,0.15
2026-04-16T07:00Z,7,106,15.1,91.0,78.0,140.4,3450.0,0.15
2026-04-16T08:00Z,8,106,16.9,85.0,298.0,536.4,2550.0,0.85
2026-04-16T09:00Z,9,106,17.6,80.0,326.0,586.8,2200.0,0.85
2026-04-16T10:00Z,10,106,18.2,76.0,321.0,577.8,1900.0,0.85
2026-04-16T11:00Z,11,106,20.0,69.0,622.0,1119.6,1000.0,0.85
2026-04-16T12:00Z,12,106,18.5,71.0,487.0,876.6,1750.0,0.85
2026-04-16T13:00Z,13,106,19.5,75.0,564.0,1015.2,1250.0,0.85
2026-04-16T14:00Z,14,106,20.1,70.0,635.0,1143.0,950.0,0.85
2026-04-16T15:00Z,15,106,19.9,72.0,478.0,860.4,1050.0,0.85
2026-04-16T16:00Z,16,106,19.3,71.0,294.0,529.2,1350.0,0.85
2026-04-16T17:00Z,17,106,18.1,79.0,163.0,293.4,1950.0,0.85
2026-04-16T18:00Z,18,106,16.9,83.0,33.0,59.4,2550.0,0.15
2026-04-16T19:00Z,19,106,15.9,84.0,0.0,0.0,3050.0,0.15
2026-04-16T20:00Z,20,106,15.3,85.0,0.0,0.0,3350.0,0.15
2026-04-16T21:00Z,21,106,14.8,87.0,0.0,0.0,3600.0,0.15
2026-04-16T22:00Z,22,106,14.4,89.0,0.0,0.0,3800.0,0.15
2026-04-16T23:00Z,23,106,14.1,91.0,0.0,0.0,3950.0,0.15
2026-04-17T00:00Z,0,107,14.1,92.0,0.0,0.0,3950.0,0.15
2026-04-17T01:00Z,1,107,13.8,92.0,0.0,0.0,4100.0,0.15
2026-04-17T02:00Z,2,107,13.7,92.0,0.0,0.0,4150.0,0.15
2026-04-17T03:00Z,3,107,13.6,92.0,0.0,0.0,4200.0,0.15
2026-04-17T04:00Z,4,107,13.5,91.0,0.0,0.0,4250.0,0.15
2026-04-17T05:00Z,5,107,13.4,91.0,2.0,3.6,4300.0,0.15
2026-04-17T06:00Z,6,107,14.4,87.0,75.0,135.0,3800.0,0.15
2026-04-17T07:00Z,7,107,15.8,82.0,235.0,423.0,3100.0,0.15
2026-04-17T08:00Z,8,107,17.1,75.0,398.0,716.4,2450.0,0.85
2026-04-17T09:00Z,9,107,18.6,69.0,559.0,1006.2,1700.0,0.85
2026-04-17T10:00Z,10,107,19.5,67.0,623.0,1121.4,1250.0,0.85
2026-04-17T11:00Z,11,107,20.1,64.0,638.0,1148.4,950.0,0.85
2026-04-17T12:00Z,12,107,20.8,60.0,674.0,1213.2,600.0,0.85
2026-04-17T13:00Z,13,107,21.1,58.0,756.0,1360.8,450.0,0.85
2026-04-17T14:00Z,14,107,20.9,59.0,641.0,1153.8,550.0,0.85
2026-04-17T15:00Z,15,107,20.4,63.0,519.0,934.2,800.0,0.85
2026-04-17T16:00Z,16,107,19.5,67.0,345.0,621.0,1250.0,0.85
2026-04-17T17:00Z,17,107,18.2,73.0,183.0,329.4,1900.0,0.85
2026-04-17T18:00Z,18,107,17.1,77.0,35.0,63.0,2450.0,0.15
2026-04-17T19:00Z,19,107,15.9,82.0,0.0,0.0,3050.0,0.15
2026-04-17T20:00Z,20,107,15.1,85.0,0.0,0.0,3450.0,0.15
2026-04-17T21:00Z,21,107,14.5,87.0,0.0,0.0,3750.0,0.15
2026-04-17T22:00Z,22,107,14.1,88.0,0.0,0.0,3950.0,0.15
2026-04-17T23:00Z,23,107,13.6,89.0,0.0,0.0,4200.0,0.15
2026-04-18T00:00Z,0,108,13.3,91.0,0.0,0.0,4350.0,0.15
2026-04-18T01:00Z,1,108,12.9,92.0,0.0,0.0,4550.0,0.15
2026-04-18T02:00Z,2,108,12.8,92.0,0.0,0.0,4600.0,0.15
2026-04-18T03:00Z,3,108,12.6,91.0,0.0,0.0,4700.0,0.15
2026-04-18T04:00Z,4,108,12.6,91.0,0.0,0.0,4700.0,0.15
2026-04-18T05:00Z,5,108,12.4,90.0,2.0,3.6,4800.0,0.15
2026-04-18T06:00Z,6,108,13.6,85.0,82.0,147.6,4200.0,0.15
2026-04-18T07:00Z,7,108,15.6,78.0,258.0,464.4,3200.0,0.15
2026-04-18T08:00Z,8,108,17.8,71.0,455.0,819.0,2100.0,0.15
2026-04-18T09:00Z,9,108,19.6,67.0,633.0,1139.4,1200.0,0.15
2026-04-18T10:00Z,10,108,21.0,64.0,769.0,1384.2,500.0,0.15
2026-04-18T11:00Z,11,108,22.0,62.0,851.0,1531.8,0.0,0.15
2026-04-18T12:00Z,12,108,22.7,59.0,868.0,1562.4,350.0,0.15
2026-04-18T13:00Z,13,108,23.0,57.0,827.0,1488.6,500.0,0.15
2026-04-18T14:00Z,14,108,22.8,56.0,722.0,1299.6,400.0,0.15
2026-04-18T15:00Z,15,108,22.0,58.0,569.0,1024.2,0.0,0.15
2026-04-18T16:00Z,16,108,20.9,61.0,382.0,687.6,550.0,0.15
2026-04-18T17:00Z,17,108,19.5,66.0,188.0,338.4,1250.0,0.15
2026-04-18T18:00Z,18,108,18.2,70.0,37.0,66.6,1900.0,0.15
2026-04-18T19:00Z,19,108,16.9,75.0,0.0,0.0,2550.0,0.15
2026-04-18T20:00Z,20,108,15.8,78.0,0.0,0.0,3100.0,0.15
2026-04-18T21:00Z,21,108,15.1,79.0,0.0,0.0,3450.0,0.15
2026-04-18T22:00Z,22,108,14.6,79.0,0.0,0.0,3700.0,0.15
2026-04-18T23:00Z,23,108,14.2,79.0,0.0,0.0,3900.0,0.15
2026-04-19T00:00Z,0,109,14.0,80.0,0.0,0.0,4000.0,0.15
2026-04-19T01:00Z,1,109,13.4,82.0,0.0,0.0,4300.0,0.15
2026-04-19T02:00Z,2,109,12.8,84.0,0.0,0.0,4600.0,0.15
2026-04-19T03:00Z,3,109,12.1,86.0,0.0,0.0,4950.0,0.15
2026-04-19T04:00Z,4,109,11.6,88.0,0.0,0.0,5200.0,0.15
2026-04-19T05:00Z,5,109,11.3,88.0,3.0,5.4,5350.0,0.15
2026-04-19T06:00Z,6,109,12.6,86.0,86.0,154.8,4700.0,0.15
2026-04-19T07:00Z,7,109,14.8,80.0,265.0,477.0,3600.0,0.15
2026-04-19T08:00Z,8,109,17.4,68.0,463.0,833.4,2300.0,0.15
2026-04-19T09:00Z,9,109,19.4,61.0,641.0,1153.8,1300.0,0.15
2026-04-19T10:00Z,10,109,21.1,59.0,775.0,1395.0,450.0,0.15
2026-04-19T11:00Z,11,109,22.4,56.0,854.0,1537.2,200.0,0.15
2026-04-19T12:00Z,12,109,23.4,53.0,872.0,1569.6,700.0,0.15
2026-04-19T13:00Z,13,109,23.7,52.0,823.0,1481.4,850.0,0.15
2026-04-19T14:00Z,14,109,23.2,54.0,704.0,1267.2,600.0,0.15
2026-04-19T15:00Z,15,109,22.6,56.0,569.0,1024.2,300.0,0.15
2026-04-19T16:00Z,16,109,21.5,59.0,386.0,694.8,250.0,0.15
2026-04-19T17:00Z,17,109,20.1,64.0,192.0,345.6,950.0,0.15
2026-04-19T18:00Z,18,109,18.0,72.0,39.0,70.2,2000.0,0.15
2026-04-19T19:00Z,19,109,16.6,79.0,0.0,0.0,2700.0,0.15
2026-04-19T20:00Z,20,109,15.8,83.0,0.0,0.0,3100.0,0.15
2026-04-19T21:00Z,21,109,14.9,88.0,0.0,0.0,3550.0,0.15
2026-04-19T22:00Z,22,109,13.9,89.0,0.0,0.0,4050.0,0.15
2026-04-19T23:00Z,23,109,13.4,88.0,0.0,0.0,4300.0,0.15
2026-04-20T00:00Z,0,110,12.8,93.0,0.0,0.0,4600.0,0.15
2026-04-20T01:00Z,1,110,11.9,95.0,0.0,0.0,5050.0,0.15
2026-04-20T02:00Z,2,110,11.8,97.0,0.0,0.0,5100.0,0.15
2026-04-20T03:00Z,3,110,11.8,98.0,0.0,0.0,5100.0,0.15
2026-04-20T04:00Z,4,110,11.6,100.0,0.0,0.0,5200.0,0.15
2026-04-20T05:00Z,5,110,11.6,100.0,3.0,5.4,5200.0,0.15
2026-04-20T06:00Z,6,110,13.3,100.0,88.0,158.4,4350.0,0.15
2026-04-20T07:00Z,7,110,16.2,90.0,267.0,480.6,2900.0,0.15
2026-04-20T08:00Z,8,110,19.2,74.0,465.0,837.0,1400.0,0.85
2026-04-20T09:00Z,9,110,21.6,65.0,643.0,1157.4,200.0,0.85
2026-04-20T10:00Z,10,110,23.5,59.0,779.0,1402.2,750.0,0.85
2026-04-20T11:00Z,11,110,24.9,55.0,859.0,1546.2,1450.0,0.85
2026-04-20T12:00Z,12,110,25.5,52.0,878.0,1580.4,1750.0,0.85
2026-04-20T13:00Z,13,110,26.5,50.0,834.0,1501.2,2250.0,0.85
2026-04-20T14:00Z,14,110,27.0,47.0,722.0,1299.6,2500.0,0.85
2026-04-20T15:00Z,15,110,26.9,45.0,559.0,1006.2,2450.0,0.85
2026-04-20T16:00Z,16,110,26.0,48.0,372.0,669.6,2000.0,0.85
2026-04-20T17:00Z,17,110,23.6,65.0,187.0,336.6,800.0,0.85
2026-04-20T18:00Z,18,110,21.1,76.0,39.0,70.2,450.0,0.15
2026-04-20T19:00Z,19,110,19.3,83.0,0.0,0.0,1350.0,0.15
2026-04-20T20:00Z,20,110,18.2,86.0,0.0,0.0,1900.0,0.15
2026-04-20T21:00Z,21,110,17.7,84.0,0.0,0.0,2150.0,0.15
2026-04-20T22:00Z,22,110,17.5,82.0,0.0,0.0,2250.0,0.15
2026-04-20T23:00Z,23,110,16.8,87.0,0.0,0.0,2600.0,0.15
2026-04-21T00:00Z,0,111,16.2,92.0,0.0,0.0,2900.0,0.15
2026-04-21T01:00Z,1,111,15.0,95.0,0.0,0.0,3500.0,0.15
2026-04-21T02:00Z,2,111,14.4,96.0,0.0,0.0,3800.0,0.15
2026-04-21T03:00Z,3,111,14.1,95.0,0.0,0.0,3950.0,0.15
2026-04-21T04:00Z,4,111,14.1,94.0,0.0,0.0,3950.0,0.15
2026-04-21T05:00Z,5,111,13.9,96.0,3.0,5.4,4050.0,0.15
2026-04-21T06:00Z,6,111,14.8,96.0,87.0,156.6,3600.0,0.15
2026-04-21T07:00Z,7,111,17.2,90.0,254.0,457.2,2400.0,0.15
2026-04-21T08:00Z,8,111,19.9,84.0,430.0,774.0,1050.0,0.85
2026-04-21T09:00Z,9,111,22.5,75.0,628.0,1130.4,250.0,0.85
2026-04-21T10:00Z,10,111,24.7,65.0,773.0,1391.4,1350.0,0.85
2026-04-21T11:00Z,11,111,26.2,58.0,858.0,1544.4,2100.0,0.85
2026-04-21T12:00Z,12,111,26.9,53.0,879.0,1582.2,2450.0,0.85
2026-04-21T13:00Z,13,111,27.5,53.0,808.0,1454.4,2750.0,0.85
2026-04-21T14:00Z,14,111,26.5,55.0,731.0,1315.8,2250.0,0.85
2026-04-21T15:00Z,15,111,25.2,53.0,553.0,995.4,1600.0,0.85
2026-04-21T16:00Z,16,111,23.6,58.0,363.0,653.4,800.0,0.85
2026-04-21T17:00Z,17,111,21.6,70.0,186.0,334.8,200.0,0.85
2026-04-21T18:00Z,18,111,20.1,81.0,40.0,72.0,950.0,0.15
2026-04-21T19:00Z,19,111,18.9,86.0,0.0,0.0,1550.0,0.15
2026-04-21T20:00Z,20,111,18.0,92.0,0.0,0.0,2000.0,0.15
2026-04-21T21:00Z,21,111,17.5,93.0,0.0,0.0,2250.0,0.15
2026-04-21T22:00Z,22,111,16.9,96.0,0.0,0.0,2550.0,0.15
2026-04-21T23:00Z,23,111,16.4,98.0,0.0,0.0,2800.0,0.15
2026-04-22T00:00Z,0,112,16.0,100.0,0.0,0.0,3000.0,0.15
2026-04-22T01:00Z,1,112,15.2,100.0,0.0,0.0,3400.0,0.15
2026-04-22T02:00Z,2,112,15.1,100.0,0.0,0.0,3450.0,0.15
2026-04-22T03:00Z,3,112,14.9,100.0,0.0,0.0,3550.0,0.15
2026-04-22T04:00Z,4,112,14.8,100.0,0.0,0.0,3600.0,0.15
2026-04-22T05:00Z,5,112,14.8,100.0,2.0,3.6,3600.0,0.15
2026-04-22T06:00Z,6,112,15.6,100.0,49.0,88.2,3200.0,0.15
2026-04-22T07:00Z,7,112,16.3,98.0,142.0,255.6,2850.0,0.15
2026-04-22T08:00Z,8,112,18.5,90.0,308.0,554.4,1750.0,0.85
2026-04-22T09:00Z,9,112,21.1,78.0,522.0,939.6,450.0,0.85
2026-04-22T10:00Z,10,112,23.6,63.0,728.0,1310.4,800.0,0.85
2026-04-22T11:00Z,11,112,25.4,50.0,842.0,1515.6,1700.0,0.85
2026-04-22T12:00Z,12,112,25.9,48.0,868.0,1562.4,1950.0,0.85
2026-04-22T13:00Z,13,112,26.0,48.0,832.0,1497.6,2000.0,0.85
2026-04-22T14:00Z,14,112,25.0,52.0,689.0,1240.2,1500.0,0.85
2026-04-22T15:00Z,15,112,23.8,57.0,534.0,961.2,900.0,0.85
2026-04-22T16:00Z,16,112,22.4,64.0,301.0,541.8,200.0,0.85
2026-04-22T17:00Z,17,112,21.1,70.0,162.0,291.6,450.0,0.85
2026-04-22T18:00Z,18,112,19.0,79.0,40.0,72.0,1500.0,0.15
2026-04-22T19:00Z,19,112,17.5,89.0,0.0,0.0,2250.0,0.15
2026-04-22T20:00Z,20,112,17.0,93.0,0.0,0.0,2500.0,0.15
2026-04-22T21:00Z,21,112,16.5,96.0,0.0,0.0,2750.0,0.15
2026-04-22T22:00Z,22,112,16.5,95.0,0.0,0.0,2750.0,0.15
2026-04-22T23:00Z,23,112,16.0,97.0,0.0,0.0,3000.0,0.15
2026-04-23T00:00Z,0,113,15.7,99.0,0.0,0.0,3150.0,0.15
2026-04-23T01:00Z,1,113,15.1,100.0,0.0,0.0,3450.0,0.15
2026-04-23T02:00Z,2,113,14.6,100.0,0.0,0.0,3700.0,0.15
2026-04-23T03:00Z,3,113,14.5,100.0,0.0,0.0,3750.0,0.15
2026-04-23T04:00Z,4,113,14.9,100.0,0.0,0.0,3550.0,0.15
2026-04-23T05:00Z,5,113,15.3,99.0,3.0,5.4,3350.0,0.15
2026-04-23T06:00Z,6,113,16.9,93.0,69.0,124.2,2550.0,0.15
2026-04-23T07:00Z,7,113,18.1,82.0,257.0,462.6,1950.0,0.15
2026-04-23T08:00Z,8,113,19.1,74.0,426.0,766.8,1450.0,0.85
2026-04-23T09:00Z,9,113,19.6,70.0,548.0,986.4,1200.0,0.85
2026-04-23T10:00Z,10,113,20.5,61.0,763.0,1373.4,750.0,0.85
2026-04-23T11:00Z,11,113,21.0,57.0,848.0,1526.4,500.0,0.85
2026-04-23T12:00Z,12,113,20.9,59.0,881.0,1585.8,550.0,0.85
2026-04-23T13:00Z,13,113,20.8,59.0,802.0,1443.6,600.0,0.85
2026-04-23T14:00Z,14,113,19.9,60.0,627.0,1128.6,1050.0,0.85
2026-04-23T15:00Z,15,113,19.3,61.0,548.0,986.4,1350.0,0.85
2026-04-23T16:00Z,16,113,18.5,62.0,369.0,664.2,1750.0,0.85
2026-04-23T17:00Z,17,113,17.7,65.0,197.0,354.6,2150.0,0.85
2026-04-23T18:00Z,18,113,17.0,70.0,42.0,75.6,2500.0,0.15
2026-04-23T19:00Z,19,113,16.5,79.0,0.0,0.0,2750.0,0.15
2026-04-23T20:00Z,20,113,16.1,82.0,0.0,0.0,2950.0,0.15
2026-04-23T21:00Z,21,113,15.6,82.0,0.0,0.0,3200.0,0.15
2026-04-23T22:00Z,22,113,15.1,82.0,0.0,0.0,3450.0,0.15
2026-04-23T23:00Z,23,113,14.6,81.0,0.0,0.0,3700.0,0.15
2026-04-24T00:00Z,0,114,13.9,85.0,0.0,0.0,4050.0,0.15
2026-04-24T01:00Z,1,114,13.0,85.0,0.0,0.0,4500.0,0.15
2026-04-24T02:00Z,2,114,12.6,84.0,0.0,0.0,4700.0,0.15
2026-04-24T03:00Z,3,114,12.3,82.0,0.0,0.0,4850.0,0.15
2026-04-24T04:00Z,4,114,12.1,82.0,0.0,0.0,4950.0,0.15
2026-04-24T05:00Z,5,114,12.4,81.0,5.0,9.0,4800.0,0.15
2026-04-24T06:00Z,6,114,14.2,78.0,104.0,187.2,3900.0,0.15
2026-04-24T07:00Z,7,114,15.9,64.0,293.0,527.4,3050.0,0.15
2026-04-24T08:00Z,8,114,17.1,52.0,497.0,894.6,2450.0,0.85
2026-04-24T09:00Z,9,114,18.0,49.0,676.0,1216.8,2000.0,0.85
2026-04-24T10:00Z,10,114,18.9,49.0,807.0,1452.6,1550.0,0.85
2026-04-24T11:00Z,11,114,19.7,47.0,892.0,1605.6,1150.0,0.85
2026-04-24T12:00Z,12,114,20.5,43.0,914.0,1645.2,750.0,0.85
2026-04-24T13:00Z,13,114,20.2,44.0,869.0,1564.2,900.0,0.85
2026-04-24T14:00Z,14,114,19.5,47.0,761.0,1369.8,1250.0,0.85
2026-04-24T15:00Z,15,114,19.0,48.0,603.0,1085.4,1500.0,0.85
2026-04-24T16:00Z,16,114,18.4,50.0,410.0,738.0,1800.0,0.85
2026-04-24T17:00Z,17,114,18.0,54.0,207.0,372.6,2000.0,0.85
2026-04-24T18:00Z,18,114,17.1,63.0,46.0,82.8,2450.0,0.15
2026-04-24T19:00Z,19,114,15.9,66.0,0.0,0.0,3050.0,0.15
2026-04-24T20:00Z,20,114,15.0,67.0,0.0,0.0,3500.0,0.15
2026-04-24T21:00Z,21,114,14.2,70.0,0.0,0.0,3900.0,0.15
2026-04-24T22:00Z,22,114,13.5,75.0,0.0,0.0,4250.0,0.15
2026-04-24T23:00Z,23,114,12.8,78.0,0.0,0.0,4600.0,0.15
2026-04-25T00:00Z,0,115,12.2,85.0,0.0,0.0,4900.0,0.15
2026-04-25T01:00Z,1,115,11.2,88.0,0.0,0.0,5400.0,0.15
2026-04-25T02:00Z,2,115,10.9,91.0,0.0,0.0,5550.0,0.15
2026-04-25T03:00Z,3,115,11.1,92.0,0.0,0.0,5450.0,0.15
2026-04-25T04:00Z,4,115,11.0,93.0,0.0,0.0,5500.0,0.15
2026-04-25T05:00Z,5,115,11.1,95.0,6.0,10.8,5450.0,0.15
2026-04-25T06:00Z,6,115,12.9,89.0,106.0,190.8,4550.0,0.15
2026-04-25T07:00Z,7,115,15.1,78.0,291.0,523.8,3450.0,0.15
2026-04-25T08:00Z,8,115,17.3,70.0,491.0,883.8,2350.0,0.15
2026-04-25T09:00Z,9,115,19.1,61.0,672.0,1209.6,1450.0,0.15
2026-04-25T10:00Z,10,115,20.4,53.0,707.0,1272.6,800.0,0.15
2026-04-25T11:00Z,11,115,21.0,51.0,792.0,1425.6,500.0,0.15
2026-04-25T12:00Z,12,115,21.1,51.0,830.0,1494.0,450.0,0.15
2026-04-25T13:00Z,13,115,21.5,50.0,856.0,1540.8,250.0,0.15
2026-04-25T14:00Z,14,115,21.1,49.0,757.0,1362.6,450.0,0.15
2026-04-25T15:00Z,15,115,20.4,51.0,601.0,1081.8,800.0,0.15
2026-04-25T16:00Z,16,115,19.8,55.0,407.0,732.6,1100.0,0.15
2026-04-25T17:00Z,17,115,19.2,62.0,208.0,374.4,1400.0,0.15
2026-04-25T18:00Z,18,115,18.3,68.0,48.0,86.4,1850.0,0.15
2026-04-25T19:00Z,19,115,16.9,73.0,0.0,0.0,2550.0,0.15
2026-04-25T20:00Z,20,115,15.8,80.0,0.0,0.0,3100.0,0.15
2026-04-25T21:00Z,21,115,14.9,88.0,0.0,0.0,3550.0,0.15
2026-04-25T22:00Z,22,115,14.4,91.0,0.0,0.0,3800.0,0.15
2026-04-25T23:00Z,23,115,14.1,92.0,0.0,0.0,3950.0,0.15
2026-04-26T00:00Z,0,116,13.7,92.0,0.0,0.0,4150.0,0.15
2026-04-26T01:00Z,1,116,12.9,94.0,0.0,0.0,4550.0,0.15
2026-04-26T02:00Z,2,116,12.6,96.0,0.0,0.0,4700.0,0.15
2026-04-26T03:00Z,3,116,12.1,94.0,0.0,0.0,4950.0,0.15
2026-04-26T04:00Z,4,116,11.9,92.0,0.0,0.0,5050.0,0.15
2026-04-26T05:00Z,5,116,11.9,93.0,6.0,10.8,5050.0,0.15
2026-04-26T06:00Z,6,116,13.2,91.0,107.0,192.6,4400.0,0.15
2026-04-26T07:00Z,7,116,15.4,77.0,291.0,523.8,3300.0,0.15
2026-04-26T08:00Z,8,116,18.0,64.0,488.0,878.4,2000.0,0.15
2026-04-26T09:00Z,9,116,20.2,57.0,664.0,1195.2,900.0,0.15
2026-04-26T10:00Z,10,116,21.9,52.0,797.0,1434.6,50.0,0.15
2026-04-26T11:00Z,11,116,23.5,49.0,876.0,1576.8,750.0,0.15
2026-04-26T12:00Z,12,116,23.6,48.0,891.0,1603.8,800.0,0.15
2026-04-26T13:00Z,13,116,24.6,49.0,780.0,1404.0,1300.0,0.15
2026-04-26T14:00Z,14,116,24.0,52.0,469.0,844.2,1000.0,0.15
2026-04-26T15:00Z,15,116,23.6,53.0,455.0,819.0,800.0,0.15
2026-04-26T16:00Z,16,116,23.0,57.0,312.0,561.6,500.0,0.15
2026-04-26T17:00Z,17,116,22.0,62.0,167.0,300.6,0.0,0.15
2026-04-26T18:00Z,18,116,20.1,70.0,43.0,77.4,950.0,0.15
2026-04-26T19:00Z,19,116,18.5,75.0,0.0,0.0,1750.0,0.15
2026-04-26T20:00Z,20,116,17.4,79.0,0.0,0.0,2300.0,0.15
2026-04-26T21:00Z,21,116,16.6,86.0,0.0,0.0,2700.0,0.15
2026-04-26T22:00Z,22,116,16.0,88.0,0.0,0.0,3000.0,0.15
2026-04-26T23:00Z,23,116,15.9,87.0,0.0,0.0,3050.0,0.15
2026-04-27T00:00Z,0,117,15.8,89.0,0.0,0.0,3100.0,0.15
2026-04-27T01:00Z,1,117,15.2,91.0,0.0,0.0,3400.0,0.15
2026-04-27T02:00Z,2,117,15.1,95.0,0.0,0.0,3450.0,0.15
2026-04-27T03:00Z,3,117,14.9,94.0,0.0,0.0,3550.0,0.15
2026-04-27T04:00Z,4,117,14.9,95.0,0.0,0.0,3550.0,0.15
2026-04-27T05:00Z,5,117,14.7,96.0,6.0,10.8,3650.0,0.15
2026-04-27T06:00Z,6,117,16.2,89.0,102.0,183.6,2900.0,0.15
2026-04-27T07:00Z,7,117,17.8,81.0,233.0,419.4,2100.0,0.15
2026-04-27T08:00Z,8,117,19.5,75.0,387.0,696.6,1250.0,0.85
2026-04-27T09:00Z,9,117,21.0,71.0,499.0,898.2,500.0,0.85
2026-04-27T10:00Z,10,117,22.6,65.0,682.0,1227.6,300.0,0.85
2026-04-27T11:00Z,11,117,24.1,58.0,864.0,1555.2,1050.0,0.85
2026-04-27T12:00Z,12,117,24.4,57.0,849.0,1528.2,1200.0,0.85
2026-04-27T13:00Z,13,117,24.6,54.0,663.0,1193.4,1300.0,0.85
2026-04-27T14:00Z,14,117,23.4,49.0,280.0,504.0,700.0,0.85
2026-04-27T15:00Z,15,117,23.0,45.0,414.0,745.2,500.0,0.85
2026-04-27T16:00Z,16,117,22.2,47.0,331.0,595.8,100.0,0.85
2026-04-27T17:00Z,17,117,21.1,55.0,183.0,329.4,450.0,0.85
2026-04-27T18:00Z,18,117,19.5,63.0,48.0,86.4,1250.0,0.15
2026-04-27T19:00Z,19,117,18.0,72.0,0.0,0.0,2000.0,0.15
2026-04-27T20:00Z,20,117,16.9,79.0,0.0,0.0,2550.0,0.15
2026-04-27T21:00Z,21,117,15.9,85.0,0.0,0.0,3050.0,0.15
2026-04-27T22:00Z,22,117,15.4,87.0,0.0,0.0,3300.0,0.15
2026-04-27T23:00Z,23,117,14.9,90.0,0.0,0.0,3550.0,0.15
2026-04-28T00:00Z,0,118,14.6,94.0,0.0,0.0,3700.0,0.15
2026-04-28T01:00Z,1,118,14.1,95.0,0.0,0.0,3950.0,0.15
2026-04-28T02:00Z,2,118,13.8,96.0,0.0,0.0,4100.0,0.15
2026-04-28T03:00Z,3,118,13.8,97.0,0.0,0.0,4100.0,0.15
2026-04-28T04:00Z,4,118,13.1,100.0,0.0,0.0,4450.0,0.15
2026-04-28T05:00Z,5,118,13.0,100.0,8.0,14.4,4500.0,0.15
2026-04-28T06:00Z,6,118,14.9,96.0,109.0,196.2,3550.0,0.15
2026-04-28T07:00Z,7,118,17.1,85.0,291.0,523.8,2450.0,0.15
2026-04-28T08:00Z,8,118,19.4,72.0,492.0,885.6,1300.0,0.85
2026-04-28T09:00Z,9,118,21.2,63.0,667.0,1200.6,400.0,0.85
2026-04-28T10:00Z,10,118,22.8,58.0,794.0,1429.2,400.0,0.85
2026-04-28T11:00Z,11,118,24.0,53.0,867.0,1560.6,1000.0,0.85
2026-04-28T12:00Z,12,118,25.0,46.0,889.0,1600.2,1500.0,0.85
2026-04-28T13:00Z,13,118,25.7,43.0,847.0,1524.6,1850.0,0.85
2026-04-28T14:00Z,14,118,25.5,42.0,744.0,1339.2,1750.0,0.85
2026-04-28T15:00Z,15,118,24.6,45.0,591.0,1063.8,1300.0,0.85
2026-04-28T16:00Z,16,118,23.4,52.0,394.0,709.2,700.0,0.85
2026-04-28T17:00Z,17,118,22.0,58.0,186.0,334.8,0.0,0.85
2026-04-28T18:00Z,18,118,20.5,66.0,48.0,86.4,750.0,0.15
2026-04-28T19:00Z,19,118,18.9,74.0,0.0,0.0,1550.0,0.15
2026-04-28T20:00Z,20,118,17.9,81.0,0.0,0.0,2050.0,0.15
2026-04-28T21:00Z,21,118,17.3,85.0,0.0,0.0,2350.0,0.15
2026-04-28T22:00Z,22,118,17.2,83.0,0.0,0.0,2400.0,0.15
2026-04-28T23:00Z,23,118,16.8,84.0,0.0,0.0,2600.0,0.15
2026-04-29T00:00Z,0,119,17.0,84.0,0.0,0.0,2500.0,0.15
2026-04-29T01:00Z,1,119,16.9,84.0,0.0,0.0,2550.0,0.15
2026-04-29T02:00Z,2,119,16.7,85.0,0.0,0.0,2650.0,0.15
2026-04-29T03:00Z,3,119,16.5,86.0,0.0,0.0,2750.0,0.15
2026-04-29T04:00Z,4,119,16.1,87.0,0.0,0.0,2950.0,0.15
2026-04-29T05:00Z,5,119,16.0,89.0,8.0,14.4,3000.0,0.15
2026-04-29T06:00Z,6,119,17.5,87.0,111.0,199.8,2250.0,0.15
2026-04-29T07:00Z,7,119,19.1,79.0,245.0,441.0,1450.0,0.15
2026-04-29T08:00Z,8,119,20.9,71.0,488.0,878.4,550.0,0.85
2026-04-29T09:00Z,9,119,22.6,65.0,655.0,1179.0,300.0,0.85
2026-04-29T10:00Z,10,119,24.4,55.0,798.0,1436.4,1200.0,0.85
2026-04-29T11:00Z,11,119,25.2,49.0,860.0,1548.0,1600.0,0.85
2026-04-29T12:00Z,12,119,25.4,46.0,868.0,1562.4,1700.0,0.85
2026-04-29T13:00Z,13,119,25.2,46.0,847.0,1524.6,1600.0,0.85
2026-04-29T14:00Z,14,119,24.6,47.0,745.0,1341.0,1300.0,0.85
2026-04-29T15:00Z,15,119,23.9,51.0,552.0,993.6,950.0,0.85
2026-04-29T16:00Z,16,119,22.9,55.0,377.0,678.6,450.0,0.85
2026-04-29T17:00Z,17,119,21.5,62.0,209.0,376.2,250.0,0.85
2026-04-29T18:00Z,18,119,20.2,69.0,49.0,88.2,900.0,0.15
2026-04-29T19:00Z,19,119,19.0,78.0,0.0,0.0,1500.0,0.15
2026-04-29T20:00Z,20,119,18.5,80.0,0.0,0.0,1750.0,0.15
2026-04-29T21:00Z,21,119,18.5,81.0,0.0,0.0,1750.0,0.15
2026-04-29T22:00Z,22,119,18.2,83.0,0.0,0.0,1900.0,0.15
2026-04-29T23:00Z,23,119,17.0,89.0,0.0,0.0,2500.0,0.15
2026-04-30T00:00Z,0,120,17.1,89.0,0.0,0.0,2450.0,0.15
2026-04-30T01:00Z,1,120,15.9,95.0,0.0,0.0,3050.0,0.15
2026-04-30T02:00Z,2,120,15.8,98.0,0.0,0.0,3100.0,0.15
2026-04-30T03:00Z,3,120,15.0,100.0,0.0,0.0,3500.0,0.15
2026-04-30T04:00Z,4,120,15.1,100.0,0.0,0.0,3450.0,0.15
2026-04-30T05:00Z,5,120,15.1,99.0,8.0,14.4,3450.0,0.15
2026-04-30T06:00Z,6,120,15.8,98.0,96.0,172.8,3100.0,0.15
2026-04-30T07:00Z,7,120,17.7,91.0,224.0,403.2,2150.0,0.15
2026-04-30T08:00Z,8,120,20.9,78.0,476.0,856.8,550.0,0.85
2026-04-30T09:00Z,9,120,23.9,66.0,661.0,1189.8,950.0,0.85
2026-04-30T10:00Z,10,120,26.1,56.0,794.0,1429.2,2050.0,0.85
2026-04-30T11:00Z,11,120,27.6,51.0,874.0,1573.2,2800.0,0.85
2026-04-30T12:00Z,12,120,28.5,45.0,892.0,1605.6,3250.0,0.85
2026-04-30T13:00Z,13,120,27.4,52.0,842.0,1515.6,2700.0,0.85
2026-04-30T14:00Z,14,120,24.1,66.0,737.0,1326.6,1050.0,0.85
2026-04-30T15:00Z,15,120,23.6,67.0,569.0,1024.2,800.0,0.85
2026-04-30T16:00Z,16,120,22.5,72.0,403.0,725.4,250.0,0.85
2026-04-30T17:00Z,17,120,20.8,79.0,211.0,379.8,600.0,0.85
2026-04-30T18:00Z,18,120,19.2,87.0,53.0,95.4,1400.0,0.15
2026-04-30T19:00Z,19,120,18.2,90.0,0.0,0.0,1900.0,0.15
2026-04-30T20:00Z,20,120,17.7,93.0,0.0,0.0,2150.0,0.15
2026-04-30T21:00Z,21,120,17.4,96.0,0.0,0.0,2300.0,0.15
2026-04-30T22:00Z,22,120,17.1,97.0,0.0,0.0,2450.0,0.15
2026-04-30T23:00Z,23,120,16.9,95.0,0.0,0.0,2550.0,0.15
2026-05-01T00:00Z,0,121,16.5,97.0,0.0,0.0,2750.0,0.15
2026-05-01T01:00Z,1,121,15.9,97.0,0.0,0.0,3050.0,0.15
2026-05-01T02:00Z,2,121,15.8,98.0,0.0,0.0,3100.0,0.15
2026-05-01T03:00Z,3,121,15.4,100.0,0.0,0.0,3300.0,0.15
2026-05-01T04:00Z,4,121,15.0,100.0,0.0,0.0,3500.0,0.15
2026-05-01T05:00Z,5,121,15.1,100.0,8.0,14.4,3450.0,0.15
2026-05-01T06:00Z,6,121,17.5,91.0,92.0,165.6,2250.0,0.15
2026-05-01T07:00Z,7,121,19.1,79.0,290.0,522.0,1450.0,0.15
2026-05-01T08:00Z,8,121,20.4,71.0,454.0,817.2,800.0,0.85
2026-05-01T09:00Z,9,121,21.2,69.0,592.0,1065.6,400.0,0.85
2026-05-01T10:00Z,10,121,21.6,68.0,615.0,1107.0,200.0,0.85
2026-05-01T11:00Z,11,121,22.0,69.0,595.0,1071.0,0.0,0.85
2026-05-01T12:00Z,12,121,22.6,65.0,563.0,1013.4,300.0,0.85
2026-05-01T13:00Z,13,121,22.1,65.0,735.0,1323.0,50.0,0.85
2026-05-01T14:00Z,14,121,21.5,59.0,629.0,1132.2,250.0,0.85
2026-05-01T15:00Z,15,121,20.7,66.0,500.0,900.0,650.0,0.85
2026-05-01T16:00Z,16,121,19.4,76.0,267.0,480.6,1300.0,0.85
2026-05-01T17:00Z,17,121,18.6,73.0,151.0,271.8,1700.0,0.85
2026-05-01T18:00Z,18,121,18.0,77.0,35.0,63.0,2000.0,0.15
2026-05-01T19:00Z,19,121,17.5,79.0,0.0,0.0,2250.0,0.15
2026-05-01T20:00Z,20,121,17.1,75.0,0.0,0.0,2450.0,0.15
2026-05-01T21:00Z,21,121,16.5,69.0,0.0,0.0,2750.0,0.15
2026-05-01T22:00Z,22,121,16.2,66.0,0.0,0.0,2900.0,0.15
2026-05-01T23:00Z,23,121,15.8,70.0,0.0,0.0,3100.0,0.15
2026-05-02T00:00Z,0,122,15.6,70.0,0.0,0.0,3200.0,0.15
2026-05-02T01:00Z,1,122,14.9,72.0,0.0,0.0,3550.0,0.15
2026-05-02T02:00Z,2,122,14.6,70.0,0.0,0.0,3700.0,0.15
2026-05-02T03:00Z,3,122,14.3,69.0,0.0,0.0,3850.0,0.15
2026-05-02T04:00Z,4,122,13.9,72.0,0.0,0.0,4050.0,0.15
2026-05-02T05:00Z,5,122,13.9,74.0,11.0,19.8,4050.0,0.15
2026-05-02T06:00Z,6,122,15.7,70.0,124.0,223.2,3150.0,0.15
2026-05-02T07:00Z,7,122,17.4,54.0,311.0,559.8,2300.0,0.15
2026-05-02T08:00Z,8,122,18.3,48.0,515.0,927.0,1850.0,0.15
2026-05-02T09:00Z,9,122,19.1,46.0,683.0,1229.4,1450.0,0.15
2026-05-02T10:00Z,10,122,19.7,45.0,804.0,1447.2,1150.0,0.15
2026-05-02T11:00Z,11,122,20.0,44.0,899.0,1618.2,1000.0,0.15
2026-05-02T12:00Z,12,122,20.5,42.0,924.0,1663.2,750.0,0.15
2026-05-02T13:00Z,13,122,20.6,43.0,878.0,1580.4,700.0,0.15
2026-05-02T14:00Z,14,122,20.0,47.0,762.0,1371.6,1000.0,0.15
2026-05-02T15:00Z,15,122,19.5,44.0,585.0,1053.0,1250.0,0.15
2026-05-02T16:00Z,16,122,18.7,41.0,424.0,763.2,1650.0,0.15
2026-05-02T17:00Z,17,122,17.6,47.0,230.0,414.0,2200.0,0.15
2026-05-02T18:00Z,18,122,16.9,53.0,61.0,109.8,2550.0,0.15
2026-05-02T19:00Z,19,122,15.9,61.0,0.0,0.0,3050.0,0.15
2026-05-02T20:00Z,20,122,15.1,68.0,0.0,0.0,3450.0,0.15
2026-05-02T21:00Z,21,122,14.7,71.0,0.0,0.0,3650.0,0.15
2026-05-02T22:00Z,22,122,14.1,77.0,0.0,0.0,3950.0,0.15
2026-05-02T23:00Z,23,122,13.2,82.0,0.0,0.0,4400.0,0.15
2026-05-03T00:00Z,0,123,12.9,80.0,0.0,0.0,4550.0,0.15
2026-05-03T01:00Z,1,123,11.3,84.0,0.0,0.0,5350.0,0.15
2026-05-03T02:00Z,2,123,10.6,85.0,0.0,0.0,5700.0,0.15
2026-05-03T03:00Z,3,123,10.0,87.0,0.0,0.0,6000.0,0.15
2026-05-03T04:00Z,4,123,9.8,89.0,0.0,0.0,6100.0,0.15
2026-05-03T05:00Z,5,123,10.7,87.0,12.0,21.6,5650.0,0.15
2026-05-03T06:00Z,6,123,13.2,79.0,114.0,205.2,4400.0,0.15
2026-05-03T07:00Z,7,123,16.0,65.0,318.0,572.4,3000.0,0.15
2026-05-03T08:00Z,8,123,18.4,54.0,522.0,939.6,1800.0,0.15
2026-05-03T09:00Z,9,123,20.2,47.0,694.0,1249.2,900.0,0.15
2026-05-03T10:00Z,10,123,22.0,41.0,819.0,1474.2,0.0,0.15
2026-05-03T11:00Z,11,123,23.5,38.0,893.0,1607.4,750.0,0.15
2026-05-03T12:00Z,12,123,24.5,36.0,889.0,1600.2,1250.0,0.15
2026-05-03T13:00Z,13,123,25.4,35.0,786.0,1414.8,1700.0,0.15
2026-05-03T14:00Z,14,123,25.5,35.0,697.0,1254.6,1750.0,0.15
2026-05-03T15:00Z,15,123,23.9,43.0,577.0,1038.6,950.0,0.15
2026-05-03T16:00Z,16,123,22.9,49.0,418.0,752.4,450.0,0.15
2026-05-03T17:00Z,17,123,21.5,55.0,206.0,370.8,250.0,0.15
2026-05-03T18:00Z,18,123,20.1,66.0,52.0,93.6,950.0,0.15
2026-05-03T19:00Z,19,123,18.9,74.0,0.0,0.0,1550.0,0.15
2026-05-03T20:00Z,20,123,18.3,77.0,0.0,0.0,1850.0,0.15
2026-05-03T21:00Z,21,123,18.5,72.0,0.0,0.0,1750.0,0.15
2026-05-03T22:00Z,22,123,18.5,61.0,0.0,0.0,1750.0,0.15
2026-05-03T23:00Z,23,123,18.0,60.0,0.0,0.0,2000.0,0.15
2026-05-04T00:00Z,0,124,17.5,61.0,0.0,0.0,2250.0,0.15
2026-05-04T01:00Z,1,124,17.0,61.0,0.0,0.0,2500.0,0.15
2026-05-04T02:00Z,2,124,16.5,65.0,0.0,0.0,2750.0,0.15
2026-05-04T03:00Z,3,124,16.1,69.0,0.0,0.0,2950.0,0.15
2026-05-04T04:00Z,4,124,15.9,73.0,0.0,0.0,3050.0,0.15
2026-05-04T05:00Z,5,124,15.9,75.0,12.0,21.6,3050.0,0.15
2026-05-04T06:00Z,6,124,17.3,74.0,124.0,223.2,2350.0,0.15
2026-05-04T07:00Z,7,124,19.5,68.0,305.0,549.0,1250.0,0.15
2026-05-04T08:00Z,8,124,22.4,59.0,497.0,894.6,200.0,0.85
2026-05-04T09:00Z,9,124,24.8,50.0,668.0,1202.4,1400.0,0.85
2026-05-04T10:00Z,10,124,26.8,44.0,798.0,1436.4,2400.0,0.85
2026-05-04T11:00Z,11,124,28.1,41.0,877.0,1578.6,3050.0,0.85
2026-05-04T12:00Z,12,124,28.2,40.0,888.0,1598.4,3100.0,0.85
2026-05-04T13:00Z,13,124,28.4,37.0,682.0,1227.6,3200.0,0.85
2026-05-04T14:00Z,14,124,27.2,41.0,420.0,756.0,2600.0,0.85
2026-05-04T15:00Z,15,124,26.7,44.0,530.0,954.0,2350.0,0.85
2026-05-04T16:00Z,16,124,25.7,46.0,387.0,696.6,1850.0,0.85
2026-05-04T17:00Z,17,124,23.9,51.0,176.0,316.8,950.0,0.85
2026-05-04T18:00Z,18,124,22.5,56.0,43.0,77.4,250.0,0.15
2026-05-04T19:00Z,19,124,21.4,59.0,0.0,0.0,300.0,0.15
2026-05-04T20:00Z,20,124,20.9,59.0,0.0,0.0,550.0,0.15
2026-05-04T21:00Z,21,124,20.2,62.0,0.0,0.0,900.0,0.15
2026-05-04T22:00Z,22,124,19.8,61.0,0.0,0.0,1100.0,0.15
2026-05-04T23:00Z,23,124,18.8,64.0,0.0,0.0,1600.0,0.15
2026-05-05T00:00Z,0,125,18.5,67.0,0.0,0.0,1750.0,0.15
2026-05-05T01:00Z,1,125,17.6,68.0,0.0,0.0,2200.0,0.15
2026-05-05T02:00Z,2,125,17.5,64.0,0.0,0.0,2250.0,0.15
2026-05-05T03:00Z,3,125,17.5,61.0,0.0,0.0,2250.0,0.15
2026-05-05T04:00Z,4,125,17.1,61.0,0.0,0.0,2450.0,0.15
2026-05-05T05:00Z,5,125,17.4,59.0,13.0,23.4,2300.0,0.15
2026-05-05T06:00Z,6,125,18.3,64.0,113.0,203.4,1850.0,0.15
2026-05-05T07:00Z,7,125,20.4,54.0,307.0,552.6,800.0,0.15
2026-05-05T08:00Z,8,125,22.8,48.0,506.0,910.8,400.0,0.85
2026-05-05T09:00Z,9,125,24.8,44.0,675.0,1215.0,1400.0,0.85
2026-05-05T10:00Z,10,125,26.4,39.0,799.0,1438.2,2200.0,0.85
2026-05-05T11:00Z,11,125,27.5,37.0,838.0,1508.4,2750.0,0.85
2026-05-05T12:00Z,12,125,27.6,34.0,816.0,1468.8,2800.0,0.85
2026-05-05T13:00Z,13,125,27.6,35.0,827.0,1488.6,2800.0,0.85
2026-05-05T14:00Z,14,125,26.8,35.0,612.0,1101.6,2400.0,0.85
2026-05-05T15:00Z,15,125,26.0,36.0,550.0,990.0,2000.0,0.85
2026-05-05T16:00Z,16,125,24.0,42.0,246.0,442.8,1000.0,0.85
2026-05-05T17:00Z,17,125,22.6,50.0,192.0,345.6,300.0,0.85
2026-05-05T18:00Z,18,125,21.8,57.0,31.0,55.8,100.0,0.15
2026-05-05T19:00Z,19,125,20.1,68.0,0.0,0.0,950.0,0.15
2026-05-05T20:00Z,20,125,19.2,73.0,0.0,0.0,1400.0,0.15
2026-05-05T21:00Z,21,125,18.5,77.0,0.0,0.0,1750.0,0.15
2026-05-05T22:00Z,22,125,18.0,79.0,0.0,0.0,2000.0,0.15
2026-05-05T23:00Z,23,125,17.8,82.0,0.0,0.0,2100.0,0.15
2026-05-06T00:00Z,0,126,17.1,87.0,0.0,0.0,2450.0,0.15
2026-05-06T01:00Z,1,126,17.1,90.0,0.0,0.0,2450.0,0.15
2026-05-06T02:00Z,2,126,17.0,92.0,0.0,0.0,2500.0,0.15
2026-05-06T03:00Z,3,126,16.8,93.0,0.0,0.0,2600.0,0.15
2026-05-06T04:00Z,4,126,16.0,97.0,0.0,0.0,3000.0,0.15
2026-05-06T05:00Z,5,126,15.9,98.0,14.0,25.2,3050.0,0.15
2026-05-06T06:00Z,6,126,17.4,93.0,125.0,225.0,2300.0,0.15
2026-05-06T07:00Z,7,126,18.9,85.0,155.0,279.0,1550.0,0.15
2026-05-06T08:00Z,8,126,20.0,79.0,198.0,356.4,1000.0,0.85
2026-05-06T09:00Z,9,126,20.9,75.0,234.0,421.2,550.0,0.85
2026-05-06T10:00Z,10,126,20.7,74.0,134.0,241.2,650.0,0.85
2026-05-06T11:00Z,11,126,21.9,66.0,363.0,653.4,50.0,0.85
2026-05-06T12:00Z,12,126,22.0,64.0,334.0,601.2,0.0,0.85
2026-05-06T13:00Z,13,126,21.6,64.0,430.0,774.0,200.0,0.85
2026-05-06T14:00Z,14,126,22.0,63.0,700.0,1260.0,0.0,0.85
2026-05-06T15:00Z,15,126,21.8,64.0,570.0,1026.0,100.0,0.85
2026-05-06T16:00Z,16,126,20.8,70.0,370.0,666.0,600.0,0.85
2026-05-06T17:00Z,17,126,19.5,76.0,166.0,298.8,1250.0,0.85
2026-05-06T18:00Z,18,126,18.6,84.0,63.0,113.4,1700.0,0.15
2026-05-06T19:00Z,19,126,17.9,89.0,0.0,0.0,2050.0,0.15
2026-05-06T20:00Z,20,126,17.8,89.0,0.0,0.0,2100.0,0.15
2026-05-06T21:00Z,21,126,17.4,90.0,0.0,0.0,2300.0,0.15
2026-05-06T22:00Z,22,126,17.4,88.0,0.0,0.0,2300.0,0.15
2026-05-06T23:00Z,23,126,17.2,87.0,0.0,0.0,2400.0,0.15
2026-05-07T00:00Z,0,127,17.1,86.0,0.0,0.0,2450.0,0.15
2026-05-07T01:00Z,1,127,16.8,87.0,0.0,0.0,2600.0,0.15
2026-05-07T02:00Z,2,127,16.6,87.0,0.0,0.0,2700.0,0.15
2026-05-07T03:00Z,3,127,16.5,87.0,0.0,0.0,2750.0,0.15
2026-05-07T04:00Z,4,127,16.2,87.0,0.0,0.0,2900.0,0.15
2026-05-07T05:00Z,5,127,16.3,89.0,15.0,27.0,2850.0,0.15
2026-05-07T06:00Z,6,127,17.5,88.0,130.0,234.0,2250.0,0.15
2026-05-07T07:00Z,7,127,19.4,79.0,314.0,565.2,1300.0,0.15
2026-05-07T08:00Z,8,127,21.0,66.0,506.0,910.8,500.0,0.85
2026-05-07T09:00Z,9,127,21.9,59.0,625.0,1125.0,50.0,0.85
2026-05-07T10:00Z,10,127,22.5,55.0,781.0,1405.8,250.0,0.85
2026-05-07T11:00Z,11,127,23.0,53.0,847.0,1524.6,500.0,0.85
2026-05-07T12:00Z,12,127,22.8,53.0,873.0,1571.4,400.0,0.85
2026-05-07T13:00Z,13,127,22.9,51.0,665.0,1197.0,450.0,0.85
2026-05-07T14:00Z,14,127,23.0,51.0,665.0,1197.0,500.0,0.85
2026-05-07T15:00Z,15,127,22.4,52.0,439.0,790.2,200.0,0.85
2026-05-07T16:00Z,16,127,20.8,58.0,127.0,228.6,600.0,0.85
2026-05-07T17:00Z,17,127,19.4,66.0,67.0,120.6,1300.0,0.85
2026-05-07T18:00Z,18,127,18.3,77.0,6.0,10.8,1850.0,0.15
2026-05-07T19:00Z,19,127,17.9,85.0,0.0,0.0,2050.0,0.15
2026-05-07T20:00Z,20,127,17.7,86.0,0.0,0.0,2150.0,0.15
2026-05-07T21:00Z,21,127,17.5,87.0,0.0,0.0,2250.0,0.15
2026-05-07T22:00Z,22,127,16.8,92.0,0.0,0.0,2600.0,0.15
2026-05-07T23:00Z,23,127,16.5,96.0,0.0,0.0,2750.0,0.15
2026-05-08T00:00Z,0,128,17.0,88.0,0.0,0.0,2500.0,0.15
2026-05-08T01:00Z,1,128,16.3,93.0,0.0,0.0,2850.0,0.15
2026-05-08T02:00Z,2,128,15.9,94.0,0.0,0.0,3050.0,0.15
2026-05-08T03:00Z,3,128,15.6,97.0,0.0,0.0,3200.0,0.15
2026-05-08T04:00Z,4,128,15.3,97.0,0.0,0.0,3350.0,0.15
2026-05-08T05:00Z,5,128,15.4,96.0,16.0,28.8,3300.0,0.15
2026-05-08T06:00Z,6,128,16.6,94.0,134.0,241.2,2700.0,0.15
2026-05-08T07:00Z,7,128,19.0,80.0,317.0,570.6,1500.0,0.15
2026-05-08T08:00Z,8,128,21.0,66.0,517.0,930.6,500.0,0.85
2026-05-08T09:00Z,9,128,22.5,58.0,639.0,1150.2,250.0,0.85
2026-05-08T10:00Z,10,128,23.7,52.0,684.0,1231.2,850.0,0.85
2026-05-08T11:00Z,11,128,24.7,48.0,791.0,1423.8,1350.0,0.85
2026-05-08T12:00Z,12,128,24.7,49.0,865.0,1557.0,1350.0,0.85
2026-05-08T13:00Z,13,128,25.1,48.0,847.0,1524.6,1550.0,0.85
2026-05-08T14:00Z,14,128,25.0,49.0,749.0,1348.2,1500.0,0.85
2026-05-08T15:00Z,15,128,24.0,53.0,604.0,1087.2,1000.0,0.85
2026-05-08T16:00Z,16,128,22.5,60.0,423.0,761.4,250.0,0.85
2026-05-08T17:00Z,17,128,20.5,68.0,230.0,414.0,750.0,0.85
2026-05-08T18:00Z,18,128,19.2,77.0,66.0,118.8,1400.0,0.15
2026-05-08T19:00Z,19,128,18.3,83.0,1.0,1.8,1850.0,0.15
2026-05-08T20:00Z,20,128,17.9,88.0,0.0,0.0,2050.0,0.15
2026-05-08T21:00Z,21,128,17.5,89.0,0.0,0.0,2250.0,0.15
2026-05-08T22:00Z,22,128,16.9,94.0,0.0,0.0,2550.0,0.15
2026-05-08T23:00Z,23,128,16.5,96.0,0.0,0.0,2750.0,0.15
2026-05-09T00:00Z,0,129,16.1,98.0,0.0,0.0,2950.0,0.15
2026-05-09T01:00Z,1,129,15.6,99.0,0.0,0.0,3200.0,0.15
2026-05-09T02:00Z,2,129,15.1,100.0,0.0,0.0,3450.0,0.15
2026-05-09T03:00Z,3,129,14.9,99.0,0.0,0.0,3550.0,0.15
2026-05-09T04:00Z,4,129,14.9,100.0,0.0,0.0,3550.0,0.15
2026-05-09T05:00Z,5,129,15.1,99.0,15.0,27.0,3450.0,0.15
2026-05-09T06:00Z,6,129,16.5,93.0,113.0,203.4,2750.0,0.15
2026-05-09T07:00Z,7,129,18.8,77.0,277.0,498.6,1600.0,0.15
2026-05-09T08:00Z,8,129,21.0,65.0,489.0,880.2,500.0,0.15
2026-05-09T09:00Z,9,129,22.9,60.0,634.0,1141.2,450.0,0.15
2026-05-09T10:00Z,10,129,24.5,54.0,635.0,1143.0,1250.0,0.15
2026-05-09T11:00Z,11,129,25.6,48.0,603.0,1085.4,1800.0,0.15
2026-05-09T12:00Z,12,129,26.6,45.0,502.0,903.6,2300.0,0.15
2026-05-09T13:00Z,13,129,25.5,47.0,654.0,1177.2,1750.0,0.15
2026-05-09T14:00Z,14,129,25.0,47.0,643.0,1157.4,1500.0,0.15
2026-05-09T15:00Z,15,129,24.2,48.0,471.0,847.8,1100.0,0.15
2026-05-09T16:00Z,16,129,23.2,51.0,377.0,678.6,600.0,0.15
2026-05-09T17:00Z,17,129,22.1,57.0,216.0,388.8,50.0,0.15
2026-05-09T18:00Z,18,129,21.4,62.0,52.0,93.6,300.0,0.15
2026-05-09T19:00Z,19,129,21.1,61.0,1.0,1.8,450.0,0.15
2026-05-09T20:00Z,20,129,20.8,61.0,0.0,0.0,600.0,0.15
2026-05-09T21:00Z,21,129,19.6,69.0,0.0,0.0,1200.0,0.15
2026-05-09T22:00Z,22,129,18.8,80.0,0.0,0.0,1600.0,0.15
2026-05-09T23:00Z,23,129,18.4,86.0,0.0,0.0,1800.0,0.15
2026-05-10T00:00Z,0,130,18.1,85.0,0.0,0.0,1950.0,0.15
2026-05-10T01:00Z,1,130,17.8,88.0,0.0,0.0,2100.0,0.15
2026-05-10T02:00Z,2,130,17.9,87.0,0.0,0.0,2050.0,0.15
2026-05-10T03:00Z,3,130,18.1,83.0,0.0,0.0,1950.0,0.15
2026-05-10T04:00Z,4,130,17.7,84.0,0.0,0.0,2150.0,0.15
2026-05-10T05:00Z,5,130,17.5,84.0,18.0,32.4,2250.0,0.15
2026-05-10T06:00Z,6,130,18.9,79.0,139.0,250.2,1550.0,0.15
2026-05-10T07:00Z,7,130,20.0,70.0,325.0,585.0,1000.0,0.15
2026-05-10T08:00Z,8,130,21.5,62.0,517.0,930.6,250.0,0.15
2026-05-10T09:00Z,9,130,23.0,53.0,679.0,1222.2,500.0,0.15
2026-05-10T10:00Z,10,130,24.0,50.0,819.0,1474.2,1000.0,0.15
2026-05-10T11:00Z,11,130,24.9,47.0,904.0,1627.2,1450.0,0.15
2026-05-10T12:00Z,12,130,25.8,43.0,922.0,1659.6,1900.0,0.15
2026-05-10T13:00Z,13,130,26.4,41.0,876.0,1576.8,2200.0,0.15
2026-05-10T14:00Z,14,130,26.4,40.0,770.0,1386.0,2200.0,0.15
2026-05-10T15:00Z,15,130,25.8,41.0,623.0,1121.4,1900.0,0.15
2026-05-10T16:00Z,16,130,24.8,43.0,438.0,788.4,1400.0,0.15
2026-05-10T17:00Z,17,130,23.3,47.0,238.0,428.4,650.0,0.15
2026-05-10T18:00Z,18,130,21.7,54.0,72.0,129.6,150.0,0.15
2026-05-10T19:00Z,19,130,20.2,62.0,1.0,1.8,900.0,0.15
2026-05-10T20:00Z,20,130,19.3,68.0,0.0,0.0,1350.0,0.15
2026-05-10T21:00Z,21,130,18.5,72.0,0.0,0.0,1750.0,0.15
2026-05-10T22:00Z,22,130,18.0,75.0,0.0,0.0,2000.0,0.15
2026-05-10T23:00Z,23,130,17.2,80.0,0.0,0.0,2400.0,0.15
2026-05-11T00:00Z,0,131,16.5,88.0,0.0,0.0,2750.0,0.15
2026-05-11T01:00Z,1,131,15.5,92.0,0.0,0.0,3250.0,0.15
2026-05-11T02:00Z,2,131,15.1,92.0,0.0,0.0,3450.0,0.15
2026-05-11T03:00Z,3,131,14.8,95.0,0.0,0.0,3600.0,0.15
2026-05-11T04:00Z,4,131,15.0,91.0,0.0,0.0,3500.0,0.15
2026-05-11T05:00Z,5,131,15.9,87.0,17.0,30.6,3050.0,0.15
2026-05-11T06:00Z,6,131,18.4,78.0,127.0,228.6,1800.0,0.15
2026-05-11T07:00Z,7,131,21.2,67.0,298.0,536.4,400.0,0.15
2026-05-11T08:00Z,8,131,23.9,59.0,492.0,885.6,950.0,0.85
2026-05-11T09:00Z,9,131,26.8,50.0,666.0,1198.8,2400.0,0.85
2026-05-11T10:00Z,10,131,29.1,42.0,770.0,1386.0,3550.0,0.85
2026-05-11T11:00Z,11,131,31.0,36.0,886.0,1594.8,4500.0,0.85
2026-05-11T12:00Z,12,131,32.3,31.0,904.0,1627.2,5150.0,0.85
2026-05-11T13:00Z,13,131,33.5,29.0,870.0,1566.0,5750.0,0.85
2026-05-11T14:00Z,14,131,33.7,29.0,760.0,1368.0,5850.0,0.85
2026-05-11T15:00Z,15,131,32.2,33.0,561.0,1009.8,5100.0,0.85
2026-05-11T16:00Z,16,131,31.0,34.0,414.0,745.2,4500.0,0.85
2026-05-11T17:00Z,17,131,29.2,40.0,237.0,426.6,3600.0,0.85
2026-05-11T18:00Z,18,131,28.5,44.0,72.0,129.6,3250.0,0.15
2026-05-11T19:00Z,19,131,24.3,59.0,1.0,1.8,1150.0,0.15
2026-05-11T20:00Z,20,131,21.6,64.0,0.0,0.0,200.0,0.15
2026-05-11T21:00Z,21,131,20.4,69.0,0.0,0.0,800.0,0.15
2026-05-11T22:00Z,22,131,19.8,67.0,0.0,0.0,1100.0,0.15
2026-05-11T23:00Z,23,131,19.2,62.0,0.0,0.0,1400.0,0.15
2026-05-12T00:00Z,0,132,18.5,62.0,0.0,0.0,1750.0,0.15
2026-05-12T01:00Z,1,132,17.9,67.0,0.0,0.0,2050.0,0.15
2026-05-12T02:00Z,2,132,17.4,71.0,0.0,0.0,2300.0,0.15
2026-05-12T03:00Z,3,132,17.0,73.0,0.0,0.0,2500.0,0.15
2026-05-12T04:00Z,4,132,16.9,76.0,0.0,0.0,2550.0,0.15
2026-05-12T05:00Z,5,132,17.0,78.0,20.0,36.0,2500.0,0.15
2026-05-12T06:00Z,6,132,18.5,69.0,147.0,264.6,1750.0,0.15
2026-05-12T07:00Z,7,132,20.5,60.0,334.0,601.2,750.0,0.15
2026-05-12T08:00Z,8,132,22.3,51.0,486.0,874.8,150.0,0.85
2026-05-12T09:00Z,9,132,24.2,44.0,704.0,1267.2,1100.0,0.85
2026-05-12T10:00Z,10,132,26.0,38.0,825.0,1485.0,2000.0,0.85
2026-05-12T11:00Z,11,132,27.0,36.0,842.0,1515.6,2500.0,0.85
2026-05-12T12:00Z,12,132,28.2,34.0,869.0,1564.2,3100.0,0.85
2026-05-12T13:00Z,13,132,27.9,35.0,741.0,1333.8,2950.0,0.85
2026-05-12T14:00Z,14,132,27.7,36.0,661.0,1189.8,2850.0,0.85
2026-05-12T15:00Z,15,132,26.8,39.0,453.0,815.4,2400.0,0.85
2026-05-12T16:00Z,16,132,25.0,47.0,269.0,484.2,1500.0,0.85
2026-05-12T17:00Z,17,132,23.5,55.0,148.0,266.4,750.0,0.85
2026-05-12T18:00Z,18,132,22.6,57.0,59.0,106.2,300.0,0.15
2026-05-12T19:00Z,19,132,21.3,62.0,2.0,3.6,350.0,0.15
2026-05-12T20:00Z,20,132,21.0,64.0,0.0,0.0,500.0,0.15
2026-05-12T21:00Z,21,132,20.5,66.0,0.0,0.0,750.0,0.15
2026-05-12T22:00Z,22,132,20.2,66.0,0.0,0.0,900.0,0.15
2026-05-12T23:00Z,23,132,19.9,67.0,0.0,0.0,1050.0,0.15
2026-05-13T00:00Z,0,133,19.2,57.0,0.0,0.0,1400.0,0.15
2026-05-13T01:00Z,1,133,18.2,58.0,0.0,0.0,1900.0,0.15
2026-05-13T02:00Z,2,133,17.8,61.0,0.0,0.0,2100.0,0.15
2026-05-13T03:00Z,3,133,17.6,66.0,0.0,0.0,2200.0,0.15
2026-05-13T04:00Z,4,133,17.5,71.0,0.0,0.0,2250.0,0.15
2026-05-13T05:00Z,5,133,18.0,72.0,14.0,25.2,2000.0,0.15
2026-05-13T06:00Z,6,133,19.3,68.0,112.0,201.6,1350.0,0.15
2026-05-13T07:00Z,7,133,21.0,55.0,257.0,462.6,500.0,0.15
2026-05-13T08:00Z,8,133,22.5,48.0,485.0,873.0,250.0,0.85
2026-05-13T09:00Z,9,133,24.0,45.0,696.0,1252.8,1000.0,0.85
2026-05-13T10:00Z,10,133,25.8,37.0,852.0,1533.6,1900.0,0.85
2026-05-13T11:00Z,11,133,26.5,32.0,919.0,1654.2,2250.0,0.85
2026-05-13T12:00Z,12,133,26.6,33.0,910.0,1638.0,2300.0,0.85
2026-05-13T13:00Z,13,133,26.1,33.0,828.0,1490.4,2050.0,0.85
2026-05-13T14:00Z,14,133,25.6,33.0,752.0,1353.6,1800.0,0.85
2026-05-13T15:00Z,15,133,24.5,37.0,613.0,1103.4,1250.0,0.85
2026-05-13T16:00Z,16,133,22.8,47.0,434.0,781.2,400.0,0.85
2026-05-13T17:00Z,17,133,21.5,50.0,250.0,450.0,250.0,0.85
2026-05-13T18:00Z,18,133,20.4,53.0,80.0,144.0,800.0,0.15
2026-05-13T19:00Z,19,133,19.4,59.0,2.0,3.6,1300.0,0.15
2026-05-13T20:00Z,20,133,18.6,64.0,0.0,0.0,1700.0,0.15
2026-05-13T21:00Z,21,133,18.0,67.0,0.0,0.0,2000.0,0.15
2026-05-13T22:00Z,22,133,17.6,69.0,0.0,0.0,2200.0,0.15
2026-05-13T23:00Z,23,133,17.2,72.0,0.0,0.0,2400.0,0.15
2026-05-14T00:00Z,0,134,16.7,72.0,0.0,0.0,2650.0,0.15
2026-05-14T01:00Z,1,134,15.9,78.0,0.0,0.0,3050.0,0.15
2026-05-14T02:00Z,2,134,15.6,79.0,0.0,0.0,3200.0,0.15
2026-05-14T03:00Z,3,134,15.4,80.0,0.0,0.0,3300.0,0.15
2026-05-14T04:00Z,4,134,15.1,81.0,0.0,0.0,3450.0,0.15
2026-05-14T05:00Z,5,134,15.2,79.0,23.0,41.4,3400.0,0.15
2026-05-14T06:00Z,6,134,17.1,71.0,159.0,286.2,2450.0,0.15
2026-05-14T07:00Z,7,134,19.8,58.0,355.0,639.0,1100.0,0.15
2026-05-14T08:00Z,8,134,21.5,47.0,553.0,995.4,250.0,0.85
2026-05-14T09:00Z,9,134,23.0,41.0,725.0,1305.0,500.0,0.85
2026-05-14T10:00Z,10,134,24.4,37.0,841.0,1513.8,1200.0,0.85
2026-05-14T11:00Z,11,134,25.6,32.0,911.0,1639.8,1800.0,0.85
2026-05-14T12:00Z,12,134,26.9,28.0,923.0,1661.4,2450.0,0.85
2026-05-14T13:00Z,13,134,27.5,27.0,900.0,1620.0,2750.0,0.85
2026-05-14T14:00Z,14,134,27.5,27.0,758.0,1364.4,2750.0,0.85
2026-05-14T15:00Z,15,134,26.0,33.0,588.0,1058.4,2000.0,0.85
2026-05-14T16:00Z,16,134,23.0,49.0,336.0,604.8,500.0,0.85
2026-05-14T17:00Z,17,134,21.5,51.0,152.0,273.6,250.0,0.85
2026-05-14T18:00Z,18,134,21.6,47.0,38.0,68.4,200.0,0.15
2026-05-14T19:00Z,19,134,21.5,48.0,1.0,1.8,250.0,0.15
2026-05-14T20:00Z,20,134,20.9,64.0,0.0,0.0,550.0,0.15
2026-05-14T21:00Z,21,134,20.7,67.0,0.0,0.0,650.0,0.15
2026-05-14T22:00Z,22,134,20.4,68.0,0.0,0.0,800.0,0.15
2026-05-14T23:00Z,23,134,19.8,73.0,0.0,0.0,1100.0,0.15
2026-05-15T00:00Z,0,135,19.6,77.0,0.0,0.0,1200.0,0.15
2026-05-15T01:00Z,1,135,19.5,76.0,0.0,0.0,1250.0,0.15
2026-05-15T02:00Z,2,135,18.6,78.0,0.0,0.0,1700.0,0.15
2026-05-15T03:00Z,3,135,18.1,80.0,0.0,0.0,1950.0,0.15
2026-05-15T04:00Z,4,135,17.8,82.0,0.0,0.0,2100.0,0.15
2026-05-15T05:00Z,5,135,17.6,83.0,22.0,39.6,2200.0,0.15
2026-05-15T06:00Z,6,135,19.4,74.0,147.0,264.6,1300.0,0.15
2026-05-15T07:00Z,7,135,21.6,64.0,304.0,547.2,200.0,0.15
2026-05-15T08:00Z,8,135,23.9,50.0,430.0,774.0,950.0,0.85
2026-05-15T09:00Z,9,135,26.0,40.0,692.0,1245.6,2000.0,0.85
2026-05-15T10:00Z,10,135,27.0,35.0,829.0,1492.2,2500.0,0.85
2026-05-15T11:00Z,11,135,27.5,33.0,879.0,1582.2,2750.0,0.85
2026-05-15T12:00Z,12,135,28.4,27.0,790.0,1422.0,3200.0,0.85
2026-05-15T13:00Z,13,135,28.5,26.0,685.0,1233.0,3250.0,0.85
2026-05-15T14:00Z,14,135,28.5,24.0,691.0,1243.8,3250.0,0.85
2026-05-15T15:00Z,15,135,27.9,25.0,578.0,1040.4,2950.0,0.85
2026-05-15T16:00Z,16,135,26.2,29.0,195.0,351.0,2100.0,0.85
2026-05-15T17:00Z,17,135,24.0,38.0,107.0,192.6,1000.0,0.85
2026-05-15T18:00Z,18,135,21.7,57.0,41.0,73.8,150.0,0.15
2026-05-15T19:00Z,19,135,20.9,67.0,1.0,1.8,550.0,0.15
2026-05-15T20:00Z,20,135,21.1,55.0,0.0,0.0,450.0,0.15
2026-05-15T21:00Z,21,135,21.2,49.0,0.0,0.0,400.0,0.15
2026-05-15T22:00Z,22,135,20.9,51.0,0.0,0.0,550.0,0.15
2026-05-15T23:00Z,23,135,20.5,55.0,0.0,0.0,750.0,0.15
2026-05-16T00:00Z,0,136,19.5,67.0,0.0,0.0,1250.0,0.15
2026-05-16T01:00Z,1,136,19.0,70.0,0.0,0.0,1500.0,0.15
2026-05-16T02:00Z,2,136,18.9,72.0,0.0,0.0,1550.0,0.15
2026-05-16T03:00Z,3,136,18.8,72.0,0.0,0.0,1600.0,0.15
2026-05-16T04:00Z,4,136,18.1,75.0,0.0,0.0,1950.0,0.15
2026-05-16T05:00Z,5,136,17.1,76.0,19.0,34.2,2450.0,0.15
2026-05-16T06:00Z,6,136,17.4,71.0,148.0,266.4,2300.0,0.15
2026-05-16T07:00Z,7,136,18.0,64.0,318.0,572.4,2000.0,0.15
2026-05-16T08:00Z,8,136,19.2,55.0,512.0,921.6,1400.0,0.15
2026-05-16T09:00Z,9,136,20.3,46.0,727.0,1308.6,850.0,0.15
2026-05-16T10:00Z,10,136,21.5,40.0,814.0,1465.2,250.0,0.15
2026-05-16T11:00Z,11,136,22.0,37.0,817.0,1470.6,0.0,0.15
2026-05-16T12:00Z,12,136,22.7,37.0,832.0,1497.6,350.0,0.15
2026-05-16T13:00Z,13,136,22.5,33.0,905.0,1629.0,250.0,0.15
2026-05-16T14:00Z,14,136,22.1,32.0,813.0,1463.4,50.0,0.15
2026-05-16T15:00Z,15,136,21.5,35.0,660.0,1188.0,250.0,0.15
2026-05-16T16:00Z,16,136,20.5,39.0,470.0,846.0,750.0,0.15
2026-05-16T17:00Z,17,136,19.3,44.0,226.0,406.8,1350.0,0.15
2026-05-16T18:00Z,18,136,18.5,48.0,66.0,118.8,1750.0,0.15
2026-05-16T19:00Z,19,136,17.6,53.0,3.0,5.4,2200.0,0.15
2026-05-16T20:00Z,20,136,17.1,56.0,0.0,0.0,2450.0,0.15
2026-05-16T21:00Z,21,136,16.6,59.0,0.0,0.0,2700.0,0.15
2026-05-16T22:00Z,22,136,16.3,60.0,0.0,0.0,2850.0,0.15
2026-05-16T23:00Z,23,136,16.0,61.0,0.0,0.0,3000.0,0.15
2026-05-17T00:00Z,0,137,16.1,62.0,0.0,0.0,2950.0,0.15
2026-05-17T01:00Z,1,137,16.1,60.0,0.0,0.0,2950.0,0.15
2026-05-17T02:00Z,2,137,15.6,62.0,0.0,0.0,3200.0,0.15
2026-05-17T03:00Z,3,137,15.3,63.0,0.0,0.0,3350.0,0.15
2026-05-17T04:00Z,4,137,15.1,66.0,0.0,0.0,3450.0,0.15
2026-05-17T05:00Z,5,137,14.1,81.0,9.0,16.2,3950.0,0.15
2026-05-17T06:00Z,6,137,15.1,80.0,53.0,95.4,3450.0,0.15
2026-05-17T07:00Z,7,137,17.3,65.0,324.0,583.2,2350.0,0.15
2026-05-17T08:00Z,8,137,19.0,50.0,535.0,963.0,1500.0,0.15
2026-05-17T09:00Z,9,137,19.8,46.0,603.0,1085.4,1100.0,0.15
2026-05-17T10:00Z,10,137,20.2,45.0,676.0,1216.8,900.0,0.15
2026-05-17T11:00Z,11,137,20.5,45.0,477.0,858.6,750.0,0.15
2026-05-17T12:00Z,12,137,22.0,40.0,714.0,1285.2,0.0,0.15
2026-05-17T13:00Z,13,137,22.0,39.0,815.0,1467.0,0.0,0.15
2026-05-17T14:00Z,14,137,21.9,39.0,770.0,1386.0,50.0,0.15
2026-05-17T15:00Z,15,137,21.2,41.0,581.0,1045.8,400.0,0.15
2026-05-17T16:00Z,16,137,20.5,44.0,430.0,774.0,750.0,0.15
2026-05-17T17:00Z,17,137,19.4,50.0,260.0,468.0,1300.0,0.15
2026-05-17T18:00Z,18,137,18.4,53.0,88.0,158.4,1800.0,0.15
2026-05-17T19:00Z,19,137,17.4,62.0,3.0,5.4,2300.0,0.15
2026-05-17T20:00Z,20,137,16.5,69.0,0.0,0.0,2750.0,0.15
2026-05-17T21:00Z,21,137,15.8,74.0,0.0,0.0,3100.0,0.15
2026-05-17T22:00Z,22,137,15.2,77.0,0.0,0.0,3400.0,0.15
2026-05-17T23:00Z,23,137,14.8,79.0,0.0,0.0,3600.0,0.15
2026-05-18T00:00Z,0,138,14.4,81.0,0.0,0.0,3800.0,0.15
2026-05-18T01:00Z,1,138,13.9,81.0,0.0,0.0,4050.0,0.15
2026-05-18T02:00Z,2,138,13.7,81.0,0.0,0.0,4150.0,0.15
2026-05-18T03:00Z,3,138,13.4,83.0,0.0,0.0,4300.0,0.15
2026-05-18T04:00Z,4,138,13.1,85.0,0.0,0.0,4450.0,0.15
2026-05-18T05:00Z,5,138,13.5,83.0,27.0,48.6,4250.0,0.15
2026-05-18T06:00Z,6,138,15.6,78.0,168.0,302.4,3200.0,0.15
2026-05-18T07:00Z,7,138,17.7,68.0,362.0,651.6,2150.0,0.15
2026-05-18T08:00Z,8,138,19.2,57.0,560.0,1008.0,1400.0,0.85
2026-05-18T09:00Z,9,138,20.5,48.0,731.0,1315.8,750.0,0.85
2026-05-18T10:00Z,10,138,21.5,44.0,859.0,1546.2,250.0,0.85
2026-05-18T11:00Z,11,138,22.8,39.0,930.0,1674.0,400.0,0.85
2026-05-18T12:00Z,12,138,23.6,33.0,943.0,1697.4,800.0,0.85
2026-05-18T13:00Z,13,138,23.6,33.0,790.0,1422.0,800.0,0.85
2026-05-18T14:00Z,14,138,23.0,38.0,650.0,1170.0,500.0,0.85
2026-05-18T15:00Z,15,138,22.2,46.0,614.0,1105.2,100.0,0.85
2026-05-18T16:00Z,16,138,21.6,46.0,397.0,714.6,200.0,0.85
2026-05-18T17:00Z,17,138,20.7,47.0,245.0,441.0,650.0,0.85
2026-05-18T18:00Z,18,138,19.5,51.0,86.0,154.8,1250.0,0.15
2026-05-18T19:00Z,19,138,18.1,63.0,3.0,5.4,1950.0,0.15
2026-05-18T20:00Z,20,138,17.4,73.0,0.0,0.0,2300.0,0.15
2026-05-18T21:00Z,21,138,16.9,77.0,0.0,0.0,2550.0,0.15
2026-05-18T22:00Z,22,138,16.2,81.0,0.0,0.0,2900.0,0.15
2026-05-18T23:00Z,23,138,15.5,83.0,0.0,0.0,3250.0,0.15
2026-05-19T00:00Z,0,139,14.9,82.0,0.0,0.0,3550.0,0.15
2026-05-19T01:00Z,1,139,14.1,83.0,0.0,0.0,3950.0,0.15
2026-05-19T02:00Z,2,139,13.6,84.0,0.0,0.0,4200.0,0.15
2026-05-19T03:00Z,3,139,13.2,86.0,0.0,0.0,4400.0,0.15
2026-05-19T04:00Z,4,139,13.0,87.0,0.0,0.0,4500.0,0.15
2026-05-19T05:00Z,5,139,13.6,84.0,27.0,48.6,4200.0,0.15
2026-05-19T06:00Z,6,139,15.8,78.0,168.0,302.4,3100.0,0.15
2026-05-19T07:00Z,7,139,18.2,65.0,362.0,651.6,1900.0,0.15
2026-05-19T08:00Z,8,139,20.0,56.0,557.0,1002.6,1000.0,0.85
2026-05-19T09:00Z,9,139,21.6,47.0,726.0,1306.8,200.0,0.85
2026-05-19T10:00Z,10,139,22.9,44.0,854.0,1537.2,450.0,0.85
2026-05-19T11:00Z,11,139,23.9,38.0,901.0,1621.8,950.0,0.85
2026-05-19T12:00Z,12,139,25.0,35.0,897.0,1614.6,1500.0,0.85
2026-05-19T13:00Z,13,139,25.4,34.0,894.0,1609.2,1700.0,0.85
2026-05-19T14:00Z,14,139,25.4,33.0,796.0,1432.8,1700.0,0.85
2026-05-19T15:00Z,15,139,25.2,31.0,646.0,1162.8,1600.0,0.85
2026-05-19T16:00Z,16,139,24.8,31.0,461.0,829.8,1400.0,0.85
2026-05-19T17:00Z,17,139,23.6,35.0,262.0,471.6,800.0,0.85
2026-05-19T18:00Z,18,139,22.2,41.0,89.0,160.2,100.0,0.15
2026-05-19T19:00Z,19,139,20.5,55.0,3.0,5.4,750.0,0.15
2026-05-19T20:00Z,20,139,19.5,64.0,0.0,0.0,1250.0,0.15
2026-05-19T21:00Z,21,139,18.9,68.0,0.0,0.0,1550.0,0.15
2026-05-19T22:00Z,22,139,18.1,73.0,0.0,0.0,1950.0,0.15
2026-05-19T23:00Z,23,139,17.2,77.0,0.0,0.0,2400.0,0.15
2026-05-20T00:00Z,0,140,16.7,77.0,0.0,0.0,2650.0,0.15
2026-05-20T01:00Z,1,140,15.6,80.0,0.0,0.0,3200.0,0.15
2026-05-20T02:00Z,2,140,15.0,82.0,0.0,0.0,3500.0,0.15
2026-05-20T03:00Z,3,140,14.4,83.0,0.0,0.0,3800.0,0.15
2026-05-20T04:00Z,4,140,14.1,82.0,0.0,0.0,3950.0,0.15
2026-05-20T05:00Z,5,140,14.4,80.0,28.0,50.4,3800.0,0.15
2026-05-20T06:00Z,6,140,16.3,72.0,170.0,306.0,2850.0,0.15
2026-05-20T07:00Z,7,140,19.4,56.0,365.0,657.0,1300.0,0.15
2026-05-20T08:00Z,8,140,22.0,40.0,561.0,1009.8,0.0,0.85
2026-05-20T09:00Z,9,140,24.0,32.0,733.0,1319.4,1000.0,0.85
2026-05-20T10:00Z,10,140,25.7,29.0,863.0,1553.4,1850.0,0.85
2026-05-20T11:00Z,11,140,27.0,28.0,936.0,1684.8,2500.0,0.85
2026-05-20T12:00Z,12,140,27.5,33.0,949.0,1708.2,2750.0,0.85
2026-05-20T13:00Z,13,140,26.5,43.0,901.0,1621.8,2250.0,0.85
2026-05-20T14:00Z,14,140,25.6,47.0,790.0,1422.0,1800.0,0.85
2026-05-20T15:00Z,15,140,25.0,48.0,645.0,1161.0,1500.0,0.85
2026-05-20T16:00Z,16,140,24.1,51.0,462.0,831.6,1050.0,0.85
2026-05-20T17:00Z,17,140,23.1,52.0,265.0,477.0,550.0,0.85
2026-05-20T18:00Z,18,140,22.4,47.0,90.0,162.0,200.0,0.15
2026-05-20T19:00Z,19,140,21.3,50.0,4.0,7.2,350.0,0.15
2026-05-20T20:00Z,20,140,20.6,55.0,0.0,0.0,700.0,0.15
2026-05-20T21:00Z,21,140,19.9,62.0,0.0,0.0,1050.0,0.15
2026-05-20T22:00Z,22,140,19.2,65.0,0.0,0.0,1400.0,0.15
2026-05-20T23:00Z,23,140,18.6,69.0,0.0,0.0,1700.0,0.15
2026-05-21T00:00Z,0,141,18.1,69.0,0.0,0.0,1950.0,0.15
2026-05-21T01:00Z,1,141,17.2,72.0,0.0,0.0,2400.0,0.15
2026-05-21T02:00Z,2,141,16.7,74.0,0.0,0.0,2650.0,0.15
2026-05-21T03:00Z,3,141,16.1,76.0,0.0,0.0,2950.0,0.15
2026-05-21T04:00Z,4,141,15.8,80.0,0.0,0.0,3100.0,0.15
2026-05-21T05:00Z,5,141,16.2,82.0,29.0,52.2,2900.0,0.15
2026-05-21T06:00Z,6,141,18.2,75.0,169.0,304.2,1900.0,0.15
2026-05-21T07:00Z,7,141,20.5,67.0,361.0,649.8,750.0,0.15
2026-05-21T08:00Z,8,141,22.5,58.0,554.0,997.2,250.0,0.85
2026-05-21T09:00Z,9,141,24.3,50.0,719.0,1294.2,1150.0,0.85
2026-05-21T10:00Z,10,141,25.4,47.0,809.0,1456.2,1700.0,0.85
2026-05-21T11:00Z,11,141,25.9,46.0,868.0,1562.4,1950.0,0.85
2026-05-21T12:00Z,12,141,26.0,39.0,916.0,1648.8,2000.0,0.85
2026-05-21T13:00Z,13,141,25.9,36.0,888.0,1598.4,1950.0,0.85
2026-05-21T14:00Z,14,141,25.5,39.0,805.0,1449.0,1750.0,0.85
2026-05-21T15:00Z,15,141,25.0,42.0,654.0,1177.2,1500.0,0.85
2026-05-21T16:00Z,16,141,24.7,42.0,467.0,840.6,1350.0,0.85
2026-05-21T17:00Z,17,141,23.9,43.0,271.0,487.8,950.0,0.85
2026-05-21T18:00Z,18,141,22.6,46.0,94.0,169.2,300.0,0.15
2026-05-21T19:00Z,19,141,21.4,51.0,4.0,7.2,300.0,0.15
2026-05-21T20:00Z,20,141,20.3,60.0,0.0,0.0,850.0,0.15
2026-05-21T21:00Z,21,141,19.5,68.0,0.0,0.0,1250.0,0.15
2026-05-21T22:00Z,22,141,18.8,75.0,0.0,0.0,1600.0,0.15
2026-05-21T23:00Z,23,141,18.1,79.0,0.0,0.0,1950.0,0.15
2026-05-22T00:00Z,0,142,17.8,80.0,0.0,0.0,2100.0,0.15
2026-05-22T01:00Z,1,142,17.0,83.0,0.0,0.0,2500.0,0.15
2026-05-22T02:00Z,2,142,16.5,85.0,0.0,0.0,2750.0,0.15
2026-05-22T03:00Z,3,142,16.1,87.0,0.0,0.0,2950.0,0.15
2026-05-22T04:00Z,4,142,15.7,89.0,0.0,0.0,3150.0,0.15
2026-05-22T05:00Z,5,142,16.0,88.0,30.0,54.0,3000.0,0.15
2026-05-22T06:00Z,6,142,18.2,77.0,170.0,306.0,1900.0,0.15
2026-05-22T07:00Z,7,142,20.7,67.0,363.0,653.4,650.0,0.15
2026-05-22T08:00Z,8,142,23.0,55.0,557.0,1002.6,500.0,0.85
2026-05-22T09:00Z,9,142,25.1,45.0,727.0,1308.6,1550.0,0.85
2026-05-22T10:00Z,10,142,26.9,37.0,855.0,1539.0,2450.0,0.85
2026-05-22T11:00Z,11,142,27.9,33.0,896.0,1612.8,2950.0,0.85
2026-05-22T12:00Z,12,142,28.5,31.0,945.0,1701.0,3250.0,0.85
2026-05-22T13:00Z,13,142,28.2,32.0,901.0,1621.8,3100.0,0.85
2026-05-22T14:00Z,14,142,27.5,34.0,798.0,1436.4,2750.0,0.85
2026-05-22T15:00Z,15,142,26.9,35.0,652.0,1173.6,2450.0,0.85
2026-05-22T16:00Z,16,142,26.4,33.0,469.0,844.2,2200.0,0.85
2026-05-22T17:00Z,17,142,25.0,37.0,274.0,493.2,1500.0,0.85
2026-05-22T18:00Z,18,142,22.8,53.0,96.0,172.8,400.0,0.15
2026-05-22T19:00Z,19,142,21.0,65.0,5.0,9.0,500.0,0.15
2026-05-22T20:00Z,20,142,20.1,73.0,0.0,0.0,950.0,0.15
2026-05-22T21:00Z,21,142,19.5,78.0,0.0,0.0,1250.0,0.15
2026-05-22T22:00Z,22,142,19.0,82.0,0.0,0.0,1500.0,0.15
2026-05-22T23:00Z,23,142,18.4,85.0,0.0,0.0,1800.0,0.15
2026-05-23T00:00Z,0,143,17.9,84.0,0.0,0.0,2050.0,0.15
2026-05-23T01:00Z,1,143,17.0,90.0,0.0,0.0,2500.0,0.15
2026-05-23T02:00Z,2,143,16.3,93.0,0.0,0.0,2850.0,0.15
2026-05-23T03:00Z,3,143,15.9,94.0,0.0,0.0,3050.0,0.15
2026-05-23T04:00Z,4,143,15.4,93.0,0.0,0.0,3300.0,0.15
2026-05-23T05:00Z,5,143,15.8,90.0,31.0,55.8,3100.0,0.15
2026-05-23T06:00Z,6,143,17.8,76.0,177.0,318.6,2100.0,0.15
2026-05-23T07:00Z,7,143,20.8,61.0,372.0,669.6,600.0,0.15
2026-05-23T08:00Z,8,143,23.3,44.0,569.0,1024.2,650.0,0.15
2026-05-23T09:00Z,9,143,25.2,33.0,742.0,1335.6,1600.0,0.15
2026-05-23T10:00Z,10,143,26.6,28.0,871.0,1567.8,2300.0,0.15
2026-05-23T11:00Z,11,143,27.4,28.0,945.0,1701.0,2700.0,0.15
2026-05-23T12:00Z,12,143,28.1,26.0,959.0,1726.2,3050.0,0.15
2026-05-23T13:00Z,13,143,27.7,28.0,915.0,1647.0,2850.0,0.15
2026-05-23T14:00Z,14,143,27.2,28.0,812.0,1461.6,2600.0,0.15
2026-05-23T15:00Z,15,143,26.5,30.0,662.0,1191.6,2250.0,0.15
2026-05-23T16:00Z,16,143,25.9,33.0,477.0,858.6,1950.0,0.15
2026-05-23T17:00Z,17,143,25.0,37.0,278.0,500.4,1500.0,0.15
2026-05-23T18:00Z,18,143,23.9,41.0,97.0,174.6,950.0,0.15
2026-05-23T19:00Z,19,143,22.6,48.0,5.0,9.0,300.0,0.15
2026-05-23T20:00Z,20,143,21.8,53.0,0.0,0.0,100.0,0.15
2026-05-23T21:00Z,21,143,21.1,60.0,0.0,0.0,450.0,0.15
2026-05-23T22:00Z,22,143,20.6,63.0,0.0,0.0,700.0,0.15
2026-05-23T23:00Z,23,143,20.0,67.0,0.0,0.0,1000.0,0.15
2026-05-24T00:00Z,0,144,18.9,72.0,0.0,0.0,1550.0,0.15
2026-05-24T01:00Z,1,144,17.9,75.0,0.0,0.0,2050.0,0.15
2026-05-24T02:00Z,2,144,17.0,80.0,0.0,0.0,2500.0,0.15
2026-05-24T03:00Z,3,144,16.4,82.0,0.0,0.0,2800.0,0.15
2026-05-24T04:00Z,4,144,15.8,83.0,0.0,0.0,3100.0,0.15
2026-05-24T05:00Z,5,144,16.4,77.0,31.0,55.8,2800.0,0.15
2026-05-24T06:00Z,6,144,18.8,73.0,174.0,313.2,1600.0,0.15
2026-05-24T07:00Z,7,144,21.0,70.0,363.0,653.4,500.0,0.15
2026-05-24T08:00Z,8,144,23.1,54.0,556.0,1000.8,550.0,0.15
2026-05-24T09:00Z,9,144,25.1,42.0,728.0,1310.4,1550.0,0.15
2026-05-24T10:00Z,10,144,26.3,35.0,857.0,1542.6,2150.0,0.15
2026-05-24T11:00Z,11,144,26.6,33.0,933.0,1679.4,2300.0,0.15
2026-05-24T12:00Z,12,144,27.1,32.0,953.0,1715.4,2550.0,0.15
2026-05-24T13:00Z,13,144,26.9,33.0,898.0,1616.4,2450.0,0.15
2026-05-24T14:00Z,14,144,26.5,33.0,791.0,1423.8,2250.0,0.15
2026-05-24T15:00Z,15,144,26.0,34.0,645.0,1161.0,2000.0,0.15
2026-05-24T16:00Z,16,144,25.2,38.0,465.0,837.0,1600.0,0.15
2026-05-24T17:00Z,17,144,24.1,44.0,272.0,489.6,1050.0,0.15
2026-05-24T18:00Z,18,144,22.9,53.0,98.0,176.4,450.0,0.15
2026-05-24T19:00Z,19,144,21.8,63.0,5.0,9.0,100.0,0.15
2026-05-24T20:00Z,20,144,21.1,71.0,0.0,0.0,450.0,0.15
2026-05-24T21:00Z,21,144,20.6,77.0,0.0,0.0,700.0,0.15
2026-05-24T22:00Z,22,144,20.1,81.0,0.0,0.0,950.0,0.15
2026-05-24T23:00Z,23,144,19.5,84.0,0.0,0.0,1250.0,0.15
